mode: set
github.com/ArubikU/polyloft-bvm/cmd/polyloft-bvm/main.go:24.13,25.12 1 0
github.com/ArubikU/polyloft-bvm/cmd/polyloft-bvm/main.go:25.12,28.3 2 0
github.com/ArubikU/polyloft-bvm/cmd/polyloft-bvm/main.go:29.2,29.17 1 0
github.com/ArubikU/polyloft-bvm/cmd/polyloft-bvm/main.go:32.17,33.48 1 0
github.com/ArubikU/polyloft-bvm/cmd/polyloft-bvm/main.go:33.48,36.3 2 0
github.com/ArubikU/polyloft-bvm/cmd/polyloft-bvm/main.go:37.2,37.50 1 0
github.com/ArubikU/polyloft-bvm/cmd/polyloft-bvm/main.go:37.50,40.3 2 0
github.com/ArubikU/polyloft-bvm/cmd/polyloft-bvm/main.go:41.2,41.48 1 0
github.com/ArubikU/polyloft-bvm/cmd/polyloft-bvm/main.go:41.48,44.3 2 0
github.com/ArubikU/polyloft-bvm/cmd/polyloft-bvm/main.go:45.2,45.22 1 0
github.com/ArubikU/polyloft-bvm/cmd/polyloft-bvm/main.go:45.22,48.3 2 0
github.com/ArubikU/polyloft-bvm/cmd/polyloft-bvm/main.go:50.2,51.22 2 0
github.com/ArubikU/polyloft-bvm/cmd/polyloft-bvm/main.go:51.22,53.17 2 0
github.com/ArubikU/polyloft-bvm/cmd/polyloft-bvm/main.go:53.17,56.4 2 0
github.com/ArubikU/polyloft-bvm/cmd/polyloft-bvm/main.go:57.3,58.9 2 0
github.com/ArubikU/polyloft-bvm/cmd/polyloft-bvm/main.go:60.2,63.92 3 0
github.com/ArubikU/polyloft-bvm/cmd/polyloft-bvm/main.go:63.92,64.23 1 0
github.com/ArubikU/polyloft-bvm/cmd/polyloft-bvm/main.go:64.23,67.4 2 0
github.com/ArubikU/polyloft-bvm/cmd/polyloft-bvm/main.go:68.3,69.20 2 0
github.com/ArubikU/polyloft-bvm/cmd/polyloft-bvm/main.go:70.8,72.3 1 0
github.com/ArubikU/polyloft-bvm/cmd/polyloft-bvm/main.go:74.2,74.17 1 0
github.com/ArubikU/polyloft-bvm/cmd/polyloft-bvm/main.go:75.15,76.31 1 0
github.com/ArubikU/polyloft-bvm/cmd/polyloft-bvm/main.go:77.14,78.35 1 0
github.com/ArubikU/polyloft-bvm/cmd/polyloft-bvm/main.go:79.17,80.38 1 0
github.com/ArubikU/polyloft-bvm/cmd/polyloft-bvm/main.go:81.10,83.13 2 0
github.com/ArubikU/polyloft-bvm/cmd/polyloft-bvm/main.go:87.52,88.38 1 0
github.com/ArubikU/polyloft-bvm/cmd/polyloft-bvm/main.go:88.38,90.17 2 0
github.com/ArubikU/polyloft-bvm/cmd/polyloft-bvm/main.go:90.17,92.4 1 0
github.com/ArubikU/polyloft-bvm/cmd/polyloft-bvm/main.go:93.3,98.13 6 0
github.com/ArubikU/polyloft-bvm/cmd/polyloft-bvm/main.go:100.2,100.37 1 0
github.com/ArubikU/polyloft-bvm/cmd/polyloft-bvm/main.go:100.37,102.17 2 0
github.com/ArubikU/polyloft-bvm/cmd/polyloft-bvm/main.go:102.17,104.4 1 0
github.com/ArubikU/polyloft-bvm/cmd/polyloft-bvm/main.go:105.3,108.13 4 0
github.com/ArubikU/polyloft-bvm/cmd/polyloft-bvm/main.go:110.2,111.16 2 0
github.com/ArubikU/polyloft-bvm/cmd/polyloft-bvm/main.go:111.16,113.3 1 0
github.com/ArubikU/polyloft-bvm/cmd/polyloft-bvm/main.go:114.2,117.12 4 0
github.com/ArubikU/polyloft-bvm/cmd/polyloft-bvm/main.go:120.78,121.20 1 0
github.com/ArubikU/polyloft-bvm/cmd/polyloft-bvm/main.go:121.20,123.3 1 0
github.com/ArubikU/polyloft-bvm/cmd/polyloft-bvm/main.go:124.2,124.43 1 0
github.com/ArubikU/polyloft-bvm/cmd/polyloft-bvm/main.go:124.43,126.3 1 0
github.com/ArubikU/polyloft-bvm/cmd/polyloft-bvm/main.go:127.2,127.30 1 0
github.com/ArubikU/polyloft-bvm/cmd/polyloft-bvm/main.go:127.30,129.3 1 0
github.com/ArubikU/polyloft-bvm/cmd/polyloft-bvm/main.go:130.2,130.17 1 0
github.com/ArubikU/polyloft-bvm/cmd/polyloft-bvm/main.go:130.17,132.3 1 0
github.com/ArubikU/polyloft-bvm/cmd/polyloft-bvm/main.go:135.78,137.2 1 1
github.com/ArubikU/polyloft-bvm/cmd/polyloft-bvm/main.go:139.62,142.33 3 1
github.com/ArubikU/polyloft-bvm/cmd/polyloft-bvm/main.go:142.33,143.18 1 1
github.com/ArubikU/polyloft-bvm/cmd/polyloft-bvm/main.go:144.16,146.32 2 1
github.com/ArubikU/polyloft-bvm/cmd/polyloft-bvm/main.go:146.32,148.5 1 1
github.com/ArubikU/polyloft-bvm/cmd/polyloft-bvm/main.go:149.26,151.22 2 1
github.com/ArubikU/polyloft-bvm/cmd/polyloft-bvm/main.go:151.22,153.5 1 0
github.com/ArubikU/polyloft-bvm/cmd/polyloft-bvm/main.go:154.4,155.35 2 1
github.com/ArubikU/polyloft-bvm/cmd/polyloft-bvm/main.go:155.35,157.5 1 1
github.com/ArubikU/polyloft-bvm/cmd/polyloft-bvm/main.go:158.4,158.34 1 1
github.com/ArubikU/polyloft-bvm/cmd/polyloft-bvm/main.go:159.20,160.22 1 1
github.com/ArubikU/polyloft-bvm/cmd/polyloft-bvm/main.go:161.11,162.46 1 1
github.com/ArubikU/polyloft-bvm/cmd/polyloft-bvm/main.go:165.2,165.27 1 1
github.com/ArubikU/polyloft-bvm/cmd/polyloft-bvm/main.go:165.27,167.3 1 0
github.com/ArubikU/polyloft-bvm/cmd/polyloft-bvm/main.go:168.2,168.34 1 1
github.com/ArubikU/polyloft-bvm/cmd/polyloft-bvm/main.go:171.41,173.2 1 0
github.com/ArubikU/polyloft-bvm/cmd/polyloft-bvm/main.go:175.41,177.16 2 0
github.com/ArubikU/polyloft-bvm/cmd/polyloft-bvm/main.go:177.16,179.3 1 0
github.com/ArubikU/polyloft-bvm/cmd/polyloft-bvm/main.go:180.2,180.15 1 0
github.com/ArubikU/polyloft-bvm/cmd/polyloft-bvm/main.go:180.15,182.3 1 0
github.com/ArubikU/polyloft-bvm/cmd/polyloft-bvm/main.go:183.2,184.16 2 0
github.com/ArubikU/polyloft-bvm/cmd/polyloft-bvm/main.go:184.16,186.3 1 0
github.com/ArubikU/polyloft-bvm/cmd/polyloft-bvm/main.go:187.2,189.12 3 0
github.com/ArubikU/polyloft-bvm/cmd/polyloft-bvm/main.go:192.39,193.20 1 0
github.com/ArubikU/polyloft-bvm/cmd/polyloft-bvm/main.go:193.20,195.3 1 0
github.com/ArubikU/polyloft-bvm/cmd/polyloft-bvm/main.go:196.2,196.33 1 0
github.com/ArubikU/polyloft-bvm/cmd/polyloft-bvm/main.go:199.67,204.33 5 0
github.com/ArubikU/polyloft-bvm/cmd/polyloft-bvm/main.go:204.33,205.18 1 0
github.com/ArubikU/polyloft-bvm/cmd/polyloft-bvm/main.go:206.18,207.20 1 0
github.com/ArubikU/polyloft-bvm/cmd/polyloft-bvm/main.go:208.18,209.24 1 0
github.com/ArubikU/polyloft-bvm/cmd/polyloft-bvm/main.go:210.17,212.22 2 0
github.com/ArubikU/polyloft-bvm/cmd/polyloft-bvm/main.go:212.22,214.5 1 0
github.com/ArubikU/polyloft-bvm/cmd/polyloft-bvm/main.go:215.4,215.25 1 0
github.com/ArubikU/polyloft-bvm/cmd/polyloft-bvm/main.go:216.11,217.46 1 0
github.com/ArubikU/polyloft-bvm/cmd/polyloft-bvm/main.go:220.2,221.19 2 0
github.com/ArubikU/polyloft-bvm/cmd/polyloft-bvm/main.go:221.19,223.17 2 0
github.com/ArubikU/polyloft-bvm/cmd/polyloft-bvm/main.go:223.17,225.4 1 0
github.com/ArubikU/polyloft-bvm/cmd/polyloft-bvm/main.go:226.3,226.24 1 0
github.com/ArubikU/polyloft-bvm/cmd/polyloft-bvm/main.go:227.8,228.28 1 0
github.com/ArubikU/polyloft-bvm/cmd/polyloft-bvm/main.go:228.28,230.4 1 0
github.com/ArubikU/polyloft-bvm/cmd/polyloft-bvm/main.go:231.3,231.26 1 0
github.com/ArubikU/polyloft-bvm/cmd/polyloft-bvm/main.go:233.2,233.37 1 0
github.com/ArubikU/polyloft-bvm/cmd/polyloft-bvm/main.go:233.37,235.3 1 0
github.com/ArubikU/polyloft-bvm/cmd/polyloft-bvm/main.go:236.2,236.44 1 0
github.com/ArubikU/polyloft-bvm/cmd/polyloft-bvm/main.go:239.52,241.38 2 0
github.com/ArubikU/polyloft-bvm/cmd/polyloft-bvm/main.go:241.38,243.17 2 0
github.com/ArubikU/polyloft-bvm/cmd/polyloft-bvm/main.go:243.17,245.4 1 0
github.com/ArubikU/polyloft-bvm/cmd/polyloft-bvm/main.go:246.3,246.46 1 0
github.com/ArubikU/polyloft-bvm/cmd/polyloft-bvm/main.go:247.8,247.44 1 0
github.com/ArubikU/polyloft-bvm/cmd/polyloft-bvm/main.go:247.44,249.17 2 0
github.com/ArubikU/polyloft-bvm/cmd/polyloft-bvm/main.go:249.17,251.4 1 0
github.com/ArubikU/polyloft-bvm/cmd/polyloft-bvm/main.go:252.3,252.46 1 0
github.com/ArubikU/polyloft-bvm/cmd/polyloft-bvm/main.go:253.8,255.17 2 0
github.com/ArubikU/polyloft-bvm/cmd/polyloft-bvm/main.go:255.17,257.4 1 0
github.com/ArubikU/polyloft-bvm/cmd/polyloft-bvm/main.go:258.3,258.46 1 0
github.com/ArubikU/polyloft-bvm/cmd/polyloft-bvm/main.go:260.2,260.19 1 0
github.com/ArubikU/polyloft-bvm/cmd/polyloft-bvm/main.go:260.19,263.3 2 0
github.com/ArubikU/polyloft-bvm/cmd/polyloft-bvm/main.go:264.2,264.58 1 0
github.com/ArubikU/polyloft-bvm/cmd/polyloft-bvm/main.go:267.55,269.16 2 0
github.com/ArubikU/polyloft-bvm/cmd/polyloft-bvm/main.go:269.16,271.3 1 0
github.com/ArubikU/polyloft-bvm/cmd/polyloft-bvm/main.go:272.2,273.16 2 0
github.com/ArubikU/polyloft-bvm/cmd/polyloft-bvm/main.go:273.16,275.3 1 0
github.com/ArubikU/polyloft-bvm/cmd/polyloft-bvm/main.go:276.2,277.26 2 0
github.com/ArubikU/polyloft-bvm/cmd/polyloft-bvm/main.go:277.26,279.3 1 0
github.com/ArubikU/polyloft-bvm/cmd/polyloft-bvm/main.go:280.2,280.56 1 0
github.com/ArubikU/polyloft-bvm/cmd/polyloft-bvm/main.go:283.72,284.19 1 0
github.com/ArubikU/polyloft-bvm/cmd/polyloft-bvm/main.go:284.19,286.3 1 0
github.com/ArubikU/polyloft-bvm/cmd/polyloft-bvm/main.go:287.2,288.16 2 0
github.com/ArubikU/polyloft-bvm/cmd/polyloft-bvm/main.go:288.16,290.3 1 0
github.com/ArubikU/polyloft-bvm/cmd/polyloft-bvm/main.go:291.2,291.26 1 0
github.com/ArubikU/polyloft-bvm/cmd/polyloft-bvm/main.go:291.26,292.65 1 0
github.com/ArubikU/polyloft-bvm/cmd/polyloft-bvm/main.go:292.65,294.4 1 0
github.com/ArubikU/polyloft-bvm/cmd/polyloft-bvm/main.go:295.3,295.31 1 0
github.com/ArubikU/polyloft-bvm/cmd/polyloft-bvm/main.go:297.2,297.39 1 0
github.com/ArubikU/polyloft-bvm/cmd/polyloft-bvm/main.go:297.39,299.3 1 0
github.com/ArubikU/polyloft-bvm/cmd/polyloft-bvm/main.go:300.2,300.31 1 0
github.com/ArubikU/polyloft-bvm/cmd/polyloft-bvm/main.go:303.39,305.16 2 0
github.com/ArubikU/polyloft-bvm/cmd/polyloft-bvm/main.go:305.16,307.3 1 0
github.com/ArubikU/polyloft-bvm/cmd/polyloft-bvm/main.go:308.2,308.18 1 0
github.com/ArubikU/polyloft-bvm/cmd/polyloft-bvm/main.go:308.18,311.3 2 0
github.com/ArubikU/polyloft-bvm/cmd/polyloft-bvm/main.go:312.2,312.64 1 0
github.com/ArubikU/polyloft-bvm/cmd/polyloft-bvm/main.go:315.14,335.2 19 0
github.com/ArubikU/polyloft-bvm/cmd/polyloft-bvm/main.go:337.39,338.20 1 0
github.com/ArubikU/polyloft-bvm/cmd/polyloft-bvm/main.go:338.20,340.3 1 0
github.com/ArubikU/polyloft-bvm/cmd/polyloft-bvm/main.go:341.2,343.39 3 0
github.com/ArubikU/polyloft-bvm/cmd/polyloft-bvm/main.go:343.39,345.3 1 0
github.com/ArubikU/polyloft-bvm/cmd/polyloft-bvm/main.go:345.8,345.27 1 0
github.com/ArubikU/polyloft-bvm/cmd/polyloft-bvm/main.go:345.27,347.3 1 0
github.com/ArubikU/polyloft-bvm/cmd/polyloft-bvm/main.go:348.2,349.16 2 0
github.com/ArubikU/polyloft-bvm/cmd/polyloft-bvm/main.go:349.16,351.3 1 0
github.com/ArubikU/polyloft-bvm/cmd/polyloft-bvm/main.go:352.2,353.16 2 0
github.com/ArubikU/polyloft-bvm/cmd/polyloft-bvm/main.go:354.20,355.53 1 0
github.com/ArubikU/polyloft-bvm/cmd/polyloft-bvm/main.go:356.17,357.51 1 0
github.com/ArubikU/polyloft-bvm/cmd/polyloft-bvm/main.go:358.16,359.50 1 0
github.com/ArubikU/polyloft-bvm/cmd/polyloft-bvm/main.go:360.10,361.55 1 0
github.com/ArubikU/polyloft-bvm/cmd/polyloft-bvm/main.go:365.64,366.16 1 0
github.com/ArubikU/polyloft-bvm/cmd/polyloft-bvm/main.go:366.16,367.28 1 0
github.com/ArubikU/polyloft-bvm/cmd/polyloft-bvm/main.go:367.29,367.30 0 0
github.com/ArubikU/polyloft-bvm/cmd/polyloft-bvm/main.go:369.2,370.16 2 0
github.com/ArubikU/polyloft-bvm/cmd/polyloft-bvm/main.go:370.16,371.22 1 0
github.com/ArubikU/polyloft-bvm/cmd/polyloft-bvm/main.go:371.23,371.24 0 0
github.com/ArubikU/polyloft-bvm/cmd/polyloft-bvm/main.go:373.2,373.19 1 0
github.com/ArubikU/polyloft-bvm/cmd/polyloft-bvm/main.go:373.19,373.36 1 0
github.com/ArubikU/polyloft-bvm/cmd/polyloft-bvm/main.go:376.23,377.16 1 0
github.com/ArubikU/polyloft-bvm/cmd/polyloft-bvm/main.go:377.16,379.3 1 0
github.com/ArubikU/polyloft-bvm/cmd/polyloft-bvm/main.go:380.2,381.12 2 0
github.com/ArubikU/polyloft-bvm/benchmarks/runner.go:24.75,29.34 4 0
github.com/ArubikU/polyloft-bvm/benchmarks/runner.go:29.34,31.21 2 0
github.com/ArubikU/polyloft-bvm/benchmarks/runner.go:31.21,32.24 1 0
github.com/ArubikU/polyloft-bvm/benchmarks/runner.go:32.24,34.19 2 0
github.com/ArubikU/polyloft-bvm/benchmarks/runner.go:34.19,36.6 1 0
github.com/ArubikU/polyloft-bvm/benchmarks/runner.go:37.5,37.8 1 0
github.com/ArubikU/polyloft-bvm/benchmarks/runner.go:39.9,41.4 1 0
github.com/ArubikU/polyloft-bvm/benchmarks/runner.go:43.2,43.54 1 0
github.com/ArubikU/polyloft-bvm/benchmarks/runner.go:46.49,47.19 1 0
github.com/ArubikU/polyloft-bvm/benchmarks/runner.go:47.19,49.3 1 0
github.com/ArubikU/polyloft-bvm/benchmarks/runner.go:50.2,52.39 3 0
github.com/ArubikU/polyloft-bvm/benchmarks/runner.go:52.39,54.3 1 0
github.com/ArubikU/polyloft-bvm/benchmarks/runner.go:55.2,55.27 1 0
github.com/ArubikU/polyloft-bvm/benchmarks/runner.go:55.27,58.13 3 0
github.com/ArubikU/polyloft-bvm/benchmarks/runner.go:58.13,59.12 1 0
github.com/ArubikU/polyloft-bvm/benchmarks/runner.go:61.3,63.33 3 0
github.com/ArubikU/polyloft-bvm/benchmarks/runner.go:63.33,65.4 1 0
github.com/ArubikU/polyloft-bvm/benchmarks/runner.go:66.3,68.25 3 0
github.com/ArubikU/polyloft-bvm/benchmarks/runner.go:68.25,70.4 1 0
github.com/ArubikU/polyloft-bvm/benchmarks/runner.go:72.2,72.13 1 0
github.com/ArubikU/polyloft-bvm/benchmarks/runner.go:75.13,78.34 3 0
github.com/ArubikU/polyloft-bvm/benchmarks/runner.go:78.34,81.3 2 0
github.com/ArubikU/polyloft-bvm/benchmarks/runner.go:83.2,84.16 2 0
github.com/ArubikU/polyloft-bvm/benchmarks/runner.go:84.16,87.3 2 0
github.com/ArubikU/polyloft-bvm/benchmarks/runner.go:88.2,88.25 1 0
github.com/ArubikU/polyloft-bvm/benchmarks/runner.go:88.25,91.3 2 0
github.com/ArubikU/polyloft-bvm/benchmarks/runner.go:93.2,103.35 8 0
github.com/ArubikU/polyloft-bvm/benchmarks/runner.go:103.35,116.62 11 0
github.com/ArubikU/polyloft-bvm/benchmarks/runner.go:116.62,118.4 1 0
github.com/ArubikU/polyloft-bvm/benchmarks/runner.go:119.3,130.19 10 0
github.com/ArubikU/polyloft-bvm/benchmarks/runner.go:130.19,132.4 1 0
github.com/ArubikU/polyloft-bvm/benchmarks/runner.go:133.3,133.19 1 0
github.com/ArubikU/polyloft-bvm/benchmarks/runner.go:133.19,135.4 1 0
github.com/ArubikU/polyloft-bvm/benchmarks/runner.go:137.3,137.76 1 0
github.com/ArubikU/polyloft-bvm/benchmarks/runner.go:137.76,142.4 4 0
github.com/ArubikU/polyloft-bvm/benchmarks/runner.go:142.9,146.4 3 0
github.com/ArubikU/polyloft-bvm/benchmarks/runner.go:148.3,149.17 2 0
github.com/ArubikU/polyloft-bvm/benchmarks/runner.go:149.17,151.4 1 0
github.com/ArubikU/polyloft-bvm/benchmarks/runner.go:153.3,159.5 1 0
github.com/ArubikU/polyloft-bvm/benchmarks/runner.go:162.2,164.16 3 0
github.com/ArubikU/polyloft-bvm/benchmarks/runner.go:164.16,166.3 1 0
github.com/ArubikU/polyloft-bvm/benchmarks/runner.go:166.8,168.3 1 0
github.com/ArubikU/polyloft-bvm/benchmarks/runner.go:171.100,173.17 2 0
github.com/ArubikU/polyloft-bvm/benchmarks/runner.go:173.17,175.3 1 0
github.com/ArubikU/polyloft-bvm/benchmarks/runner.go:177.2,188.28 10 0
github.com/ArubikU/polyloft-bvm/benchmarks/runner.go:188.28,190.15 2 0
github.com/ArubikU/polyloft-bvm/benchmarks/runner.go:190.15,192.4 1 0
github.com/ArubikU/polyloft-bvm/benchmarks/runner.go:193.3,194.61 1 0
github.com/ArubikU/polyloft-bvm/benchmarks/runner.go:197.2,197.15 1 0
github.com/ArubikU/polyloft-bvm/internal/bytecode/chunk.go:53.24,55.2 1 0
github.com/ArubikU/polyloft-bvm/internal/bytecode/chunk.go:60.56,63.38 2 0
github.com/ArubikU/polyloft-bvm/internal/bytecode/chunk.go:63.38,65.3 1 0
github.com/ArubikU/polyloft-bvm/internal/bytecode/chunk.go:66.2,67.55 2 0
github.com/ArubikU/polyloft-bvm/internal/bytecode/chunk.go:67.55,69.3 1 0
github.com/ArubikU/polyloft-bvm/internal/bytecode/chunk.go:70.2,71.16 2 0
github.com/ArubikU/polyloft-bvm/internal/bytecode/chunk.go:71.16,73.3 1 0
github.com/ArubikU/polyloft-bvm/internal/bytecode/chunk.go:74.2,74.20 1 0
github.com/ArubikU/polyloft-bvm/internal/bytecode/chunk.go:74.20,76.3 1 0
github.com/ArubikU/polyloft-bvm/internal/bytecode/chunk.go:77.2,77.22 1 0
github.com/ArubikU/polyloft-bvm/internal/bytecode/chunk.go:83.31,84.14 1 0
github.com/ArubikU/polyloft-bvm/internal/bytecode/chunk.go:84.14,86.3 1 0
github.com/ArubikU/polyloft-bvm/internal/bytecode/chunk.go:88.2,89.32 2 0
github.com/ArubikU/polyloft-bvm/internal/bytecode/chunk.go:89.32,91.39 2 0
github.com/ArubikU/polyloft-bvm/internal/bytecode/chunk.go:91.39,93.98 1 0
github.com/ArubikU/polyloft-bvm/internal/bytecode/chunk.go:93.98,94.38 1 0
github.com/ArubikU/polyloft-bvm/internal/bytecode/chunk.go:94.38,96.6 1 0
github.com/ArubikU/polyloft-bvm/internal/bytecode/chunk.go:97.5,97.13 1 0
github.com/ArubikU/polyloft-bvm/internal/bytecode/chunk.go:100.4,100.95 1 0
github.com/ArubikU/polyloft-bvm/internal/bytecode/chunk.go:100.95,101.41 1 0
github.com/ArubikU/polyloft-bvm/internal/bytecode/chunk.go:101.41,104.6 2 0
github.com/ArubikU/polyloft-bvm/internal/bytecode/chunk.go:105.5,105.13 1 0
github.com/ArubikU/polyloft-bvm/internal/bytecode/chunk.go:108.4,108.63 1 0
github.com/ArubikU/polyloft-bvm/internal/bytecode/chunk.go:108.63,113.5 4 0
github.com/ArubikU/polyloft-bvm/internal/bytecode/chunk.go:117.2,118.18 2 0
github.com/ArubikU/polyloft-bvm/internal/bytecode/chunk.go:119.36,120.32 1 0
github.com/ArubikU/polyloft-bvm/internal/bytecode/chunk.go:120.32,124.4 3 0
github.com/ArubikU/polyloft-bvm/internal/bytecode/chunk.go:125.3,125.23 1 0
github.com/ArubikU/polyloft-bvm/internal/bytecode/chunk.go:126.19,127.46 1 0
github.com/ArubikU/polyloft-bvm/internal/bytecode/chunk.go:127.46,128.36 1 0
github.com/ArubikU/polyloft-bvm/internal/bytecode/chunk.go:128.36,131.5 2 0
github.com/ArubikU/polyloft-bvm/internal/bytecode/chunk.go:133.3,133.23 1 0
github.com/ArubikU/polyloft-bvm/internal/bytecode/chunk.go:134.10,135.11 1 0
github.com/ArubikU/polyloft-bvm/internal/bytecode/chunk.go:140.51,143.54 3 0
github.com/ArubikU/polyloft-bvm/internal/bytecode/chunk.go:143.54,145.3 1 0
github.com/ArubikU/polyloft-bvm/internal/bytecode/chunk.go:146.2,146.17 1 0
github.com/ArubikU/polyloft-bvm/internal/bytecode/chunk.go:152.25,160.2 4 0
github.com/ArubikU/polyloft-bvm/internal/bytecode/chunk.go:162.46,164.2 1 0
github.com/ArubikU/polyloft-bvm/internal/bytecode/chunk.go:166.48,170.2 3 0
github.com/ArubikU/polyloft-bvm/internal/bytecode/chunk.go:172.53,175.2 2 0
github.com/ArubikU/polyloft-bvm/internal/bytecode/chunk.go:177.43,180.2 2 0
github.com/ArubikU/polyloft-bvm/internal/bytecode/chunk.go:182.51,185.2 2 0
github.com/ArubikU/polyloft-bvm/internal/bytecode/chunk.go:187.49,190.41 3 0
github.com/ArubikU/polyloft-bvm/internal/bytecode/chunk.go:190.41,194.13 4 0
github.com/ArubikU/polyloft-bvm/internal/bytecode/chunk.go:195.102,198.15 3 0
github.com/ArubikU/polyloft-bvm/internal/bytecode/chunk.go:199.24,203.15 4 0
github.com/ArubikU/polyloft-bvm/internal/bytecode/chunk.go:204.31,207.15 3 0
github.com/ArubikU/polyloft-bvm/internal/bytecode/chunk.go:208.234,210.15 2 0
github.com/ArubikU/polyloft-bvm/internal/bytecode/chunk.go:211.25,213.15 2 0
github.com/ArubikU/polyloft-bvm/internal/bytecode/chunk.go:214.31,216.15 2 0
github.com/ArubikU/polyloft-bvm/internal/bytecode/chunk.go:217.27,219.15 2 0
github.com/ArubikU/polyloft-bvm/internal/bytecode/chunk.go:220.28,222.15 2 0
github.com/ArubikU/polyloft-bvm/internal/bytecode/chunk.go:223.20,226.15 3 0
github.com/ArubikU/polyloft-bvm/internal/bytecode/chunk.go:227.27,230.15 3 0
github.com/ArubikU/polyloft-bvm/internal/bytecode/chunk.go:231.31,235.15 4 0
github.com/ArubikU/polyloft-bvm/internal/bytecode/chunk.go:236.30,239.15 3 0
github.com/ArubikU/polyloft-bvm/internal/bytecode/chunk.go:240.19,242.15 2 0
github.com/ArubikU/polyloft-bvm/internal/bytecode/chunk.go:243.24,245.15 2 0
github.com/ArubikU/polyloft-bvm/internal/bytecode/chunk.go:246.24,248.15 2 0
github.com/ArubikU/polyloft-bvm/internal/bytecode/chunk.go:249.83,252.15 3 0
github.com/ArubikU/polyloft-bvm/internal/bytecode/chunk.go:253.17,256.15 3 0
github.com/ArubikU/polyloft-bvm/internal/bytecode/chunk.go:257.22,260.15 3 0
github.com/ArubikU/polyloft-bvm/internal/bytecode/chunk.go:261.23,263.15 2 0
github.com/ArubikU/polyloft-bvm/internal/bytecode/chunk.go:264.53,267.15 3 0
github.com/ArubikU/polyloft-bvm/internal/bytecode/chunk.go:268.270,269.12 1 0
github.com/ArubikU/polyloft-bvm/internal/bytecode/chunk.go:270.19,272.15 2 0
github.com/ArubikU/polyloft-bvm/internal/bytecode/chunk.go:273.128,274.12 1 0
github.com/ArubikU/polyloft-bvm/internal/bytecode/chunk.go:275.11,276.12 1 0
github.com/ArubikU/polyloft-bvm/internal/bytecode/chunk.go:278.3,278.22 1 0
github.com/ArubikU/polyloft-bvm/internal/bytecode/chunk.go:280.2,280.21 1 0
github.com/ArubikU/polyloft-bvm/internal/bytecode/chunk.go:283.37,285.2 1 0
github.com/ArubikU/polyloft-bvm/internal/bytecode/opcode.go:101.30,102.12 1 0
github.com/ArubikU/polyloft-bvm/internal/bytecode/opcode.go:103.18,104.20 1 0
github.com/ArubikU/polyloft-bvm/internal/bytecode/opcode.go:105.13,106.15 1 0
github.com/ArubikU/polyloft-bvm/internal/bytecode/opcode.go:107.14,108.16 1 0
github.com/ArubikU/polyloft-bvm/internal/bytecode/opcode.go:109.15,110.17 1 0
github.com/ArubikU/polyloft-bvm/internal/bytecode/opcode.go:111.13,112.15 1 0
github.com/ArubikU/polyloft-bvm/internal/bytecode/opcode.go:113.13,114.15 1 0
github.com/ArubikU/polyloft-bvm/internal/bytecode/opcode.go:115.16,116.19 1 0
github.com/ArubikU/polyloft-bvm/internal/bytecode/opcode.go:117.18,118.21 1 0
github.com/ArubikU/polyloft-bvm/internal/bytecode/opcode.go:119.18,120.21 1 0
github.com/ArubikU/polyloft-bvm/internal/bytecode/opcode.go:121.20,122.23 1 0
github.com/ArubikU/polyloft-bvm/internal/bytecode/opcode.go:123.20,124.23 1 0
github.com/ArubikU/polyloft-bvm/internal/bytecode/opcode.go:125.22,126.25 1 0
github.com/ArubikU/polyloft-bvm/internal/bytecode/opcode.go:127.19,128.22 1 0
github.com/ArubikU/polyloft-bvm/internal/bytecode/opcode.go:129.19,130.22 1 0
github.com/ArubikU/polyloft-bvm/internal/bytecode/opcode.go:131.26,132.30 1 0
github.com/ArubikU/polyloft-bvm/internal/bytecode/opcode.go:133.23,134.27 1 0
github.com/ArubikU/polyloft-bvm/internal/bytecode/opcode.go:135.23,136.27 1 0
github.com/ArubikU/polyloft-bvm/internal/bytecode/opcode.go:137.15,138.17 1 0
github.com/ArubikU/polyloft-bvm/internal/bytecode/opcode.go:139.17,140.19 1 0
github.com/ArubikU/polyloft-bvm/internal/bytecode/opcode.go:141.14,142.16 1 0
github.com/ArubikU/polyloft-bvm/internal/bytecode/opcode.go:143.13,144.15 1 0
github.com/ArubikU/polyloft-bvm/internal/bytecode/opcode.go:145.13,146.15 1 0
github.com/ArubikU/polyloft-bvm/internal/bytecode/opcode.go:147.13,148.15 1 0
github.com/ArubikU/polyloft-bvm/internal/bytecode/opcode.go:149.13,150.15 1 0
github.com/ArubikU/polyloft-bvm/internal/bytecode/opcode.go:151.13,152.15 1 0
github.com/ArubikU/polyloft-bvm/internal/bytecode/opcode.go:153.13,154.15 1 0
github.com/ArubikU/polyloft-bvm/internal/bytecode/opcode.go:155.13,156.15 1 0
github.com/ArubikU/polyloft-bvm/internal/bytecode/opcode.go:157.16,158.18 1 0
github.com/ArubikU/polyloft-bvm/internal/bytecode/opcode.go:159.21,160.24 1 0
github.com/ArubikU/polyloft-bvm/internal/bytecode/opcode.go:161.20,162.23 1 0
github.com/ArubikU/polyloft-bvm/internal/bytecode/opcode.go:163.15,164.17 1 0
github.com/ArubikU/polyloft-bvm/internal/bytecode/opcode.go:165.14,166.16 1 0
github.com/ArubikU/polyloft-bvm/internal/bytecode/opcode.go:167.21,168.25 1 0
github.com/ArubikU/polyloft-bvm/internal/bytecode/opcode.go:169.14,170.16 1 0
github.com/ArubikU/polyloft-bvm/internal/bytecode/opcode.go:171.16,172.19 1 0
github.com/ArubikU/polyloft-bvm/internal/bytecode/opcode.go:173.16,174.19 1 0
github.com/ArubikU/polyloft-bvm/internal/bytecode/opcode.go:175.16,176.19 1 0
github.com/ArubikU/polyloft-bvm/internal/bytecode/opcode.go:177.16,178.19 1 0
github.com/ArubikU/polyloft-bvm/internal/bytecode/opcode.go:179.16,180.19 1 0
github.com/ArubikU/polyloft-bvm/internal/bytecode/opcode.go:181.16,182.19 1 0
github.com/ArubikU/polyloft-bvm/internal/bytecode/opcode.go:183.17,184.20 1 0
github.com/ArubikU/polyloft-bvm/internal/bytecode/opcode.go:185.20,186.23 1 0
github.com/ArubikU/polyloft-bvm/internal/bytecode/opcode.go:187.30,188.36 1 0
github.com/ArubikU/polyloft-bvm/internal/bytecode/opcode.go:189.26,190.31 1 0
github.com/ArubikU/polyloft-bvm/internal/bytecode/opcode.go:191.27,192.31 1 0
github.com/ArubikU/polyloft-bvm/internal/bytecode/opcode.go:193.17,194.19 1 0
github.com/ArubikU/polyloft-bvm/internal/bytecode/opcode.go:195.14,196.16 1 0
github.com/ArubikU/polyloft-bvm/internal/bytecode/opcode.go:197.19,198.22 1 0
github.com/ArubikU/polyloft-bvm/internal/bytecode/opcode.go:199.26,200.31 1 0
github.com/ArubikU/polyloft-bvm/internal/bytecode/opcode.go:201.30,202.36 1 0
github.com/ArubikU/polyloft-bvm/internal/bytecode/opcode.go:203.29,204.35 1 0
github.com/ArubikU/polyloft-bvm/internal/bytecode/opcode.go:205.24,206.28 1 0
github.com/ArubikU/polyloft-bvm/internal/bytecode/opcode.go:207.16,208.18 1 0
github.com/ArubikU/polyloft-bvm/internal/bytecode/opcode.go:209.22,210.25 1 0
github.com/ArubikU/polyloft-bvm/internal/bytecode/opcode.go:211.19,212.22 1 0
github.com/ArubikU/polyloft-bvm/internal/bytecode/opcode.go:213.21,214.24 1 0
github.com/ArubikU/polyloft-bvm/internal/bytecode/opcode.go:215.15,216.17 1 0
github.com/ArubikU/polyloft-bvm/internal/bytecode/opcode.go:217.23,218.27 1 0
github.com/ArubikU/polyloft-bvm/internal/bytecode/opcode.go:219.23,220.27 1 0
github.com/ArubikU/polyloft-bvm/internal/bytecode/opcode.go:221.43,222.44 1 0
github.com/ArubikU/polyloft-bvm/internal/bytecode/opcode.go:223.45,224.51 1 0
github.com/ArubikU/polyloft-bvm/internal/bytecode/opcode.go:225.18,226.21 1 0
github.com/ArubikU/polyloft-bvm/internal/bytecode/opcode.go:227.18,228.21 1 0
github.com/ArubikU/polyloft-bvm/internal/bytecode/opcode.go:229.18,230.21 1 0
github.com/ArubikU/polyloft-bvm/internal/bytecode/opcode.go:231.18,232.21 1 0
github.com/ArubikU/polyloft-bvm/internal/bytecode/opcode.go:233.22,234.26 1 0
github.com/ArubikU/polyloft-bvm/internal/bytecode/opcode.go:235.22,236.26 1 0
github.com/ArubikU/polyloft-bvm/internal/bytecode/opcode.go:237.21,238.24 1 0
github.com/ArubikU/polyloft-bvm/internal/bytecode/opcode.go:239.21,240.24 1 0
github.com/ArubikU/polyloft-bvm/internal/bytecode/opcode.go:241.15,242.17 1 0
github.com/ArubikU/polyloft-bvm/internal/bytecode/opcode.go:243.13,244.15 1 0
github.com/ArubikU/polyloft-bvm/internal/bytecode/opcode.go:245.18,246.21 1 0
github.com/ArubikU/polyloft-bvm/internal/bytecode/opcode.go:247.23,248.27 1 0
github.com/ArubikU/polyloft-bvm/internal/bytecode/opcode.go:249.21,250.25 1 0
github.com/ArubikU/polyloft-bvm/internal/bytecode/opcode.go:251.18,252.20 1 0
github.com/ArubikU/polyloft-bvm/internal/bytecode/opcode.go:253.23,254.26 1 0
github.com/ArubikU/polyloft-bvm/internal/bytecode/opcode.go:255.21,256.24 1 0
github.com/ArubikU/polyloft-bvm/internal/bytecode/opcode.go:257.24,258.27 1 0
github.com/ArubikU/polyloft-bvm/internal/bytecode/opcode.go:259.18,260.21 1 0
github.com/ArubikU/polyloft-bvm/internal/bytecode/opcode.go:261.23,262.27 1 0
github.com/ArubikU/polyloft-bvm/internal/bytecode/opcode.go:263.21,264.25 1 0
github.com/ArubikU/polyloft-bvm/internal/bytecode/opcode.go:265.15,266.17 1 0
github.com/ArubikU/polyloft-bvm/internal/bytecode/opcode.go:267.17,268.20 1 0
github.com/ArubikU/polyloft-bvm/internal/bytecode/opcode.go:269.19,270.22 1 0
github.com/ArubikU/polyloft-bvm/internal/bytecode/opcode.go:271.17,272.20 1 0
github.com/ArubikU/polyloft-bvm/internal/bytecode/opcode.go:273.19,274.22 1 0
github.com/ArubikU/polyloft-bvm/internal/bytecode/opcode.go:275.23,276.26 1 0
github.com/ArubikU/polyloft-bvm/internal/bytecode/opcode.go:277.15,278.17 1 0
github.com/ArubikU/polyloft-bvm/internal/bytecode/opcode.go:279.16,280.18 1 0
github.com/ArubikU/polyloft-bvm/internal/bytecode/opcode.go:281.16,282.18 1 0
github.com/ArubikU/polyloft-bvm/internal/bytecode/opcode.go:283.14,284.16 1 0
github.com/ArubikU/polyloft-bvm/internal/bytecode/opcode.go:285.17,286.20 1 0
github.com/ArubikU/polyloft-bvm/internal/bytecode/opcode.go:287.16,288.18 1 0
github.com/ArubikU/polyloft-bvm/internal/bytecode/opcode.go:289.10,290.19 1 0
github.com/ArubikU/polyloft-bvm/internal/bytecode/serialize.go:16.47,18.77 2 0
github.com/ArubikU/polyloft-bvm/internal/bytecode/serialize.go:18.77,20.3 1 0
github.com/ArubikU/polyloft-bvm/internal/bytecode/serialize.go:21.2,22.12 2 0
github.com/ArubikU/polyloft-bvm/internal/bytecode/serialize.go:25.46,27.69 2 0
github.com/ArubikU/polyloft-bvm/internal/bytecode/serialize.go:27.69,29.3 1 0
github.com/ArubikU/polyloft-bvm/internal/bytecode/serialize.go:30.2,31.45 2 0
github.com/ArubikU/polyloft-bvm/internal/bytecode/serialize.go:31.45,33.3 1 0
github.com/ArubikU/polyloft-bvm/internal/bytecode/serialize.go:34.2,34.23 1 0
github.com/ArubikU/polyloft-bvm/internal/bytecode/serialize.go:37.54,38.77 1 0
github.com/ArubikU/polyloft-bvm/internal/bytecode/serialize.go:38.77,40.3 1 0
github.com/ArubikU/polyloft-bvm/internal/bytecode/serialize.go:41.2,41.24 1 0
github.com/ArubikU/polyloft-bvm/internal/bytecode/serialize.go:41.24,42.45 1 0
github.com/ArubikU/polyloft-bvm/internal/bytecode/serialize.go:42.45,44.4 1 0
github.com/ArubikU/polyloft-bvm/internal/bytecode/serialize.go:46.2,46.12 1 0
github.com/ArubikU/polyloft-bvm/internal/bytecode/serialize.go:49.53,51.69 2 0
github.com/ArubikU/polyloft-bvm/internal/bytecode/serialize.go:51.69,53.3 1 0
github.com/ArubikU/polyloft-bvm/internal/bytecode/serialize.go:54.2,55.38 2 0
github.com/ArubikU/polyloft-bvm/internal/bytecode/serialize.go:55.38,57.17 2 0
github.com/ArubikU/polyloft-bvm/internal/bytecode/serialize.go:57.17,59.4 1 0
github.com/ArubikU/polyloft-bvm/internal/bytecode/serialize.go:60.3,60.13 1 0
github.com/ArubikU/polyloft-bvm/internal/bytecode/serialize.go:62.2,62.15 1 0
github.com/ArubikU/polyloft-bvm/internal/bytecode/serialize.go:65.72,66.47 1 0
github.com/ArubikU/polyloft-bvm/internal/bytecode/serialize.go:66.47,68.3 1 0
github.com/ArubikU/polyloft-bvm/internal/bytecode/serialize.go:69.2,69.77 1 0
github.com/ArubikU/polyloft-bvm/internal/bytecode/serialize.go:69.77,71.3 1 0
github.com/ArubikU/polyloft-bvm/internal/bytecode/serialize.go:72.2,72.58 1 0
github.com/ArubikU/polyloft-bvm/internal/bytecode/serialize.go:72.58,74.3 1 0
github.com/ArubikU/polyloft-bvm/internal/bytecode/serialize.go:75.2,75.57 1 0
github.com/ArubikU/polyloft-bvm/internal/bytecode/serialize.go:75.57,77.3 1 0
github.com/ArubikU/polyloft-bvm/internal/bytecode/serialize.go:80.2,80.86 1 0
github.com/ArubikU/polyloft-bvm/internal/bytecode/serialize.go:80.86,82.3 1 0
github.com/ArubikU/polyloft-bvm/internal/bytecode/serialize.go:83.2,83.32 1 0
github.com/ArubikU/polyloft-bvm/internal/bytecode/serialize.go:83.32,84.72 1 0
github.com/ArubikU/polyloft-bvm/internal/bytecode/serialize.go:84.72,86.4 1 0
github.com/ArubikU/polyloft-bvm/internal/bytecode/serialize.go:87.3,87.17 1 0
github.com/ArubikU/polyloft-bvm/internal/bytecode/serialize.go:87.17,88.72 1 0
github.com/ArubikU/polyloft-bvm/internal/bytecode/serialize.go:88.72,90.5 1 0
github.com/ArubikU/polyloft-bvm/internal/bytecode/serialize.go:91.9,92.72 1 0
github.com/ArubikU/polyloft-bvm/internal/bytecode/serialize.go:92.72,94.5 1 0
github.com/ArubikU/polyloft-bvm/internal/bytecode/serialize.go:98.2,98.53 1 0
github.com/ArubikU/polyloft-bvm/internal/bytecode/serialize.go:98.53,100.3 1 0
github.com/ArubikU/polyloft-bvm/internal/bytecode/serialize.go:101.2,101.81 1 0
github.com/ArubikU/polyloft-bvm/internal/bytecode/serialize.go:101.81,103.3 1 0
github.com/ArubikU/polyloft-bvm/internal/bytecode/serialize.go:104.2,104.87 1 0
github.com/ArubikU/polyloft-bvm/internal/bytecode/serialize.go:104.87,106.3 1 0
github.com/ArubikU/polyloft-bvm/internal/bytecode/serialize.go:107.2,107.63 1 0
github.com/ArubikU/polyloft-bvm/internal/bytecode/serialize.go:107.63,109.3 1 0
github.com/ArubikU/polyloft-bvm/internal/bytecode/serialize.go:112.2,112.88 1 0
github.com/ArubikU/polyloft-bvm/internal/bytecode/serialize.go:112.88,114.3 1 0
github.com/ArubikU/polyloft-bvm/internal/bytecode/serialize.go:115.2,115.33 1 0
github.com/ArubikU/polyloft-bvm/internal/bytecode/serialize.go:115.33,116.43 1 0
github.com/ArubikU/polyloft-bvm/internal/bytecode/serialize.go:116.43,118.4 1 0
github.com/ArubikU/polyloft-bvm/internal/bytecode/serialize.go:119.3,119.48 1 0
github.com/ArubikU/polyloft-bvm/internal/bytecode/serialize.go:119.48,121.4 1 0
github.com/ArubikU/polyloft-bvm/internal/bytecode/serialize.go:122.3,122.60 1 0
github.com/ArubikU/polyloft-bvm/internal/bytecode/serialize.go:122.60,124.4 1 0
github.com/ArubikU/polyloft-bvm/internal/bytecode/serialize.go:125.3,125.86 1 0
github.com/ArubikU/polyloft-bvm/internal/bytecode/serialize.go:125.86,127.4 1 0
github.com/ArubikU/polyloft-bvm/internal/bytecode/serialize.go:128.3,128.33 1 0
github.com/ArubikU/polyloft-bvm/internal/bytecode/serialize.go:128.33,129.45 1 0
github.com/ArubikU/polyloft-bvm/internal/bytecode/serialize.go:129.45,131.5 1 0
github.com/ArubikU/polyloft-bvm/internal/bytecode/serialize.go:132.4,132.50 1 0
github.com/ArubikU/polyloft-bvm/internal/bytecode/serialize.go:132.50,134.5 1 0
github.com/ArubikU/polyloft-bvm/internal/bytecode/serialize.go:135.4,135.57 1 0
github.com/ArubikU/polyloft-bvm/internal/bytecode/serialize.go:135.57,137.5 1 0
github.com/ArubikU/polyloft-bvm/internal/bytecode/serialize.go:138.4,138.52 1 0
github.com/ArubikU/polyloft-bvm/internal/bytecode/serialize.go:138.52,140.5 1 0
github.com/ArubikU/polyloft-bvm/internal/bytecode/serialize.go:145.2,145.20 1 0
github.com/ArubikU/polyloft-bvm/internal/bytecode/serialize.go:145.20,146.71 1 0
github.com/ArubikU/polyloft-bvm/internal/bytecode/serialize.go:146.71,148.4 1 0
github.com/ArubikU/polyloft-bvm/internal/bytecode/serialize.go:149.8,150.71 1 0
github.com/ArubikU/polyloft-bvm/internal/bytecode/serialize.go:150.71,152.4 1 0
github.com/ArubikU/polyloft-bvm/internal/bytecode/serialize.go:153.3,153.89 1 0
github.com/ArubikU/polyloft-bvm/internal/bytecode/serialize.go:153.89,155.4 1 0
github.com/ArubikU/polyloft-bvm/internal/bytecode/serialize.go:156.3,156.50 1 0
github.com/ArubikU/polyloft-bvm/internal/bytecode/serialize.go:156.50,158.4 1 0
github.com/ArubikU/polyloft-bvm/internal/bytecode/serialize.go:160.3,160.90 1 0
github.com/ArubikU/polyloft-bvm/internal/bytecode/serialize.go:160.90,162.4 1 0
github.com/ArubikU/polyloft-bvm/internal/bytecode/serialize.go:163.3,163.35 1 0
github.com/ArubikU/polyloft-bvm/internal/bytecode/serialize.go:163.35,164.73 1 0
github.com/ArubikU/polyloft-bvm/internal/bytecode/serialize.go:164.73,166.5 1 0
github.com/ArubikU/polyloft-bvm/internal/bytecode/serialize.go:169.3,169.94 1 0
github.com/ArubikU/polyloft-bvm/internal/bytecode/serialize.go:169.94,171.4 1 0
github.com/ArubikU/polyloft-bvm/internal/bytecode/serialize.go:172.3,172.39 1 0
github.com/ArubikU/polyloft-bvm/internal/bytecode/serialize.go:172.39,173.51 1 0
github.com/ArubikU/polyloft-bvm/internal/bytecode/serialize.go:173.51,175.5 1 0
github.com/ArubikU/polyloft-bvm/internal/bytecode/serialize.go:178.2,178.12 1 0
github.com/ArubikU/polyloft-bvm/internal/bytecode/serialize.go:181.78,185.45 3 0
github.com/ArubikU/polyloft-bvm/internal/bytecode/serialize.go:185.45,187.3 1 0
github.com/ArubikU/polyloft-bvm/internal/bytecode/serialize.go:189.2,190.68 2 0
github.com/ArubikU/polyloft-bvm/internal/bytecode/serialize.go:190.68,192.3 1 0
github.com/ArubikU/polyloft-bvm/internal/bytecode/serialize.go:193.2,195.56 2 0
github.com/ArubikU/polyloft-bvm/internal/bytecode/serialize.go:195.56,197.3 1 0
github.com/ArubikU/polyloft-bvm/internal/bytecode/serialize.go:198.2,198.55 1 0
github.com/ArubikU/polyloft-bvm/internal/bytecode/serialize.go:198.55,200.3 1 0
github.com/ArubikU/polyloft-bvm/internal/bytecode/serialize.go:202.2,203.69 2 0
github.com/ArubikU/polyloft-bvm/internal/bytecode/serialize.go:203.69,205.3 1 0
github.com/ArubikU/polyloft-bvm/internal/bytecode/serialize.go:206.2,207.38 2 0
github.com/ArubikU/polyloft-bvm/internal/bytecode/serialize.go:207.38,209.69 2 0
github.com/ArubikU/polyloft-bvm/internal/bytecode/serialize.go:209.69,211.4 1 0
github.com/ArubikU/polyloft-bvm/internal/bytecode/serialize.go:212.3,213.75 2 0
github.com/ArubikU/polyloft-bvm/internal/bytecode/serialize.go:213.75,215.4 1 0
github.com/ArubikU/polyloft-bvm/internal/bytecode/serialize.go:216.3,216.71 1 0
github.com/ArubikU/polyloft-bvm/internal/bytecode/serialize.go:219.2,219.51 1 0
github.com/ArubikU/polyloft-bvm/internal/bytecode/serialize.go:219.51,221.3 1 0
github.com/ArubikU/polyloft-bvm/internal/bytecode/serialize.go:223.2,224.72 2 0
github.com/ArubikU/polyloft-bvm/internal/bytecode/serialize.go:224.72,226.3 1 0
github.com/ArubikU/polyloft-bvm/internal/bytecode/serialize.go:227.2,230.69 3 0
github.com/ArubikU/polyloft-bvm/internal/bytecode/serialize.go:230.69,232.3 1 0
github.com/ArubikU/polyloft-bvm/internal/bytecode/serialize.go:233.2,235.61 2 0
github.com/ArubikU/polyloft-bvm/internal/bytecode/serialize.go:235.61,237.3 1 0
github.com/ArubikU/polyloft-bvm/internal/bytecode/serialize.go:239.2,240.71 2 0
github.com/ArubikU/polyloft-bvm/internal/bytecode/serialize.go:240.71,242.3 1 0
github.com/ArubikU/polyloft-bvm/internal/bytecode/serialize.go:243.2,244.40 2 0
github.com/ArubikU/polyloft-bvm/internal/bytecode/serialize.go:244.40,246.17 2 0
github.com/ArubikU/polyloft-bvm/internal/bytecode/serialize.go:246.17,248.4 1 0
github.com/ArubikU/polyloft-bvm/internal/bytecode/serialize.go:250.3,251.49 2 0
github.com/ArubikU/polyloft-bvm/internal/bytecode/serialize.go:251.49,253.4 1 0
github.com/ArubikU/polyloft-bvm/internal/bytecode/serialize.go:254.3,254.61 1 0
github.com/ArubikU/polyloft-bvm/internal/bytecode/serialize.go:254.61,256.4 1 0
github.com/ArubikU/polyloft-bvm/internal/bytecode/serialize.go:258.3,259.68 2 0
github.com/ArubikU/polyloft-bvm/internal/bytecode/serialize.go:259.68,261.4 1 0
github.com/ArubikU/polyloft-bvm/internal/bytecode/serialize.go:262.3,263.37 2 0
github.com/ArubikU/polyloft-bvm/internal/bytecode/serialize.go:263.37,265.18 2 0
github.com/ArubikU/polyloft-bvm/internal/bytecode/serialize.go:265.18,267.5 1 0
github.com/ArubikU/polyloft-bvm/internal/bytecode/serialize.go:268.4,269.48 2 0
github.com/ArubikU/polyloft-bvm/internal/bytecode/serialize.go:269.48,271.5 1 0
github.com/ArubikU/polyloft-bvm/internal/bytecode/serialize.go:272.4,272.55 1 0
github.com/ArubikU/polyloft-bvm/internal/bytecode/serialize.go:272.55,274.5 1 0
github.com/ArubikU/polyloft-bvm/internal/bytecode/serialize.go:275.4,275.50 1 0
github.com/ArubikU/polyloft-bvm/internal/bytecode/serialize.go:275.50,277.5 1 0
github.com/ArubikU/polyloft-bvm/internal/bytecode/serialize.go:278.4,278.25 1 0
github.com/ArubikU/polyloft-bvm/internal/bytecode/serialize.go:280.3,280.25 1 0
github.com/ArubikU/polyloft-bvm/internal/bytecode/serialize.go:283.2,284.71 2 0
github.com/ArubikU/polyloft-bvm/internal/bytecode/serialize.go:284.71,286.3 1 0
github.com/ArubikU/polyloft-bvm/internal/bytecode/serialize.go:287.2,287.19 1 0
github.com/ArubikU/polyloft-bvm/internal/bytecode/serialize.go:287.19,290.71 3 0
github.com/ArubikU/polyloft-bvm/internal/bytecode/serialize.go:290.71,292.4 1 0
github.com/ArubikU/polyloft-bvm/internal/bytecode/serialize.go:293.3,294.57 2 0
github.com/ArubikU/polyloft-bvm/internal/bytecode/serialize.go:294.57,296.4 1 0
github.com/ArubikU/polyloft-bvm/internal/bytecode/serialize.go:298.3,299.72 2 0
github.com/ArubikU/polyloft-bvm/internal/bytecode/serialize.go:299.72,301.4 1 0
github.com/ArubikU/polyloft-bvm/internal/bytecode/serialize.go:302.3,303.41 2 0
github.com/ArubikU/polyloft-bvm/internal/bytecode/serialize.go:303.41,305.67 2 0
github.com/ArubikU/polyloft-bvm/internal/bytecode/serialize.go:305.67,307.5 1 0
github.com/ArubikU/polyloft-bvm/internal/bytecode/serialize.go:308.4,308.30 1 0
github.com/ArubikU/polyloft-bvm/internal/bytecode/serialize.go:311.3,312.71 2 0
github.com/ArubikU/polyloft-bvm/internal/bytecode/serialize.go:312.71,314.4 1 0
github.com/ArubikU/polyloft-bvm/internal/bytecode/serialize.go:315.3,316.40 2 0
github.com/ArubikU/polyloft-bvm/internal/bytecode/serialize.go:316.40,318.18 2 0
github.com/ArubikU/polyloft-bvm/internal/bytecode/serialize.go:318.18,320.5 1 0
github.com/ArubikU/polyloft-bvm/internal/bytecode/serialize.go:321.4,321.28 1 0
github.com/ArubikU/polyloft-bvm/internal/bytecode/serialize.go:325.2,325.15 1 0
github.com/ArubikU/polyloft-bvm/internal/lexer/lexer.go:21.49,27.40 2 0
github.com/ArubikU/polyloft-bvm/internal/lexer/lexer.go:27.40,29.3 1 0
github.com/ArubikU/polyloft-bvm/internal/lexer/lexer.go:30.2,30.22 1 0
github.com/ArubikU/polyloft-bvm/internal/lexer/lexer.go:33.37,34.20 1 0
github.com/ArubikU/polyloft-bvm/internal/lexer/lexer.go:34.20,39.12 5 0
github.com/ArubikU/polyloft-bvm/internal/lexer/lexer.go:40.24,41.12 1 0
github.com/ArubikU/polyloft-bvm/internal/lexer/lexer.go:42.13,43.115 1 0
github.com/ArubikU/polyloft-bvm/internal/lexer/lexer.go:44.12,45.53 1 0
github.com/ArubikU/polyloft-bvm/internal/lexer/lexer.go:46.12,47.54 1 0
github.com/ArubikU/polyloft-bvm/internal/lexer/lexer.go:48.12,49.55 1 0
github.com/ArubikU/polyloft-bvm/internal/lexer/lexer.go:50.12,51.56 1 0
github.com/ArubikU/polyloft-bvm/internal/lexer/lexer.go:52.12,53.53 1 0
github.com/ArubikU/polyloft-bvm/internal/lexer/lexer.go:54.12,55.54 1 0
github.com/ArubikU/polyloft-bvm/internal/lexer/lexer.go:56.12,57.49 1 0
github.com/ArubikU/polyloft-bvm/internal/lexer/lexer.go:58.12,59.49 1 0
github.com/ArubikU/polyloft-bvm/internal/lexer/lexer.go:60.12,61.48 1 0
github.com/ArubikU/polyloft-bvm/internal/lexer/lexer.go:61.48,65.5 3 0
github.com/ArubikU/polyloft-bvm/internal/lexer/lexer.go:65.10,67.5 1 0
github.com/ArubikU/polyloft-bvm/internal/lexer/lexer.go:68.12,69.52 1 0
github.com/ArubikU/polyloft-bvm/internal/lexer/lexer.go:70.12,71.46 1 0
github.com/ArubikU/polyloft-bvm/internal/lexer/lexer.go:72.12,73.21 1 0
github.com/ArubikU/polyloft-bvm/internal/lexer/lexer.go:73.21,75.5 1 0
github.com/ArubikU/polyloft-bvm/internal/lexer/lexer.go:75.10,77.5 1 0
github.com/ArubikU/polyloft-bvm/internal/lexer/lexer.go:78.12,79.21 1 0
github.com/ArubikU/polyloft-bvm/internal/lexer/lexer.go:79.21,81.5 1 0
github.com/ArubikU/polyloft-bvm/internal/lexer/lexer.go:81.10,81.28 1 0
github.com/ArubikU/polyloft-bvm/internal/lexer/lexer.go:81.28,83.5 1 0
github.com/ArubikU/polyloft-bvm/internal/lexer/lexer.go:83.10,85.5 1 0
github.com/ArubikU/polyloft-bvm/internal/lexer/lexer.go:86.12,87.21 1 0
github.com/ArubikU/polyloft-bvm/internal/lexer/lexer.go:87.21,89.5 1 0
github.com/ArubikU/polyloft-bvm/internal/lexer/lexer.go:89.10,89.28 1 0
github.com/ArubikU/polyloft-bvm/internal/lexer/lexer.go:89.28,91.5 1 0
github.com/ArubikU/polyloft-bvm/internal/lexer/lexer.go:91.10,93.5 1 0
github.com/ArubikU/polyloft-bvm/internal/lexer/lexer.go:94.12,95.51 1 0
github.com/ArubikU/polyloft-bvm/internal/lexer/lexer.go:96.12,97.49 1 0
github.com/ArubikU/polyloft-bvm/internal/lexer/lexer.go:98.12,99.21 1 0
github.com/ArubikU/polyloft-bvm/internal/lexer/lexer.go:99.21,100.44 1 0
github.com/ArubikU/polyloft-bvm/internal/lexer/lexer.go:100.44,102.6 1 0
github.com/ArubikU/polyloft-bvm/internal/lexer/lexer.go:103.5,103.13 1 0
github.com/ArubikU/polyloft-bvm/internal/lexer/lexer.go:105.4,105.21 1 0
github.com/ArubikU/polyloft-bvm/internal/lexer/lexer.go:105.21,106.23 1 0
github.com/ArubikU/polyloft-bvm/internal/lexer/lexer.go:106.23,107.50 1 0
github.com/ArubikU/polyloft-bvm/internal/lexer/lexer.go:107.50,110.12 3 0
github.com/ArubikU/polyloft-bvm/internal/lexer/lexer.go:112.6,112.18 1 0
github.com/ArubikU/polyloft-bvm/internal/lexer/lexer.go:114.5,114.13 1 0
github.com/ArubikU/polyloft-bvm/internal/lexer/lexer.go:116.4,116.21 1 0
github.com/ArubikU/polyloft-bvm/internal/lexer/lexer.go:116.21,118.5 1 0
github.com/ArubikU/polyloft-bvm/internal/lexer/lexer.go:118.10,120.5 1 0
github.com/ArubikU/polyloft-bvm/internal/lexer/lexer.go:121.12,122.21 1 0
github.com/ArubikU/polyloft-bvm/internal/lexer/lexer.go:122.21,124.5 1 0
github.com/ArubikU/polyloft-bvm/internal/lexer/lexer.go:124.10,126.5 1 0
github.com/ArubikU/polyloft-bvm/internal/lexer/lexer.go:127.12,128.21 1 0
github.com/ArubikU/polyloft-bvm/internal/lexer/lexer.go:128.21,130.5 1 0
github.com/ArubikU/polyloft-bvm/internal/lexer/lexer.go:130.10,132.5 1 0
github.com/ArubikU/polyloft-bvm/internal/lexer/lexer.go:133.12,134.21 1 0
github.com/ArubikU/polyloft-bvm/internal/lexer/lexer.go:134.21,136.5 1 0
github.com/ArubikU/polyloft-bvm/internal/lexer/lexer.go:136.10,138.5 1 0
github.com/ArubikU/polyloft-bvm/internal/lexer/lexer.go:139.12,140.21 1 0
github.com/ArubikU/polyloft-bvm/internal/lexer/lexer.go:140.21,142.5 1 0
github.com/ArubikU/polyloft-bvm/internal/lexer/lexer.go:142.10,142.28 1 0
github.com/ArubikU/polyloft-bvm/internal/lexer/lexer.go:142.28,144.5 1 0
github.com/ArubikU/polyloft-bvm/internal/lexer/lexer.go:144.10,146.5 1 0
github.com/ArubikU/polyloft-bvm/internal/lexer/lexer.go:147.12,148.21 1 0
github.com/ArubikU/polyloft-bvm/internal/lexer/lexer.go:148.21,150.5 1 0
github.com/ArubikU/polyloft-bvm/internal/lexer/lexer.go:150.10,152.5 1 0
github.com/ArubikU/polyloft-bvm/internal/lexer/lexer.go:153.12,154.21 1 0
github.com/ArubikU/polyloft-bvm/internal/lexer/lexer.go:154.21,156.5 1 0
github.com/ArubikU/polyloft-bvm/internal/lexer/lexer.go:156.10,158.5 1 0
github.com/ArubikU/polyloft-bvm/internal/lexer/lexer.go:159.12,160.61 1 0
github.com/ArubikU/polyloft-bvm/internal/lexer/lexer.go:160.61,162.5 1 0
github.com/ArubikU/polyloft-bvm/internal/lexer/lexer.go:163.13,164.59 1 0
github.com/ArubikU/polyloft-bvm/internal/lexer/lexer.go:164.59,166.5 1 0
github.com/ArubikU/polyloft-bvm/internal/lexer/lexer.go:167.11,168.26 1 0
github.com/ArubikU/polyloft-bvm/internal/lexer/lexer.go:168.26,169.62 1 0
github.com/ArubikU/polyloft-bvm/internal/lexer/lexer.go:169.62,171.6 1 0
github.com/ArubikU/polyloft-bvm/internal/lexer/lexer.go:172.5,172.13 1 0
github.com/ArubikU/polyloft-bvm/internal/lexer/lexer.go:174.4,174.39 1 0
github.com/ArubikU/polyloft-bvm/internal/lexer/lexer.go:174.39,176.13 2 0
github.com/ArubikU/polyloft-bvm/internal/lexer/lexer.go:178.4,178.84 1 0
github.com/ArubikU/polyloft-bvm/internal/lexer/lexer.go:182.2,183.12 2 0
github.com/ArubikU/polyloft-bvm/internal/lexer/lexer.go:186.50,189.20 2 0
github.com/ArubikU/polyloft-bvm/internal/lexer/lexer.go:189.20,192.22 2 0
github.com/ArubikU/polyloft-bvm/internal/lexer/lexer.go:192.22,193.17 1 0
github.com/ArubikU/polyloft-bvm/internal/lexer/lexer.go:193.17,196.13 3 0
github.com/ArubikU/polyloft-bvm/internal/lexer/lexer.go:198.4,198.17 1 0
github.com/ArubikU/polyloft-bvm/internal/lexer/lexer.go:198.17,201.13 3 0
github.com/ArubikU/polyloft-bvm/internal/lexer/lexer.go:204.4,205.12 2 0
github.com/ArubikU/polyloft-bvm/internal/lexer/lexer.go:208.3,208.16 1 0
github.com/ArubikU/polyloft-bvm/internal/lexer/lexer.go:208.16,209.9 1 0
github.com/ArubikU/polyloft-bvm/internal/lexer/lexer.go:211.3,211.17 1 0
github.com/ArubikU/polyloft-bvm/internal/lexer/lexer.go:211.17,213.4 1 0
github.com/ArubikU/polyloft-bvm/internal/lexer/lexer.go:215.3,215.40 1 0
github.com/ArubikU/polyloft-bvm/internal/lexer/lexer.go:215.40,219.12 4 0
github.com/ArubikU/polyloft-bvm/internal/lexer/lexer.go:222.3,222.41 1 0
github.com/ArubikU/polyloft-bvm/internal/lexer/lexer.go:222.41,225.12 3 0
github.com/ArubikU/polyloft-bvm/internal/lexer/lexer.go:227.3,227.15 1 0
github.com/ArubikU/polyloft-bvm/internal/lexer/lexer.go:229.2,229.18 1 0
github.com/ArubikU/polyloft-bvm/internal/lexer/lexer.go:229.18,231.3 1 0
github.com/ArubikU/polyloft-bvm/internal/lexer/lexer.go:232.2,238.32 4 0
github.com/ArubikU/polyloft-bvm/internal/lexer/lexer.go:238.32,239.39 1 0
github.com/ArubikU/polyloft-bvm/internal/lexer/lexer.go:239.39,241.18 2 0
github.com/ArubikU/polyloft-bvm/internal/lexer/lexer.go:242.13,243.22 1 0
github.com/ArubikU/polyloft-bvm/internal/lexer/lexer.go:244.13,245.22 1 0
github.com/ArubikU/polyloft-bvm/internal/lexer/lexer.go:246.13,247.22 1 0
github.com/ArubikU/polyloft-bvm/internal/lexer/lexer.go:248.14,249.22 1 0
github.com/ArubikU/polyloft-bvm/internal/lexer/lexer.go:250.13,251.21 1 0
github.com/ArubikU/polyloft-bvm/internal/lexer/lexer.go:252.12,254.24 2 0
github.com/ArubikU/polyloft-bvm/internal/lexer/lexer.go:256.9,258.4 1 0
github.com/ArubikU/polyloft-bvm/internal/lexer/lexer.go:261.2,262.12 2 0
github.com/ArubikU/polyloft-bvm/internal/lexer/lexer.go:265.48,266.39 1 0
github.com/ArubikU/polyloft-bvm/internal/lexer/lexer.go:266.39,268.3 1 0
github.com/ArubikU/polyloft-bvm/internal/lexer/lexer.go:269.2,270.23 2 0
github.com/ArubikU/polyloft-bvm/internal/lexer/lexer.go:270.23,272.19 2 0
github.com/ArubikU/polyloft-bvm/internal/lexer/lexer.go:272.19,274.4 1 0
github.com/ArubikU/polyloft-bvm/internal/lexer/lexer.go:275.3,276.18 2 0
github.com/ArubikU/polyloft-bvm/internal/lexer/lexer.go:277.12,278.16 1 0
github.com/ArubikU/polyloft-bvm/internal/lexer/lexer.go:279.12,280.16 1 0
github.com/ArubikU/polyloft-bvm/internal/lexer/lexer.go:281.12,282.16 1 0
github.com/ArubikU/polyloft-bvm/internal/lexer/lexer.go:283.12,284.16 1 0
github.com/ArubikU/polyloft-bvm/internal/lexer/lexer.go:285.12,286.16 1 0
github.com/ArubikU/polyloft-bvm/internal/lexer/lexer.go:287.13,288.16 1 0
github.com/ArubikU/polyloft-bvm/internal/lexer/lexer.go:289.13,290.16 1 0
github.com/ArubikU/polyloft-bvm/internal/lexer/lexer.go:291.12,292.15 1 0
github.com/ArubikU/polyloft-bvm/internal/lexer/lexer.go:293.12,294.18 1 0
github.com/ArubikU/polyloft-bvm/internal/lexer/lexer.go:295.11,296.85 1 0
github.com/ArubikU/polyloft-bvm/internal/lexer/lexer.go:298.8,300.3 1 0
github.com/ArubikU/polyloft-bvm/internal/lexer/lexer.go:301.2,301.39 1 0
github.com/ArubikU/polyloft-bvm/internal/lexer/lexer.go:301.39,303.3 1 0
github.com/ArubikU/polyloft-bvm/internal/lexer/lexer.go:304.2,306.12 3 0
github.com/ArubikU/polyloft-bvm/internal/lexer/lexer.go:309.50,311.65 2 0
github.com/ArubikU/polyloft-bvm/internal/lexer/lexer.go:311.65,313.3 1 0
github.com/ArubikU/polyloft-bvm/internal/lexer/lexer.go:314.2,314.59 1 0
github.com/ArubikU/polyloft-bvm/internal/lexer/lexer.go:314.59,317.65 3 0
github.com/ArubikU/polyloft-bvm/internal/lexer/lexer.go:317.65,319.4 1 0
github.com/ArubikU/polyloft-bvm/internal/lexer/lexer.go:321.2,323.62 3 0
github.com/ArubikU/polyloft-bvm/internal/lexer/lexer.go:323.62,325.3 1 0
github.com/ArubikU/polyloft-bvm/internal/lexer/lexer.go:326.2,327.13 2 0
github.com/ArubikU/polyloft-bvm/internal/lexer/lexer.go:327.13,329.3 1 0
github.com/ArubikU/polyloft-bvm/internal/lexer/lexer.go:330.2,331.12 2 0
github.com/ArubikU/polyloft-bvm/internal/lexer/lexer.go:334.85,335.56 1 0
github.com/ArubikU/polyloft-bvm/internal/lexer/lexer.go:335.56,337.3 1 0
github.com/ArubikU/polyloft-bvm/internal/lexer/lexer.go:338.2,338.6 1 0
github.com/ArubikU/polyloft-bvm/internal/lexer/lexer.go:338.6,339.33 1 0
github.com/ArubikU/polyloft-bvm/internal/lexer/lexer.go:339.33,341.12 2 0
github.com/ArubikU/polyloft-bvm/internal/lexer/lexer.go:343.3,343.23 1 0
github.com/ArubikU/polyloft-bvm/internal/lexer/lexer.go:343.23,344.39 1 0
github.com/ArubikU/polyloft-bvm/internal/lexer/lexer.go:344.39,347.5 2 0
github.com/ArubikU/polyloft-bvm/internal/lexer/lexer.go:348.4,349.12 2 0
github.com/ArubikU/polyloft-bvm/internal/lexer/lexer.go:351.3,351.8 1 0
github.com/ArubikU/polyloft-bvm/internal/lexer/lexer.go:353.2,353.32 1 0
github.com/ArubikU/polyloft-bvm/internal/lexer/lexer.go:353.32,356.3 2 0
github.com/ArubikU/polyloft-bvm/internal/lexer/lexer.go:357.2,357.12 1 0
github.com/ArubikU/polyloft-bvm/internal/lexer/lexer.go:360.39,362.2 1 0
github.com/ArubikU/polyloft-bvm/internal/lexer/lexer.go:364.52,366.2 1 0
github.com/ArubikU/polyloft-bvm/internal/lexer/lexer.go:368.48,369.84 1 0
github.com/ArubikU/polyloft-bvm/internal/lexer/lexer.go:369.84,371.3 1 0
github.com/ArubikU/polyloft-bvm/internal/lexer/lexer.go:372.2,373.123 2 0
github.com/ArubikU/polyloft-bvm/internal/lexer/lexer.go:376.59,378.2 1 0
github.com/ArubikU/polyloft-bvm/internal/lexer/lexer.go:380.44,381.51 1 0
github.com/ArubikU/polyloft-bvm/internal/lexer/lexer.go:381.51,383.3 1 0
github.com/ArubikU/polyloft-bvm/internal/lexer/lexer.go:384.2,386.13 3 0
github.com/ArubikU/polyloft-bvm/internal/lexer/lexer.go:389.30,390.18 1 0
github.com/ArubikU/polyloft-bvm/internal/lexer/lexer.go:390.18,392.3 1 0
github.com/ArubikU/polyloft-bvm/internal/lexer/lexer.go:393.2,393.26 1 0
github.com/ArubikU/polyloft-bvm/internal/lexer/lexer.go:396.34,397.32 1 0
github.com/ArubikU/polyloft-bvm/internal/lexer/lexer.go:397.32,399.3 1 0
github.com/ArubikU/polyloft-bvm/internal/lexer/lexer.go:400.2,400.28 1 0
github.com/ArubikU/polyloft-bvm/internal/lexer/lexer.go:403.33,406.15 3 0
github.com/ArubikU/polyloft-bvm/internal/lexer/lexer.go:406.15,409.3 2 0
github.com/ArubikU/polyloft-bvm/internal/lexer/lexer.go:409.8,411.3 1 0
github.com/ArubikU/polyloft-bvm/internal/lexer/lexer.go:412.2,412.10 1 0
github.com/ArubikU/polyloft-bvm/internal/lexer/lexer.go:415.33,417.2 1 0
github.com/ArubikU/polyloft-bvm/internal/diagnostic/diagnostic.go:43.32,44.14 1 0
github.com/ArubikU/polyloft-bvm/internal/diagnostic/diagnostic.go:44.14,46.3 1 0
github.com/ArubikU/polyloft-bvm/internal/diagnostic/diagnostic.go:47.2,47.18 1 0
github.com/ArubikU/polyloft-bvm/internal/diagnostic/diagnostic.go:47.18,48.33 1 0
github.com/ArubikU/polyloft-bvm/internal/diagnostic/diagnostic.go:48.33,50.4 1 0
github.com/ArubikU/polyloft-bvm/internal/diagnostic/diagnostic.go:51.3,51.17 1 0
github.com/ArubikU/polyloft-bvm/internal/diagnostic/diagnostic.go:51.17,53.4 1 0
github.com/ArubikU/polyloft-bvm/internal/diagnostic/diagnostic.go:54.3,54.50 1 0
github.com/ArubikU/polyloft-bvm/internal/diagnostic/diagnostic.go:56.2,56.21 1 0
github.com/ArubikU/polyloft-bvm/internal/diagnostic/diagnostic.go:56.21,58.3 1 0
github.com/ArubikU/polyloft-bvm/internal/diagnostic/diagnostic.go:59.2,59.20 1 0
github.com/ArubikU/polyloft-bvm/internal/diagnostic/diagnostic.go:59.20,61.3 1 0
github.com/ArubikU/polyloft-bvm/internal/diagnostic/diagnostic.go:62.2,62.27 1 0
github.com/ArubikU/polyloft-bvm/internal/diagnostic/diagnostic.go:65.32,66.14 1 0
github.com/ArubikU/polyloft-bvm/internal/diagnostic/diagnostic.go:66.14,68.3 1 0
github.com/ArubikU/polyloft-bvm/internal/diagnostic/diagnostic.go:69.2,69.16 1 0
github.com/ArubikU/polyloft-bvm/internal/diagnostic/diagnostic.go:72.42,73.28 1 0
github.com/ArubikU/polyloft-bvm/internal/diagnostic/diagnostic.go:73.28,75.3 1 0
github.com/ArubikU/polyloft-bvm/internal/diagnostic/diagnostic.go:76.2,76.14 1 0
github.com/ArubikU/polyloft-bvm/internal/diagnostic/diagnostic.go:76.14,78.3 1 0
github.com/ArubikU/polyloft-bvm/internal/diagnostic/diagnostic.go:79.2,79.25 1 0
github.com/ArubikU/polyloft-bvm/internal/diagnostic/diagnostic.go:82.73,83.39 1 0
github.com/ArubikU/polyloft-bvm/internal/diagnostic/diagnostic.go:83.39,85.3 1 0
github.com/ArubikU/polyloft-bvm/internal/diagnostic/diagnostic.go:86.2,92.3 1 0
github.com/ArubikU/polyloft-bvm/internal/diagnostic/diagnostic.go:95.67,96.16 1 0
github.com/ArubikU/polyloft-bvm/internal/diagnostic/diagnostic.go:96.16,98.3 1 0
github.com/ArubikU/polyloft-bvm/internal/diagnostic/diagnostic.go:99.2,99.32 1 0
github.com/ArubikU/polyloft-bvm/internal/diagnostic/diagnostic.go:99.32,101.24 2 0
github.com/ArubikU/polyloft-bvm/internal/diagnostic/diagnostic.go:101.24,103.4 1 0
github.com/ArubikU/polyloft-bvm/internal/diagnostic/diagnostic.go:104.3,104.28 1 0
github.com/ArubikU/polyloft-bvm/internal/diagnostic/diagnostic.go:104.28,106.4 1 0
github.com/ArubikU/polyloft-bvm/internal/diagnostic/diagnostic.go:107.3,107.24 1 0
github.com/ArubikU/polyloft-bvm/internal/diagnostic/diagnostic.go:107.24,109.4 1 0
github.com/ArubikU/polyloft-bvm/internal/diagnostic/diagnostic.go:110.3,110.26 1 0
github.com/ArubikU/polyloft-bvm/internal/diagnostic/diagnostic.go:110.26,112.4 1 0
github.com/ArubikU/polyloft-bvm/internal/diagnostic/diagnostic.go:113.3,113.23 1 0
github.com/ArubikU/polyloft-bvm/internal/diagnostic/diagnostic.go:113.23,117.4 3 0
github.com/ArubikU/polyloft-bvm/internal/diagnostic/diagnostic.go:118.3,118.50 1 0
github.com/ArubikU/polyloft-bvm/internal/diagnostic/diagnostic.go:118.50,120.4 1 0
github.com/ArubikU/polyloft-bvm/internal/diagnostic/diagnostic.go:121.3,121.26 1 0
github.com/ArubikU/polyloft-bvm/internal/diagnostic/diagnostic.go:121.26,123.4 1 0
github.com/ArubikU/polyloft-bvm/internal/diagnostic/diagnostic.go:124.3,124.17 1 0
github.com/ArubikU/polyloft-bvm/internal/diagnostic/diagnostic.go:127.2,138.3 3 0
github.com/ArubikU/polyloft-bvm/internal/diagnostic/diagnostic.go:141.31,142.16 1 0
github.com/ArubikU/polyloft-bvm/internal/diagnostic/diagnostic.go:142.16,144.3 1 0
github.com/ArubikU/polyloft-bvm/internal/diagnostic/diagnostic.go:145.2,146.9 2 0
github.com/ArubikU/polyloft-bvm/internal/diagnostic/diagnostic.go:146.9,148.3 1 0
github.com/ArubikU/polyloft-bvm/internal/diagnostic/diagnostic.go:150.2,152.16 3 0
github.com/ArubikU/polyloft-bvm/internal/diagnostic/diagnostic.go:152.16,154.3 1 0
github.com/ArubikU/polyloft-bvm/internal/diagnostic/diagnostic.go:154.8,156.3 1 0
github.com/ArubikU/polyloft-bvm/internal/diagnostic/diagnostic.go:158.2,158.19 1 0
github.com/ArubikU/polyloft-bvm/internal/diagnostic/diagnostic.go:158.19,159.35 1 0
github.com/ArubikU/polyloft-bvm/internal/diagnostic/diagnostic.go:159.35,161.4 1 0
github.com/ArubikU/polyloft-bvm/internal/diagnostic/diagnostic.go:161.9,161.25 1 0
github.com/ArubikU/polyloft-bvm/internal/diagnostic/diagnostic.go:161.25,163.4 1 0
github.com/ArubikU/polyloft-bvm/internal/diagnostic/diagnostic.go:163.9,165.4 1 0
github.com/ArubikU/polyloft-bvm/internal/diagnostic/diagnostic.go:168.2,168.19 1 0
github.com/ArubikU/polyloft-bvm/internal/diagnostic/diagnostic.go:168.19,170.3 1 0
github.com/ArubikU/polyloft-bvm/internal/diagnostic/diagnostic.go:172.2,172.23 1 0
github.com/ArubikU/polyloft-bvm/internal/diagnostic/diagnostic.go:172.23,174.34 2 0
github.com/ArubikU/polyloft-bvm/internal/diagnostic/diagnostic.go:174.34,175.22 1 0
github.com/ArubikU/polyloft-bvm/internal/diagnostic/diagnostic.go:175.22,177.5 1 0
github.com/ArubikU/polyloft-bvm/internal/diagnostic/diagnostic.go:177.10,179.5 1 0
github.com/ArubikU/polyloft-bvm/internal/diagnostic/diagnostic.go:183.2,183.34 1 0
github.com/ArubikU/polyloft-bvm/internal/diagnostic/diagnostic.go:188.51,190.17 2 0
github.com/ArubikU/polyloft-bvm/internal/diagnostic/diagnostic.go:190.17,192.3 1 0
github.com/ArubikU/polyloft-bvm/internal/diagnostic/diagnostic.go:193.2,195.30 3 0
github.com/ArubikU/polyloft-bvm/internal/diagnostic/diagnostic.go:195.30,197.3 1 0
github.com/ArubikU/polyloft-bvm/internal/diagnostic/diagnostic.go:198.2,198.18 1 0
github.com/ArubikU/polyloft-bvm/internal/jit/backend.go:160.74,162.33 2 0
github.com/ArubikU/polyloft-bvm/internal/jit/backend.go:162.33,164.3 1 0
github.com/ArubikU/polyloft-bvm/internal/jit/backend.go:165.2,165.13 1 0
github.com/ArubikU/polyloft-bvm/internal/jit/backend.go:168.45,169.12 1 0
github.com/ArubikU/polyloft-bvm/internal/jit/backend.go:170.19,171.23 1 0
github.com/ArubikU/polyloft-bvm/internal/jit/backend.go:172.18,173.22 1 0
github.com/ArubikU/polyloft-bvm/internal/jit/backend.go:174.24,175.28 1 0
github.com/ArubikU/polyloft-bvm/internal/jit/backend.go:176.26,177.30 1 0
github.com/ArubikU/polyloft-bvm/internal/jit/backend.go:178.19,179.23 1 0
github.com/ArubikU/polyloft-bvm/internal/jit/backend.go:180.19,181.23 1 0
github.com/ArubikU/polyloft-bvm/internal/jit/backend.go:182.17,183.21 1 0
github.com/ArubikU/polyloft-bvm/internal/jit/backend.go:184.17,185.21 1 0
github.com/ArubikU/polyloft-bvm/internal/jit/backend.go:186.18,187.22 1 0
github.com/ArubikU/polyloft-bvm/internal/jit/backend.go:188.19,189.23 1 0
github.com/ArubikU/polyloft-bvm/internal/jit/backend.go:190.13,191.17 1 0
github.com/ArubikU/polyloft-bvm/internal/jit/backend.go:192.24,193.28 1 0
github.com/ArubikU/polyloft-bvm/internal/jit/backend.go:194.19,195.23 1 0
github.com/ArubikU/polyloft-bvm/internal/jit/backend.go:196.22,197.26 1 0
github.com/ArubikU/polyloft-bvm/internal/jit/backend.go:198.23,199.27 1 0
github.com/ArubikU/polyloft-bvm/internal/jit/backend.go:200.23,201.27 1 0
github.com/ArubikU/polyloft-bvm/internal/jit/backend.go:202.17,203.21 1 0
github.com/ArubikU/polyloft-bvm/internal/jit/backend.go:204.19,205.23 1 0
github.com/ArubikU/polyloft-bvm/internal/jit/backend.go:206.18,207.22 1 0
github.com/ArubikU/polyloft-bvm/internal/jit/backend.go:208.15,209.19 1 0
github.com/ArubikU/polyloft-bvm/internal/jit/backend.go:210.13,211.22 1 0
github.com/ArubikU/polyloft-bvm/internal/jit/backend.go:212.18,213.22 1 0
github.com/ArubikU/polyloft-bvm/internal/jit/backend.go:214.23,215.27 1 0
github.com/ArubikU/polyloft-bvm/internal/jit/backend.go:216.21,217.25 1 0
github.com/ArubikU/polyloft-bvm/internal/jit/backend.go:218.18,219.22 1 0
github.com/ArubikU/polyloft-bvm/internal/jit/backend.go:220.23,221.27 1 0
github.com/ArubikU/polyloft-bvm/internal/jit/backend.go:222.21,223.25 1 0
github.com/ArubikU/polyloft-bvm/internal/jit/backend.go:224.15,225.19 1 0
github.com/ArubikU/polyloft-bvm/internal/jit/backend.go:226.26,227.30 1 0
github.com/ArubikU/polyloft-bvm/internal/jit/backend.go:228.15,229.19 1 0
github.com/ArubikU/polyloft-bvm/internal/jit/backend.go:230.17,231.21 1 0
github.com/ArubikU/polyloft-bvm/internal/jit/backend.go:232.20,233.24 1 0
github.com/ArubikU/polyloft-bvm/internal/jit/backend.go:234.13,235.17 1 0
github.com/ArubikU/polyloft-bvm/internal/jit/backend.go:236.19,237.23 1 0
github.com/ArubikU/polyloft-bvm/internal/jit/backend.go:238.19,239.23 1 0
github.com/ArubikU/polyloft-bvm/internal/jit/backend.go:240.19,241.23 1 0
github.com/ArubikU/polyloft-bvm/internal/jit/backend.go:242.19,243.23 1 0
github.com/ArubikU/polyloft-bvm/internal/jit/backend.go:244.19,245.23 1 0
github.com/ArubikU/polyloft-bvm/internal/jit/backend.go:246.19,247.23 1 0
github.com/ArubikU/polyloft-bvm/internal/jit/backend.go:248.14,249.18 1 0
github.com/ArubikU/polyloft-bvm/internal/jit/backend.go:250.21,251.25 1 0
github.com/ArubikU/polyloft-bvm/internal/jit/backend.go:252.16,253.17 1 0
github.com/ArubikU/polyloft-bvm/internal/jit/backend.go:254.10,255.11 1 0
github.com/ArubikU/polyloft-bvm/internal/jit/backend.go:259.197,273.2 1 0
github.com/ArubikU/polyloft-bvm/internal/jit/backend.go:275.42,369.2 1 0
github.com/ArubikU/polyloft-bvm/internal/jit/backend.go:371.52,418.2 1 0
github.com/ArubikU/polyloft-bvm/internal/jit/backend.go:420.79,424.25 4 0
github.com/ArubikU/polyloft-bvm/internal/jit/backend.go:424.25,431.3 1 0
github.com/ArubikU/polyloft-bvm/internal/jit/backend.go:432.2,433.16 2 0
github.com/ArubikU/polyloft-bvm/internal/jit/backend.go:436.71,437.14 1 0
github.com/ArubikU/polyloft-bvm/internal/jit/backend.go:438.29,439.51 1 0
github.com/ArubikU/polyloft-bvm/internal/jit/backend.go:440.27,441.51 1 0
github.com/ArubikU/polyloft-bvm/internal/jit/backend.go:442.10,443.20 1 0
github.com/ArubikU/polyloft-bvm/internal/jit/backend.go:447.74,449.2 1 0
github.com/ArubikU/polyloft-bvm/internal/jit/backend.go:451.57,453.9 2 0
github.com/ArubikU/polyloft-bvm/internal/jit/backend.go:453.9,455.3 1 0
github.com/ArubikU/polyloft-bvm/internal/jit/backend.go:456.2,457.31 2 0
github.com/ArubikU/polyloft-bvm/internal/jit/backend.go:457.31,459.3 1 0
github.com/ArubikU/polyloft-bvm/internal/jit/backend.go:460.2,503.9 1 0
github.com/ArubikU/polyloft-bvm/internal/jit/backend_windows.go:9.30,11.2 1 0
github.com/ArubikU/polyloft-bvm/internal/jit/backend_windows.go:13.37,15.2 1 0
github.com/ArubikU/polyloft-bvm/internal/jit/backend_windows.go:17.175,20.2 2 0
github.com/ArubikU/polyloft-bvm/internal/jit/backend_windows.go:22.56,25.2 2 0
github.com/ArubikU/polyloft-bvm/internal/jit/compiler.go:31.26,33.2 1 0
github.com/ArubikU/polyloft-bvm/internal/jit/compiler.go:35.52,36.19 1 0
github.com/ArubikU/polyloft-bvm/internal/jit/compiler.go:36.19,38.3 1 0
github.com/ArubikU/polyloft-bvm/internal/jit/compiler.go:39.2,45.3 1 0
github.com/ArubikU/polyloft-bvm/internal/jit/compiler.go:48.57,49.19 1 0
github.com/ArubikU/polyloft-bvm/internal/jit/compiler.go:49.19,51.3 1 0
github.com/ArubikU/polyloft-bvm/internal/jit/compiler.go:52.2,54.36 3 0
github.com/ArubikU/polyloft-bvm/internal/jit/compiler.go:57.45,61.2 3 0
github.com/ArubikU/polyloft-bvm/internal/jit/compiler.go:63.46,67.2 3 0
github.com/ArubikU/polyloft-bvm/internal/jit/compiler.go:69.37,73.2 3 0
github.com/ArubikU/polyloft-bvm/internal/jit/compiler.go:75.40,77.2 1 0
github.com/ArubikU/polyloft-bvm/internal/jit/compiler.go:79.130,81.2 1 0
github.com/ArubikU/polyloft-bvm/internal/jit/compiler.go:83.166,85.20 2 0
github.com/ArubikU/polyloft-bvm/internal/jit/compiler.go:85.20,87.26 2 0
github.com/ArubikU/polyloft-bvm/internal/jit/compiler.go:87.26,91.4 3 0
github.com/ArubikU/polyloft-bvm/internal/jit/compiler.go:92.3,95.28 4 0
github.com/ArubikU/polyloft-bvm/internal/jit/compiler.go:95.28,100.4 4 0
github.com/ArubikU/polyloft-bvm/internal/jit/compiler.go:101.3,105.9 5 0
github.com/ArubikU/polyloft-bvm/internal/jit/compiler.go:105.9,110.4 4 0
github.com/ArubikU/polyloft-bvm/internal/jit/compiler.go:110.9,114.4 3 0
github.com/ArubikU/polyloft-bvm/internal/jit/compiler.go:115.3,116.10 2 0
github.com/ArubikU/polyloft-bvm/internal/jit/compiler.go:116.10,118.4 1 0
github.com/ArubikU/polyloft-bvm/internal/jit/compiler.go:120.2,121.16 2 0
github.com/ArubikU/polyloft-bvm/internal/jit/compiler.go:121.16,123.3 1 0
github.com/ArubikU/polyloft-bvm/internal/jit/compiler.go:124.2,128.26 5 0
github.com/ArubikU/polyloft-bvm/internal/jit/compiler.go:131.61,132.26 1 0
github.com/ArubikU/polyloft-bvm/internal/jit/compiler.go:132.26,134.3 1 0
github.com/ArubikU/polyloft-bvm/internal/jit/compiler.go:135.2,135.66 1 0
github.com/ArubikU/polyloft-bvm/internal/jit/compiler.go:138.53,139.32 1 0
github.com/ArubikU/polyloft-bvm/internal/jit/compiler.go:139.32,141.3 1 0
github.com/ArubikU/polyloft-bvm/internal/jit/compiler.go:142.2,142.16 1 0
github.com/ArubikU/polyloft-bvm/internal/jit/compiler.go:145.62,148.25 3 0
github.com/ArubikU/polyloft-bvm/internal/jit/compiler.go:148.25,150.3 1 0
github.com/ArubikU/polyloft-bvm/internal/jit/compiler.go:151.2,151.25 1 0
github.com/ArubikU/polyloft-bvm/internal/jit/compiler.go:154.86,155.59 1 0
github.com/ArubikU/polyloft-bvm/internal/jit/compiler.go:155.59,157.3 1 0
github.com/ArubikU/polyloft-bvm/internal/jit/compiler.go:158.2,159.9 2 0
github.com/ArubikU/polyloft-bvm/internal/jit/compiler.go:159.9,161.3 1 0
github.com/ArubikU/polyloft-bvm/internal/jit/compiler.go:162.2,162.114 1 0
github.com/ArubikU/polyloft-bvm/internal/jit/compiler.go:165.108,182.51 14 0
github.com/ArubikU/polyloft-bvm/internal/jit/compiler.go:182.51,183.72 1 0
github.com/ArubikU/polyloft-bvm/internal/jit/compiler.go:183.72,185.4 1 0
github.com/ArubikU/polyloft-bvm/internal/jit/compiler.go:187.2,187.52 1 0
github.com/ArubikU/polyloft-bvm/internal/jit/compiler.go:187.52,188.48 1 0
github.com/ArubikU/polyloft-bvm/internal/jit/compiler.go:188.48,190.4 1 0
github.com/ArubikU/polyloft-bvm/internal/jit/compiler.go:191.3,194.13 4 0
github.com/ArubikU/polyloft-bvm/internal/jit/compiler.go:197.2,197.39 1 0
github.com/ArubikU/polyloft-bvm/internal/jit/compiler.go:197.39,198.70 1 0
github.com/ArubikU/polyloft-bvm/internal/jit/compiler.go:198.70,200.4 1 0
github.com/ArubikU/polyloft-bvm/internal/jit/compiler.go:201.3,203.13 3 0
github.com/ArubikU/polyloft-bvm/internal/jit/compiler.go:204.28,205.29 1 0
github.com/ArubikU/polyloft-bvm/internal/jit/compiler.go:205.29,207.5 1 0
github.com/ArubikU/polyloft-bvm/internal/jit/compiler.go:208.4,210.15 3 0
github.com/ArubikU/polyloft-bvm/internal/jit/compiler.go:211.28,212.47 1 0
github.com/ArubikU/polyloft-bvm/internal/jit/compiler.go:212.47,214.5 1 0
github.com/ArubikU/polyloft-bvm/internal/jit/compiler.go:215.4,216.15 2 0
github.com/ArubikU/polyloft-bvm/internal/jit/compiler.go:217.33,218.29 1 0
github.com/ArubikU/polyloft-bvm/internal/jit/compiler.go:218.29,220.5 1 0
github.com/ArubikU/polyloft-bvm/internal/jit/compiler.go:221.4,223.15 3 0
github.com/ArubikU/polyloft-bvm/internal/jit/compiler.go:224.36,225.47 1 0
github.com/ArubikU/polyloft-bvm/internal/jit/compiler.go:225.47,227.5 1 0
github.com/ArubikU/polyloft-bvm/internal/jit/compiler.go:228.4,230.15 3 0
github.com/ArubikU/polyloft-bvm/internal/jit/compiler.go:231.32,232.29 1 0
github.com/ArubikU/polyloft-bvm/internal/jit/compiler.go:232.29,234.5 1 0
github.com/ArubikU/polyloft-bvm/internal/jit/compiler.go:235.4,238.15 4 0
github.com/ArubikU/polyloft-bvm/internal/jit/compiler.go:239.28,240.29 1 0
github.com/ArubikU/polyloft-bvm/internal/jit/compiler.go:240.29,242.5 1 0
github.com/ArubikU/polyloft-bvm/internal/jit/compiler.go:243.4,245.11 3 0
github.com/ArubikU/polyloft-bvm/internal/jit/compiler.go:245.11,247.5 1 0
github.com/ArubikU/polyloft-bvm/internal/jit/compiler.go:248.4,250.15 3 0
github.com/ArubikU/polyloft-bvm/internal/jit/compiler.go:250.15,254.5 3 0
github.com/ArubikU/polyloft-bvm/internal/jit/compiler.go:255.4,257.15 3 0
github.com/ArubikU/polyloft-bvm/internal/jit/compiler.go:258.27,259.29 1 0
github.com/ArubikU/polyloft-bvm/internal/jit/compiler.go:259.29,261.5 1 0
github.com/ArubikU/polyloft-bvm/internal/jit/compiler.go:262.4,265.11 4 0
github.com/ArubikU/polyloft-bvm/internal/jit/compiler.go:265.11,267.5 1 0
github.com/ArubikU/polyloft-bvm/internal/jit/compiler.go:268.4,268.37 1 0
github.com/ArubikU/polyloft-bvm/internal/jit/compiler.go:268.37,270.5 1 0
github.com/ArubikU/polyloft-bvm/internal/jit/compiler.go:271.4,274.15 4 0
github.com/ArubikU/polyloft-bvm/internal/jit/compiler.go:274.15,278.5 3 0
github.com/ArubikU/polyloft-bvm/internal/jit/compiler.go:279.4,281.15 3 0
github.com/ArubikU/polyloft-bvm/internal/jit/compiler.go:282.23,285.12 3 0
github.com/ArubikU/polyloft-bvm/internal/jit/compiler.go:286.24,289.12 3 0
github.com/ArubikU/polyloft-bvm/internal/jit/compiler.go:290.25,293.12 3 0
github.com/ArubikU/polyloft-bvm/internal/jit/compiler.go:294.23,295.22 1 0
github.com/ArubikU/polyloft-bvm/internal/jit/compiler.go:295.22,297.5 1 0
github.com/ArubikU/polyloft-bvm/internal/jit/compiler.go:298.4,300.12 3 0
github.com/ArubikU/polyloft-bvm/internal/jit/compiler.go:301.34,302.65 1 0
github.com/ArubikU/polyloft-bvm/internal/jit/compiler.go:302.65,304.5 1 0
github.com/ArubikU/polyloft-bvm/internal/jit/compiler.go:305.4,307.15 3 0
github.com/ArubikU/polyloft-bvm/internal/jit/compiler.go:308.29,309.65 1 0
github.com/ArubikU/polyloft-bvm/internal/jit/compiler.go:309.65,311.5 1 0
github.com/ArubikU/polyloft-bvm/internal/jit/compiler.go:312.4,314.11 3 0
github.com/ArubikU/polyloft-bvm/internal/jit/compiler.go:314.11,316.5 1 0
github.com/ArubikU/polyloft-bvm/internal/jit/compiler.go:317.4,317.48 1 0
github.com/ArubikU/polyloft-bvm/internal/jit/compiler.go:317.48,318.35 1 0
github.com/ArubikU/polyloft-bvm/internal/jit/compiler.go:318.35,320.6 1 0
github.com/ArubikU/polyloft-bvm/internal/jit/compiler.go:321.5,321.65 1 0
github.com/ArubikU/polyloft-bvm/internal/jit/compiler.go:321.65,323.6 1 0
github.com/ArubikU/polyloft-bvm/internal/jit/compiler.go:325.4,327.15 3 0
github.com/ArubikU/polyloft-bvm/internal/jit/compiler.go:327.15,331.5 3 0
github.com/ArubikU/polyloft-bvm/internal/jit/compiler.go:332.4,334.15 3 0
github.com/ArubikU/polyloft-bvm/internal/jit/compiler.go:335.26,336.67 1 0
github.com/ArubikU/polyloft-bvm/internal/jit/compiler.go:336.67,338.5 1 0
github.com/ArubikU/polyloft-bvm/internal/jit/compiler.go:339.4,341.15 3 0
github.com/ArubikU/polyloft-bvm/internal/jit/compiler.go:342.33,343.65 1 0
github.com/ArubikU/polyloft-bvm/internal/jit/compiler.go:343.65,345.5 1 0
github.com/ArubikU/polyloft-bvm/internal/jit/compiler.go:346.4,350.15 5 0
github.com/ArubikU/polyloft-bvm/internal/jit/compiler.go:351.33,352.29 1 0
github.com/ArubikU/polyloft-bvm/internal/jit/compiler.go:352.29,354.5 1 0
github.com/ArubikU/polyloft-bvm/internal/jit/compiler.go:355.4,359.15 5 0
github.com/ArubikU/polyloft-bvm/internal/jit/compiler.go:360.27,361.22 1 0
github.com/ArubikU/polyloft-bvm/internal/jit/compiler.go:361.22,363.5 1 0
github.com/ArubikU/polyloft-bvm/internal/jit/compiler.go:364.4,365.12 2 0
github.com/ArubikU/polyloft-bvm/internal/jit/compiler.go:366.29,367.22 1 0
github.com/ArubikU/polyloft-bvm/internal/jit/compiler.go:367.22,369.5 1 0
github.com/ArubikU/polyloft-bvm/internal/jit/compiler.go:370.4,371.12 2 0
github.com/ArubikU/polyloft-bvm/internal/jit/compiler.go:372.23,373.22 1 0
github.com/ArubikU/polyloft-bvm/internal/jit/compiler.go:373.22,375.5 1 0
github.com/ArubikU/polyloft-bvm/internal/jit/compiler.go:376.4,378.12 3 0
github.com/ArubikU/polyloft-bvm/internal/jit/compiler.go:379.23,380.22 1 0
github.com/ArubikU/polyloft-bvm/internal/jit/compiler.go:380.22,382.5 1 0
github.com/ArubikU/polyloft-bvm/internal/jit/compiler.go:383.4,385.12 3 0
github.com/ArubikU/polyloft-bvm/internal/jit/compiler.go:386.23,387.22 1 0
github.com/ArubikU/polyloft-bvm/internal/jit/compiler.go:387.22,389.5 1 0
github.com/ArubikU/polyloft-bvm/internal/jit/compiler.go:390.4,392.12 3 0
github.com/ArubikU/polyloft-bvm/internal/jit/compiler.go:393.23,394.22 1 0
github.com/ArubikU/polyloft-bvm/internal/jit/compiler.go:394.22,396.5 1 0
github.com/ArubikU/polyloft-bvm/internal/jit/compiler.go:397.4,399.12 3 0
github.com/ArubikU/polyloft-bvm/internal/jit/compiler.go:400.23,401.22 1 0
github.com/ArubikU/polyloft-bvm/internal/jit/compiler.go:401.22,403.5 1 0
github.com/ArubikU/polyloft-bvm/internal/jit/compiler.go:404.4,406.12 3 0
github.com/ArubikU/polyloft-bvm/internal/jit/compiler.go:407.36,408.29 1 0
github.com/ArubikU/polyloft-bvm/internal/jit/compiler.go:408.29,410.5 1 0
github.com/ArubikU/polyloft-bvm/internal/jit/compiler.go:411.4,412.15 2 0
github.com/ArubikU/polyloft-bvm/internal/jit/compiler.go:413.25,414.29 1 0
github.com/ArubikU/polyloft-bvm/internal/jit/compiler.go:414.29,416.5 1 0
github.com/ArubikU/polyloft-bvm/internal/jit/compiler.go:417.4,418.26 2 0
github.com/ArubikU/polyloft-bvm/internal/jit/compiler.go:418.26,420.5 1 0
github.com/ArubikU/polyloft-bvm/internal/jit/compiler.go:421.4,423.15 3 0
github.com/ArubikU/polyloft-bvm/internal/jit/compiler.go:424.23,425.29 1 0
github.com/ArubikU/polyloft-bvm/internal/jit/compiler.go:425.29,427.5 1 0
github.com/ArubikU/polyloft-bvm/internal/jit/compiler.go:428.4,429.28 2 0
github.com/ArubikU/polyloft-bvm/internal/jit/compiler.go:429.28,431.5 1 0
github.com/ArubikU/polyloft-bvm/internal/jit/compiler.go:432.4,434.15 3 0
github.com/ArubikU/polyloft-bvm/internal/jit/compiler.go:435.78,436.22 1 0
github.com/ArubikU/polyloft-bvm/internal/jit/compiler.go:436.22,438.5 1 0
github.com/ArubikU/polyloft-bvm/internal/jit/compiler.go:439.4,440.14 2 0
github.com/ArubikU/polyloft-bvm/internal/jit/compiler.go:441.34,442.29 1 0
github.com/ArubikU/polyloft-bvm/internal/jit/compiler.go:443.32,444.27 1 0
github.com/ArubikU/polyloft-bvm/internal/jit/compiler.go:446.4,448.12 3 0
github.com/ArubikU/polyloft-bvm/internal/jit/compiler.go:449.78,450.22 1 0
github.com/ArubikU/polyloft-bvm/internal/jit/compiler.go:450.22,452.5 1 0
github.com/ArubikU/polyloft-bvm/internal/jit/compiler.go:453.4,454.14 2 0
github.com/ArubikU/polyloft-bvm/internal/jit/compiler.go:455.34,456.29 1 0
github.com/ArubikU/polyloft-bvm/internal/jit/compiler.go:457.32,458.27 1 0
github.com/ArubikU/polyloft-bvm/internal/jit/compiler.go:460.4,462.12 3 0
github.com/ArubikU/polyloft-bvm/internal/jit/compiler.go:463.25,464.22 1 0
github.com/ArubikU/polyloft-bvm/internal/jit/compiler.go:464.22,466.5 1 0
github.com/ArubikU/polyloft-bvm/internal/jit/compiler.go:467.4,469.12 3 0
github.com/ArubikU/polyloft-bvm/internal/jit/compiler.go:470.25,471.22 1 0
github.com/ArubikU/polyloft-bvm/internal/jit/compiler.go:471.22,473.5 1 0
github.com/ArubikU/polyloft-bvm/internal/jit/compiler.go:474.4,476.12 3 0
github.com/ArubikU/polyloft-bvm/internal/jit/compiler.go:477.27,478.22 1 0
github.com/ArubikU/polyloft-bvm/internal/jit/compiler.go:478.22,480.5 1 0
github.com/ArubikU/polyloft-bvm/internal/jit/compiler.go:481.4,483.12 3 0
github.com/ArubikU/polyloft-bvm/internal/jit/compiler.go:484.30,485.22 1 0
github.com/ArubikU/polyloft-bvm/internal/jit/compiler.go:485.22,487.5 1 0
github.com/ArubikU/polyloft-bvm/internal/jit/compiler.go:488.4,490.12 3 0
github.com/ArubikU/polyloft-bvm/internal/jit/compiler.go:491.23,492.22 1 0
github.com/ArubikU/polyloft-bvm/internal/jit/compiler.go:492.22,494.5 1 0
github.com/ArubikU/polyloft-bvm/internal/jit/compiler.go:495.4,496.12 2 0
github.com/ArubikU/polyloft-bvm/internal/jit/compiler.go:497.102,498.22 1 0
github.com/ArubikU/polyloft-bvm/internal/jit/compiler.go:498.22,500.5 1 0
github.com/ArubikU/polyloft-bvm/internal/jit/compiler.go:501.4,502.14 2 0
github.com/ArubikU/polyloft-bvm/internal/jit/compiler.go:503.27,504.25 1 0
github.com/ArubikU/polyloft-bvm/internal/jit/compiler.go:505.27,506.25 1 0
github.com/ArubikU/polyloft-bvm/internal/jit/compiler.go:507.27,508.25 1 0
github.com/ArubikU/polyloft-bvm/internal/jit/compiler.go:509.27,510.25 1 0
github.com/ArubikU/polyloft-bvm/internal/jit/compiler.go:512.4,514.12 3 0
github.com/ArubikU/polyloft-bvm/internal/jit/compiler.go:515.26,516.22 1 0
github.com/ArubikU/polyloft-bvm/internal/jit/compiler.go:516.22,518.5 1 0
github.com/ArubikU/polyloft-bvm/internal/jit/compiler.go:519.4,520.12 2 0
github.com/ArubikU/polyloft-bvm/internal/jit/compiler.go:521.24,522.29 1 0
github.com/ArubikU/polyloft-bvm/internal/jit/compiler.go:522.29,524.5 1 0
github.com/ArubikU/polyloft-bvm/internal/jit/compiler.go:525.4,529.15 5 0
github.com/ArubikU/polyloft-bvm/internal/jit/compiler.go:530.31,531.47 1 0
github.com/ArubikU/polyloft-bvm/internal/jit/compiler.go:531.47,533.5 1 0
github.com/ArubikU/polyloft-bvm/internal/jit/compiler.go:534.4,538.15 5 0
github.com/ArubikU/polyloft-bvm/internal/jit/compiler.go:539.24,540.29 1 0
github.com/ArubikU/polyloft-bvm/internal/jit/compiler.go:540.29,542.5 1 0
github.com/ArubikU/polyloft-bvm/internal/jit/compiler.go:543.4,547.15 5 0
github.com/ArubikU/polyloft-bvm/internal/jit/compiler.go:548.26,549.22 1 0
github.com/ArubikU/polyloft-bvm/internal/jit/compiler.go:549.22,551.5 1 0
github.com/ArubikU/polyloft-bvm/internal/jit/compiler.go:552.4,553.29 2 0
github.com/ArubikU/polyloft-bvm/internal/jit/compiler.go:553.29,555.5 1 0
github.com/ArubikU/polyloft-bvm/internal/jit/compiler.go:556.4,556.45 1 0
github.com/ArubikU/polyloft-bvm/internal/jit/compiler.go:556.45,558.5 1 0
github.com/ArubikU/polyloft-bvm/internal/jit/compiler.go:559.4,560.34 2 0
github.com/ArubikU/polyloft-bvm/internal/jit/compiler.go:560.34,562.12 2 0
github.com/ArubikU/polyloft-bvm/internal/jit/compiler.go:562.12,564.6 1 0
github.com/ArubikU/polyloft-bvm/internal/jit/compiler.go:565.5,565.47 1 0
github.com/ArubikU/polyloft-bvm/internal/jit/compiler.go:567.4,567.68 1 0
github.com/ArubikU/polyloft-bvm/internal/jit/compiler.go:568.11,569.92 1 0
github.com/ArubikU/polyloft-bvm/internal/jit/compiler.go:571.3,571.28 1 0
github.com/ArubikU/polyloft-bvm/internal/jit/compiler.go:571.28,573.4 1 0
github.com/ArubikU/polyloft-bvm/internal/jit/compiler.go:575.2,575.77 1 0
github.com/ArubikU/polyloft-bvm/internal/jit/compiler.go:578.44,579.39 1 0
github.com/ArubikU/polyloft-bvm/internal/jit/compiler.go:579.39,581.13 2 0
github.com/ArubikU/polyloft-bvm/internal/jit/compiler.go:582.42,583.12 1 0
github.com/ArubikU/polyloft-bvm/internal/jit/compiler.go:584.11,585.16 1 0
github.com/ArubikU/polyloft-bvm/internal/jit/compiler.go:588.2,588.13 1 0
github.com/ArubikU/polyloft-bvm/internal/jit/compiler.go:591.57,592.38 1 0
github.com/ArubikU/polyloft-bvm/internal/jit/compiler.go:593.11,594.48 1 0
github.com/ArubikU/polyloft-bvm/internal/jit/compiler.go:595.13,596.41 1 0
github.com/ArubikU/polyloft-bvm/internal/jit/compiler.go:597.26,598.44 1 0
github.com/ArubikU/polyloft-bvm/internal/jit/compiler.go:599.15,600.43 1 0
github.com/ArubikU/polyloft-bvm/internal/jit/compiler.go:601.14,602.44 1 0
github.com/ArubikU/polyloft-bvm/internal/jit/compiler.go:603.12,604.42 1 0
github.com/ArubikU/polyloft-bvm/internal/jit/compiler.go:605.12,606.42 1 0
github.com/ArubikU/polyloft-bvm/internal/jit/compiler.go:607.19,608.166 1 0
github.com/ArubikU/polyloft-bvm/internal/jit/compiler.go:608.166,610.4 1 0
github.com/ArubikU/polyloft-bvm/internal/jit/compiler.go:611.3,611.33 1 0
github.com/ArubikU/polyloft-bvm/internal/jit/compiler.go:612.10,613.33 1 0
github.com/ArubikU/polyloft-bvm/internal/jit/compiler.go:617.45,618.16 1 0
github.com/ArubikU/polyloft-bvm/internal/jit/compiler.go:619.17,620.15 1 0
github.com/ArubikU/polyloft-bvm/internal/jit/compiler.go:621.20,622.38 1 0
github.com/ArubikU/polyloft-bvm/internal/jit/compiler.go:622.38,624.4 1 0
github.com/ArubikU/polyloft-bvm/internal/jit/compiler.go:625.3,625.55 1 0
github.com/ArubikU/polyloft-bvm/internal/jit/compiler.go:626.18,627.40 1 0
github.com/ArubikU/polyloft-bvm/internal/jit/compiler.go:628.32,629.49 1 0
github.com/ArubikU/polyloft-bvm/internal/jit/compiler.go:630.10,631.40 1 0
github.com/ArubikU/polyloft-bvm/internal/jit/compiler.go:635.131,636.20 1 0
github.com/ArubikU/polyloft-bvm/internal/jit/compiler.go:636.20,638.3 1 0
github.com/ArubikU/polyloft-bvm/internal/jit/compiler.go:639.2,640.9 2 0
github.com/ArubikU/polyloft-bvm/internal/jit/compiler.go:640.9,642.3 1 0
github.com/ArubikU/polyloft-bvm/internal/jit/compiler.go:643.2,643.32 1 0
github.com/ArubikU/polyloft-bvm/internal/jit/compiler.go:643.32,645.3 1 0
github.com/ArubikU/polyloft-bvm/internal/jit/compiler.go:647.2,649.21 3 0
github.com/ArubikU/polyloft-bvm/internal/jit/compiler.go:649.21,650.22 1 0
github.com/ArubikU/polyloft-bvm/internal/jit/compiler.go:650.22,652.4 1 0
github.com/ArubikU/polyloft-bvm/internal/jit/compiler.go:653.3,653.11 1 0
github.com/ArubikU/polyloft-bvm/internal/jit/compiler.go:655.2,655.27 1 0
github.com/ArubikU/polyloft-bvm/internal/jit/compiler.go:655.27,657.26 2 0
github.com/ArubikU/polyloft-bvm/internal/jit/compiler.go:657.26,659.4 1 0
github.com/ArubikU/polyloft-bvm/internal/jit/compiler.go:660.3,660.21 1 0
github.com/ArubikU/polyloft-bvm/internal/jit/compiler.go:662.2,663.39 2 0
github.com/ArubikU/polyloft-bvm/internal/jit/compiler.go:663.39,665.29 2 0
github.com/ArubikU/polyloft-bvm/internal/jit/compiler.go:666.22,668.39 2 0
github.com/ArubikU/polyloft-bvm/internal/jit/compiler.go:668.39,670.5 1 0
github.com/ArubikU/polyloft-bvm/internal/jit/compiler.go:671.4,672.8 2 0
github.com/ArubikU/polyloft-bvm/internal/jit/compiler.go:673.21,675.22 2 0
github.com/ArubikU/polyloft-bvm/internal/jit/compiler.go:675.22,677.5 1 0
github.com/ArubikU/polyloft-bvm/internal/jit/compiler.go:678.4,678.39 1 0
github.com/ArubikU/polyloft-bvm/internal/jit/compiler.go:678.39,680.5 1 0
github.com/ArubikU/polyloft-bvm/internal/jit/compiler.go:681.4,682.8 2 0
github.com/ArubikU/polyloft-bvm/internal/jit/compiler.go:683.27,685.140 2 0
github.com/ArubikU/polyloft-bvm/internal/jit/compiler.go:685.140,687.5 1 0
github.com/ArubikU/polyloft-bvm/internal/jit/compiler.go:688.4,689.8 2 0
github.com/ArubikU/polyloft-bvm/internal/jit/compiler.go:690.29,692.22 2 0
github.com/ArubikU/polyloft-bvm/internal/jit/compiler.go:692.22,694.5 1 0
github.com/ArubikU/polyloft-bvm/internal/jit/compiler.go:695.4,695.108 1 0
github.com/ArubikU/polyloft-bvm/internal/jit/compiler.go:695.108,697.5 1 0
github.com/ArubikU/polyloft-bvm/internal/jit/compiler.go:698.4,701.8 4 0
github.com/ArubikU/polyloft-bvm/internal/jit/compiler.go:702.22,704.23 2 0
github.com/ArubikU/polyloft-bvm/internal/jit/compiler.go:704.23,706.5 1 0
github.com/ArubikU/polyloft-bvm/internal/jit/compiler.go:707.4,707.48 1 0
github.com/ArubikU/polyloft-bvm/internal/jit/compiler.go:707.48,709.5 1 0
github.com/ArubikU/polyloft-bvm/internal/jit/compiler.go:710.4,711.8 2 0
github.com/ArubikU/polyloft-bvm/internal/jit/compiler.go:712.22,714.48 2 0
github.com/ArubikU/polyloft-bvm/internal/jit/compiler.go:714.48,716.5 1 0
github.com/ArubikU/polyloft-bvm/internal/jit/compiler.go:717.4,718.8 2 0
github.com/ArubikU/polyloft-bvm/internal/jit/compiler.go:719.20,721.48 2 0
github.com/ArubikU/polyloft-bvm/internal/jit/compiler.go:721.48,723.5 1 0
github.com/ArubikU/polyloft-bvm/internal/jit/compiler.go:724.4,725.8 2 0
github.com/ArubikU/polyloft-bvm/internal/jit/compiler.go:726.20,728.8 2 0
github.com/ArubikU/polyloft-bvm/internal/jit/compiler.go:729.21,731.8 2 0
github.com/ArubikU/polyloft-bvm/internal/jit/compiler.go:732.22,734.8 2 0
github.com/ArubikU/polyloft-bvm/internal/jit/compiler.go:735.16,736.22 1 0
github.com/ArubikU/polyloft-bvm/internal/jit/compiler.go:736.22,738.5 1 0
github.com/ArubikU/polyloft-bvm/internal/jit/compiler.go:739.4,740.8 2 0
github.com/ArubikU/polyloft-bvm/internal/jit/compiler.go:741.27,744.25 3 0
github.com/ArubikU/polyloft-bvm/internal/jit/compiler.go:744.25,746.5 1 0
github.com/ArubikU/polyloft-bvm/internal/jit/compiler.go:747.4,747.140 1 0
github.com/ArubikU/polyloft-bvm/internal/jit/compiler.go:747.140,749.5 1 0
github.com/ArubikU/polyloft-bvm/internal/jit/compiler.go:750.4,753.18 4 0
github.com/ArubikU/polyloft-bvm/internal/jit/compiler.go:753.18,755.5 1 0
github.com/ArubikU/polyloft-bvm/internal/jit/compiler.go:756.4,757.8 2 0
github.com/ArubikU/polyloft-bvm/internal/jit/compiler.go:758.22,760.25 2 0
github.com/ArubikU/polyloft-bvm/internal/jit/compiler.go:760.25,762.5 1 0
github.com/ArubikU/polyloft-bvm/internal/jit/compiler.go:763.4,764.58 2 0
github.com/ArubikU/polyloft-bvm/internal/jit/compiler.go:764.58,766.5 1 0
github.com/ArubikU/polyloft-bvm/internal/jit/compiler.go:767.4,771.18 5 0
github.com/ArubikU/polyloft-bvm/internal/jit/compiler.go:771.18,773.5 1 0
github.com/ArubikU/polyloft-bvm/internal/jit/compiler.go:774.4,775.8 2 0
github.com/ArubikU/polyloft-bvm/internal/jit/compiler.go:776.25,778.27 2 0
github.com/ArubikU/polyloft-bvm/internal/jit/compiler.go:778.27,780.5 1 0
github.com/ArubikU/polyloft-bvm/internal/jit/compiler.go:781.4,782.56 2 0
github.com/ArubikU/polyloft-bvm/internal/jit/compiler.go:782.56,784.5 1 0
github.com/ArubikU/polyloft-bvm/internal/jit/compiler.go:785.4,790.18 6 0
github.com/ArubikU/polyloft-bvm/internal/jit/compiler.go:790.18,792.5 1 0
github.com/ArubikU/polyloft-bvm/internal/jit/compiler.go:793.4,794.8 2 0
github.com/ArubikU/polyloft-bvm/internal/jit/compiler.go:795.26,797.11 2 0
github.com/ArubikU/polyloft-bvm/internal/jit/compiler.go:797.11,799.5 1 0
github.com/ArubikU/polyloft-bvm/internal/jit/compiler.go:800.4,800.30 1 0
github.com/ArubikU/polyloft-bvm/internal/jit/compiler.go:800.30,802.5 1 0
github.com/ArubikU/polyloft-bvm/internal/jit/compiler.go:803.4,803.65 1 0
github.com/ArubikU/polyloft-bvm/internal/jit/compiler.go:803.65,805.5 1 0
github.com/ArubikU/polyloft-bvm/internal/jit/compiler.go:806.4,806.8 1 0
github.com/ArubikU/polyloft-bvm/internal/jit/compiler.go:807.26,809.11 2 0
github.com/ArubikU/polyloft-bvm/internal/jit/compiler.go:809.11,811.5 1 0
github.com/ArubikU/polyloft-bvm/internal/jit/compiler.go:812.4,813.18 2 0
github.com/ArubikU/polyloft-bvm/internal/jit/compiler.go:813.18,815.5 1 0
github.com/ArubikU/polyloft-bvm/internal/jit/compiler.go:816.4,816.16 1 0
github.com/ArubikU/polyloft-bvm/internal/jit/compiler.go:816.16,818.13 2 0
github.com/ArubikU/polyloft-bvm/internal/jit/compiler.go:820.4,821.8 2 0
github.com/ArubikU/polyloft-bvm/internal/jit/compiler.go:822.20,823.22 1 0
github.com/ArubikU/polyloft-bvm/internal/jit/compiler.go:823.22,825.5 1 0
github.com/ArubikU/polyloft-bvm/internal/jit/compiler.go:826.4,827.36 2 0
github.com/ArubikU/polyloft-bvm/internal/jit/compiler.go:827.36,829.5 1 0
github.com/ArubikU/polyloft-bvm/internal/jit/compiler.go:830.4,830.45 1 0
github.com/ArubikU/polyloft-bvm/internal/jit/compiler.go:830.45,832.5 1 0
github.com/ArubikU/polyloft-bvm/internal/jit/compiler.go:832.10,834.5 1 0
github.com/ArubikU/polyloft-bvm/internal/jit/compiler.go:835.4,835.8 1 0
github.com/ArubikU/polyloft-bvm/internal/jit/compiler.go:836.22,837.22 1 0
github.com/ArubikU/polyloft-bvm/internal/jit/compiler.go:837.22,839.5 1 0
github.com/ArubikU/polyloft-bvm/internal/jit/compiler.go:840.4,841.36 2 0
github.com/ArubikU/polyloft-bvm/internal/jit/compiler.go:841.36,843.5 1 0
github.com/ArubikU/polyloft-bvm/internal/jit/compiler.go:844.4,845.8 2 0
github.com/ArubikU/polyloft-bvm/internal/jit/compiler.go:846.21,847.22 1 0
github.com/ArubikU/polyloft-bvm/internal/jit/compiler.go:847.22,849.5 1 0
github.com/ArubikU/polyloft-bvm/internal/jit/compiler.go:850.4,854.18 5 0
github.com/ArubikU/polyloft-bvm/internal/jit/compiler.go:854.18,856.5 1 0
github.com/ArubikU/polyloft-bvm/internal/jit/compiler.go:857.4,858.8 2 0
github.com/ArubikU/polyloft-bvm/internal/jit/compiler.go:859.18,861.26 2 0
github.com/ArubikU/polyloft-bvm/internal/jit/compiler.go:861.26,863.5 1 0
github.com/ArubikU/polyloft-bvm/internal/jit/compiler.go:864.4,868.8 5 0
github.com/ArubikU/polyloft-bvm/internal/jit/compiler.go:869.21,871.28 2 0
github.com/ArubikU/polyloft-bvm/internal/jit/compiler.go:871.28,873.5 1 0
github.com/ArubikU/polyloft-bvm/internal/jit/compiler.go:874.4,875.31 2 0
github.com/ArubikU/polyloft-bvm/internal/jit/compiler.go:875.31,879.33 4 0
github.com/ArubikU/polyloft-bvm/internal/jit/compiler.go:879.33,881.6 1 0
github.com/ArubikU/polyloft-bvm/internal/jit/compiler.go:882.5,882.27 1 0
github.com/ArubikU/polyloft-bvm/internal/jit/compiler.go:884.4,885.8 2 0
github.com/ArubikU/polyloft-bvm/internal/jit/compiler.go:886.57,887.22 1 0
github.com/ArubikU/polyloft-bvm/internal/jit/compiler.go:887.22,889.5 1 0
github.com/ArubikU/polyloft-bvm/internal/jit/compiler.go:890.4,894.18 5 0
github.com/ArubikU/polyloft-bvm/internal/jit/compiler.go:894.18,896.5 1 0
github.com/ArubikU/polyloft-bvm/internal/jit/compiler.go:897.4,898.8 2 0
github.com/ArubikU/polyloft-bvm/internal/jit/compiler.go:899.57,900.22 1 0
github.com/ArubikU/polyloft-bvm/internal/jit/compiler.go:900.22,902.5 1 0
github.com/ArubikU/polyloft-bvm/internal/jit/compiler.go:903.4,907.88 5 0
github.com/ArubikU/polyloft-bvm/internal/jit/compiler.go:907.88,909.5 1 0
github.com/ArubikU/polyloft-bvm/internal/jit/compiler.go:910.4,910.8 1 0
github.com/ArubikU/polyloft-bvm/internal/jit/compiler.go:911.18,912.22 1 0
github.com/ArubikU/polyloft-bvm/internal/jit/compiler.go:912.22,914.5 1 0
github.com/ArubikU/polyloft-bvm/internal/jit/compiler.go:915.4,920.18 6 0
github.com/ArubikU/polyloft-bvm/internal/jit/compiler.go:920.18,922.5 1 0
github.com/ArubikU/polyloft-bvm/internal/jit/compiler.go:923.4,924.8 2 0
github.com/ArubikU/polyloft-bvm/internal/jit/compiler.go:925.29,929.88 4 0
github.com/ArubikU/polyloft-bvm/internal/jit/compiler.go:929.88,931.5 1 0
github.com/ArubikU/polyloft-bvm/internal/jit/compiler.go:932.4,936.18 5 0
github.com/ArubikU/polyloft-bvm/internal/jit/compiler.go:936.18,938.5 1 0
github.com/ArubikU/polyloft-bvm/internal/jit/compiler.go:939.4,940.8 2 0
github.com/ArubikU/polyloft-bvm/internal/jit/compiler.go:941.18,942.22 1 0
github.com/ArubikU/polyloft-bvm/internal/jit/compiler.go:942.22,944.5 1 0
github.com/ArubikU/polyloft-bvm/internal/jit/compiler.go:945.4,949.8 5 0
github.com/ArubikU/polyloft-bvm/internal/jit/compiler.go:950.36,951.22 1 0
github.com/ArubikU/polyloft-bvm/internal/jit/compiler.go:951.22,953.5 1 0
github.com/ArubikU/polyloft-bvm/internal/jit/compiler.go:954.4,958.18 5 0
github.com/ArubikU/polyloft-bvm/internal/jit/compiler.go:958.18,960.5 1 0
github.com/ArubikU/polyloft-bvm/internal/jit/compiler.go:961.4,962.8 2 0
github.com/ArubikU/polyloft-bvm/internal/jit/compiler.go:963.16,964.22 1 0
github.com/ArubikU/polyloft-bvm/internal/jit/compiler.go:964.22,966.5 1 0
github.com/ArubikU/polyloft-bvm/internal/jit/compiler.go:967.4,969.8 3 0
github.com/ArubikU/polyloft-bvm/internal/jit/compiler.go:970.22,971.22 1 0
github.com/ArubikU/polyloft-bvm/internal/jit/compiler.go:971.22,973.5 1 0
github.com/ArubikU/polyloft-bvm/internal/jit/compiler.go:974.4,976.36 3 0
github.com/ArubikU/polyloft-bvm/internal/jit/compiler.go:976.36,978.5 1 0
github.com/ArubikU/polyloft-bvm/internal/jit/compiler.go:979.4,979.45 1 0
github.com/ArubikU/polyloft-bvm/internal/jit/compiler.go:979.45,981.5 1 0
github.com/ArubikU/polyloft-bvm/internal/jit/compiler.go:981.10,983.5 1 0
github.com/ArubikU/polyloft-bvm/internal/jit/compiler.go:984.4,984.8 1 0
github.com/ArubikU/polyloft-bvm/internal/jit/compiler.go:985.82,986.22 1 0
github.com/ArubikU/polyloft-bvm/internal/jit/compiler.go:986.22,988.5 1 0
github.com/ArubikU/polyloft-bvm/internal/jit/compiler.go:989.4,993.18 5 0
github.com/ArubikU/polyloft-bvm/internal/jit/compiler.go:993.18,995.5 1 0
github.com/ArubikU/polyloft-bvm/internal/jit/compiler.go:996.4,997.8 2 0
github.com/ArubikU/polyloft-bvm/internal/jit/compiler.go:998.17,999.33 1 0
github.com/ArubikU/polyloft-bvm/internal/jit/compiler.go:1000.24,1001.22 1 0
github.com/ArubikU/polyloft-bvm/internal/jit/compiler.go:1001.22,1003.5 1 0
github.com/ArubikU/polyloft-bvm/internal/jit/compiler.go:1004.4,1004.39 1 0
github.com/ArubikU/polyloft-bvm/internal/jit/compiler.go:1004.39,1006.13 2 0
github.com/ArubikU/polyloft-bvm/internal/jit/compiler.go:1008.4,1008.8 1 0
github.com/ArubikU/polyloft-bvm/internal/jit/compiler.go:1009.16,1010.22 1 0
github.com/ArubikU/polyloft-bvm/internal/jit/compiler.go:1010.22,1012.5 1 0
github.com/ArubikU/polyloft-bvm/internal/jit/compiler.go:1013.4,1013.35 1 0
github.com/ArubikU/polyloft-bvm/internal/jit/compiler.go:1014.11,1015.108 1 0
github.com/ArubikU/polyloft-bvm/internal/jit/compiler.go:1018.2,1018.95 1 0
github.com/ArubikU/polyloft-bvm/internal/jit/compiler.go:1021.127,1022.61 1 0
github.com/ArubikU/polyloft-bvm/internal/jit/compiler.go:1022.61,1024.3 1 0
github.com/ArubikU/polyloft-bvm/internal/jit/compiler.go:1025.2,1025.16 1 0
github.com/ArubikU/polyloft-bvm/internal/jit/compiler.go:1026.19,1027.80 1 0
github.com/ArubikU/polyloft-bvm/internal/jit/compiler.go:1027.80,1029.4 1 0
github.com/ArubikU/polyloft-bvm/internal/jit/compiler.go:1030.3,1030.52 1 0
github.com/ArubikU/polyloft-bvm/internal/jit/compiler.go:1031.22,1032.80 1 0
github.com/ArubikU/polyloft-bvm/internal/jit/compiler.go:1032.80,1034.4 1 0
github.com/ArubikU/polyloft-bvm/internal/jit/compiler.go:1035.3,1035.52 1 0
github.com/ArubikU/polyloft-bvm/internal/jit/compiler.go:1036.10,1037.103 1 0
github.com/ArubikU/polyloft-bvm/internal/jit/compiler.go:1041.63,1042.29 1 0
github.com/ArubikU/polyloft-bvm/internal/jit/compiler.go:1042.29,1044.3 1 0
github.com/ArubikU/polyloft-bvm/internal/jit/compiler.go:1045.2,1045.19 1 0
github.com/ArubikU/polyloft-bvm/internal/jit/compiler.go:1046.17,1047.14 1 0
github.com/ArubikU/polyloft-bvm/internal/jit/compiler.go:1048.18,1049.33 1 0
github.com/ArubikU/polyloft-bvm/internal/jit/compiler.go:1050.20,1051.42 1 0
github.com/ArubikU/polyloft-bvm/internal/jit/compiler.go:1051.42,1053.4 1 0
github.com/ArubikU/polyloft-bvm/internal/jit/compiler.go:1054.3,1054.41 1 0
github.com/ArubikU/polyloft-bvm/internal/jit/compiler.go:1054.41,1056.4 1 0
github.com/ArubikU/polyloft-bvm/internal/jit/compiler.go:1057.3,1057.31 1 0
github.com/ArubikU/polyloft-bvm/internal/jit/compiler.go:1058.32,1059.31 1 0
github.com/ArubikU/polyloft-bvm/internal/jit/compiler.go:1060.10,1061.15 1 0
github.com/ArubikU/polyloft-bvm/internal/jit/compiler.go:1065.106,1066.16 1 0
github.com/ArubikU/polyloft-bvm/internal/jit/compiler.go:1067.25,1069.10 2 0
github.com/ArubikU/polyloft-bvm/internal/jit/compiler.go:1069.10,1071.4 1 0
github.com/ArubikU/polyloft-bvm/internal/jit/compiler.go:1072.3,1072.37 1 0
github.com/ArubikU/polyloft-bvm/internal/jit/compiler.go:1073.23,1075.10 2 0
github.com/ArubikU/polyloft-bvm/internal/jit/compiler.go:1075.10,1077.4 1 0
github.com/ArubikU/polyloft-bvm/internal/jit/compiler.go:1078.3,1078.31 1 0
github.com/ArubikU/polyloft-bvm/internal/jit/compiler.go:1079.20,1080.34 1 0
github.com/ArubikU/polyloft-bvm/internal/jit/compiler.go:1080.34,1082.4 1 0
github.com/ArubikU/polyloft-bvm/internal/jit/compiler.go:1083.3,1083.40 1 0
github.com/ArubikU/polyloft-bvm/internal/jit/compiler.go:1083.40,1085.4 1 0
github.com/ArubikU/polyloft-bvm/internal/jit/compiler.go:1086.3,1086.40 1 0
github.com/ArubikU/polyloft-bvm/internal/jit/compiler.go:1086.40,1088.4 1 0
github.com/ArubikU/polyloft-bvm/internal/jit/compiler.go:1089.3,1089.34 1 0
github.com/ArubikU/polyloft-bvm/internal/jit/compiler.go:1089.34,1091.4 1 0
github.com/ArubikU/polyloft-bvm/internal/jit/compiler.go:1092.3,1092.64 1 0
github.com/ArubikU/polyloft-bvm/internal/jit/compiler.go:1093.10,1094.81 1 0
github.com/ArubikU/polyloft-bvm/internal/jit/compiler.go:1098.113,1099.16 1 0
github.com/ArubikU/polyloft-bvm/internal/jit/compiler.go:1100.25,1102.10 2 0
github.com/ArubikU/polyloft-bvm/internal/jit/compiler.go:1102.10,1104.4 1 0
github.com/ArubikU/polyloft-bvm/internal/jit/compiler.go:1105.3,1105.48 1 0
github.com/ArubikU/polyloft-bvm/internal/jit/compiler.go:1106.23,1108.10 2 0
github.com/ArubikU/polyloft-bvm/internal/jit/compiler.go:1108.10,1110.4 1 0
github.com/ArubikU/polyloft-bvm/internal/jit/compiler.go:1111.3,1111.42 1 0
github.com/ArubikU/polyloft-bvm/internal/jit/compiler.go:1112.20,1113.40 1 0
github.com/ArubikU/polyloft-bvm/internal/jit/compiler.go:1113.40,1115.4 1 0
github.com/ArubikU/polyloft-bvm/internal/jit/compiler.go:1116.3,1116.34 1 0
github.com/ArubikU/polyloft-bvm/internal/jit/compiler.go:1116.34,1118.4 1 0
github.com/ArubikU/polyloft-bvm/internal/jit/compiler.go:1119.3,1119.53 1 0
github.com/ArubikU/polyloft-bvm/internal/jit/compiler.go:1120.10,1121.67 1 0
github.com/ArubikU/polyloft-bvm/internal/jit/compiler.go:1125.92,1126.60 1 0
github.com/ArubikU/polyloft-bvm/internal/jit/compiler.go:1126.60,1128.3 1 0
github.com/ArubikU/polyloft-bvm/internal/jit/compiler.go:1129.2,1131.33 3 0
github.com/ArubikU/polyloft-bvm/internal/jit/compiler.go:1131.33,1134.17 3 0
github.com/ArubikU/polyloft-bvm/internal/jit/compiler.go:1134.17,1136.4 1 0
github.com/ArubikU/polyloft-bvm/internal/jit/compiler.go:1137.3,1137.48 1 0
github.com/ArubikU/polyloft-bvm/internal/jit/compiler.go:1139.2,1139.39 1 0
github.com/ArubikU/polyloft-bvm/internal/jit/compiler.go:1139.39,1141.17 2 0
github.com/ArubikU/polyloft-bvm/internal/jit/compiler.go:1141.17,1143.4 1 0
github.com/ArubikU/polyloft-bvm/internal/jit/compiler.go:1144.3,1144.95 1 0
github.com/ArubikU/polyloft-bvm/internal/jit/compiler.go:1146.2,1146.39 1 0
github.com/ArubikU/polyloft-bvm/internal/jit/compiler.go:1146.39,1148.17 2 0
github.com/ArubikU/polyloft-bvm/internal/jit/compiler.go:1148.17,1150.4 1 0
github.com/ArubikU/polyloft-bvm/internal/jit/compiler.go:1151.3,1151.95 1 0
github.com/ArubikU/polyloft-bvm/internal/jit/compiler.go:1153.2,1153.63 1 0
github.com/ArubikU/polyloft-bvm/internal/jit/compiler.go:1156.81,1157.32 1 0
github.com/ArubikU/polyloft-bvm/internal/jit/compiler.go:1157.32,1159.3 1 0
github.com/ArubikU/polyloft-bvm/internal/jit/compiler.go:1160.2,1162.34 3 0
github.com/ArubikU/polyloft-bvm/internal/jit/compiler.go:1162.34,1164.3 1 0
github.com/ArubikU/polyloft-bvm/internal/jit/compiler.go:1165.2,1165.41 1 0
github.com/ArubikU/polyloft-bvm/internal/jit/compiler.go:1168.80,1169.32 1 0
github.com/ArubikU/polyloft-bvm/internal/jit/compiler.go:1169.32,1171.3 1 0
github.com/ArubikU/polyloft-bvm/internal/jit/compiler.go:1172.2,1173.43 2 0
github.com/ArubikU/polyloft-bvm/internal/jit/compiler.go:1173.43,1175.3 1 0
github.com/ArubikU/polyloft-bvm/internal/jit/compiler.go:1176.2,1176.33 1 0
github.com/ArubikU/polyloft-bvm/internal/jit/compiler.go:1179.80,1180.32 1 0
github.com/ArubikU/polyloft-bvm/internal/jit/compiler.go:1180.32,1182.3 1 0
github.com/ArubikU/polyloft-bvm/internal/jit/compiler.go:1183.2,1184.43 2 0
github.com/ArubikU/polyloft-bvm/internal/jit/compiler.go:1184.43,1186.3 1 0
github.com/ArubikU/polyloft-bvm/internal/jit/compiler.go:1187.2,1187.33 1 0
github.com/ArubikU/polyloft-bvm/internal/jit/compiler.go:1190.72,1191.32 1 0
github.com/ArubikU/polyloft-bvm/internal/jit/compiler.go:1191.32,1193.3 1 0
github.com/ArubikU/polyloft-bvm/internal/jit/compiler.go:1194.2,1194.49 1 0
github.com/ArubikU/polyloft-bvm/internal/jit/compiler.go:1194.49,1196.3 1 0
github.com/ArubikU/polyloft-bvm/internal/jit/compiler.go:1197.2,1197.30 1 0
github.com/ArubikU/polyloft-bvm/internal/jit/compiler.go:1200.88,1201.32 1 0
github.com/ArubikU/polyloft-bvm/internal/jit/compiler.go:1201.32,1203.3 1 0
github.com/ArubikU/polyloft-bvm/internal/jit/compiler.go:1204.2,1205.43 2 0
github.com/ArubikU/polyloft-bvm/internal/jit/compiler.go:1205.43,1207.3 1 0
github.com/ArubikU/polyloft-bvm/internal/jit/compiler.go:1208.2,1209.12 2 0
github.com/ArubikU/polyloft-bvm/internal/jit/compiler.go:1212.80,1213.32 1 0
github.com/ArubikU/polyloft-bvm/internal/jit/compiler.go:1213.32,1215.3 1 0
github.com/ArubikU/polyloft-bvm/internal/jit/compiler.go:1216.2,1217.12 2 0
github.com/ArubikU/polyloft-bvm/internal/jit/compiler.go:1220.70,1221.50 1 0
github.com/ArubikU/polyloft-bvm/internal/jit/compiler.go:1221.50,1223.3 1 0
github.com/ArubikU/polyloft-bvm/internal/jit/compiler.go:1224.2,1224.30 1 0
github.com/ArubikU/polyloft-bvm/internal/jit/compiler.go:1227.85,1228.50 1 0
github.com/ArubikU/polyloft-bvm/internal/jit/compiler.go:1228.50,1230.3 1 0
github.com/ArubikU/polyloft-bvm/internal/jit/compiler.go:1231.2,1231.30 1 0
github.com/ArubikU/polyloft-bvm/internal/jit/compiler.go:1234.118,1235.43 1 0
github.com/ArubikU/polyloft-bvm/internal/jit/compiler.go:1235.43,1236.55 1 0
github.com/ArubikU/polyloft-bvm/internal/jit/compiler.go:1236.55,1238.4 1 0
github.com/ArubikU/polyloft-bvm/internal/jit/compiler.go:1239.3,1239.26 1 0
github.com/ArubikU/polyloft-bvm/internal/jit/compiler.go:1241.2,1241.39 1 0
github.com/ArubikU/polyloft-bvm/internal/jit/compiler.go:1241.39,1243.17 2 0
github.com/ArubikU/polyloft-bvm/internal/jit/compiler.go:1243.17,1245.4 1 0
github.com/ArubikU/polyloft-bvm/internal/jit/compiler.go:1246.3,1246.53 1 0
github.com/ArubikU/polyloft-bvm/internal/jit/compiler.go:1248.2,1248.43 1 0
github.com/ArubikU/polyloft-bvm/internal/jit/compiler.go:1248.43,1249.78 1 0
github.com/ArubikU/polyloft-bvm/internal/jit/compiler.go:1249.78,1251.4 1 0
github.com/ArubikU/polyloft-bvm/internal/jit/compiler.go:1252.3,1253.17 2 0
github.com/ArubikU/polyloft-bvm/internal/jit/compiler.go:1253.17,1255.4 1 0
github.com/ArubikU/polyloft-bvm/internal/jit/compiler.go:1256.3,1256.53 1 0
github.com/ArubikU/polyloft-bvm/internal/jit/compiler.go:1258.2,1258.80 1 0
github.com/ArubikU/polyloft-bvm/internal/jit/compiler.go:1263.69,1264.15 1 0
github.com/ArubikU/polyloft-bvm/internal/jit/compiler.go:1264.15,1266.3 1 0
github.com/ArubikU/polyloft-bvm/internal/jit/compiler.go:1267.2,1267.54 1 0
github.com/ArubikU/polyloft-bvm/internal/jit/compiler.go:1267.54,1268.43 1 0
github.com/ArubikU/polyloft-bvm/internal/jit/compiler.go:1268.43,1270.4 1 0
github.com/ArubikU/polyloft-bvm/internal/jit/compiler.go:1272.2,1273.9 2 0
github.com/ArubikU/polyloft-bvm/internal/jit/compiler.go:1273.9,1275.3 1 0
github.com/ArubikU/polyloft-bvm/internal/jit/compiler.go:1276.2,1277.21 2 0
github.com/ArubikU/polyloft-bvm/internal/jit/compiler.go:1280.138,1281.43 1 0
github.com/ArubikU/polyloft-bvm/internal/jit/compiler.go:1281.43,1283.14 2 0
github.com/ArubikU/polyloft-bvm/internal/jit/compiler.go:1283.14,1285.4 1 0
github.com/ArubikU/polyloft-bvm/internal/jit/compiler.go:1286.3,1286.54 1 0
github.com/ArubikU/polyloft-bvm/internal/jit/compiler.go:1288.2,1288.85 1 0
github.com/ArubikU/polyloft-bvm/internal/jit/compiler.go:1291.93,1292.29 1 0
github.com/ArubikU/polyloft-bvm/internal/jit/compiler.go:1292.29,1294.3 1 0
github.com/ArubikU/polyloft-bvm/internal/jit/compiler.go:1295.2,1295.19 1 0
github.com/ArubikU/polyloft-bvm/internal/jit/compiler.go:1296.9,1299.31 3 0
github.com/ArubikU/polyloft-bvm/internal/jit/compiler.go:1299.31,1301.4 1 0
github.com/ArubikU/polyloft-bvm/internal/jit/compiler.go:1302.3,1302.40 1 0
github.com/ArubikU/polyloft-bvm/internal/jit/compiler.go:1302.40,1307.4 4 0
github.com/ArubikU/polyloft-bvm/internal/jit/compiler.go:1308.3,1311.13 4 0
github.com/ArubikU/polyloft-bvm/internal/jit/compiler.go:1312.9,1316.61 4 0
github.com/ArubikU/polyloft-bvm/internal/jit/compiler.go:1316.61,1318.4 1 0
github.com/ArubikU/polyloft-bvm/internal/jit/compiler.go:1319.3,1319.79 1 0
github.com/ArubikU/polyloft-bvm/internal/jit/compiler.go:1319.79,1321.27 2 0
github.com/ArubikU/polyloft-bvm/internal/jit/compiler.go:1321.27,1323.5 1 0
github.com/ArubikU/polyloft-bvm/internal/jit/compiler.go:1324.4,1327.14 4 0
github.com/ArubikU/polyloft-bvm/internal/jit/compiler.go:1329.3,1330.26 2 0
github.com/ArubikU/polyloft-bvm/internal/jit/compiler.go:1330.26,1332.4 1 0
github.com/ArubikU/polyloft-bvm/internal/jit/compiler.go:1333.3,1336.13 4 0
github.com/ArubikU/polyloft-bvm/internal/jit/compiler.go:1337.10,1338.54 1 0
github.com/ArubikU/polyloft-bvm/internal/jit/compiler.go:1342.79,1346.91 4 0
github.com/ArubikU/polyloft-bvm/internal/jit/compiler.go:1346.91,1348.3 1 0
github.com/ArubikU/polyloft-bvm/internal/jit/compiler.go:1349.2,1349.118 1 0
github.com/ArubikU/polyloft-bvm/internal/jit/compiler.go:1349.118,1351.38 2 0
github.com/ArubikU/polyloft-bvm/internal/jit/compiler.go:1351.38,1353.4 1 0
github.com/ArubikU/polyloft-bvm/internal/jit/compiler.go:1354.3,1354.38 1 0
github.com/ArubikU/polyloft-bvm/internal/jit/compiler.go:1354.38,1356.4 1 0
github.com/ArubikU/polyloft-bvm/internal/jit/compiler.go:1357.3,1358.19 2 0
github.com/ArubikU/polyloft-bvm/internal/jit/compiler.go:1360.2,1361.37 2 0
github.com/ArubikU/polyloft-bvm/internal/jit/compiler.go:1361.37,1363.3 1 0
github.com/ArubikU/polyloft-bvm/internal/jit/compiler.go:1364.2,1364.37 1 0
github.com/ArubikU/polyloft-bvm/internal/jit/compiler.go:1364.37,1366.3 1 0
github.com/ArubikU/polyloft-bvm/internal/jit/compiler.go:1367.2,1368.18 2 0
github.com/ArubikU/polyloft-bvm/internal/jit/compiler.go:1371.90,1372.61 1 0
github.com/ArubikU/polyloft-bvm/internal/jit/compiler.go:1372.61,1374.3 1 0
github.com/ArubikU/polyloft-bvm/internal/jit/compiler.go:1375.2,1375.116 1 0
github.com/ArubikU/polyloft-bvm/internal/jit/compiler.go:1375.116,1377.3 1 0
github.com/ArubikU/polyloft-bvm/internal/jit/compiler.go:1378.2,1378.83 1 0
github.com/ArubikU/polyloft-bvm/internal/jit/compiler.go:1381.117,1382.92 1 0
github.com/ArubikU/polyloft-bvm/internal/jit/compiler.go:1382.92,1384.3 1 0
github.com/ArubikU/polyloft-bvm/internal/jit/compiler.go:1385.2,1385.119 1 0
github.com/ArubikU/polyloft-bvm/internal/jit/compiler.go:1385.119,1387.3 1 0
github.com/ArubikU/polyloft-bvm/internal/jit/compiler.go:1388.2,1388.63 1 0
github.com/ArubikU/polyloft-bvm/internal/jit/compiler.go:1391.120,1392.61 1 0
github.com/ArubikU/polyloft-bvm/internal/jit/compiler.go:1392.61,1394.3 1 0
github.com/ArubikU/polyloft-bvm/internal/jit/compiler.go:1395.2,1395.178 1 0
github.com/ArubikU/polyloft-bvm/internal/jit/compiler.go:1395.178,1397.3 1 0
github.com/ArubikU/polyloft-bvm/internal/jit/compiler.go:1398.2,1398.16 1 0
github.com/ArubikU/polyloft-bvm/internal/jit/compiler.go:1399.21,1400.80 1 0
github.com/ArubikU/polyloft-bvm/internal/jit/compiler.go:1400.80,1402.4 1 0
github.com/ArubikU/polyloft-bvm/internal/jit/compiler.go:1403.3,1403.53 1 0
github.com/ArubikU/polyloft-bvm/internal/jit/compiler.go:1404.21,1405.80 1 0
github.com/ArubikU/polyloft-bvm/internal/jit/compiler.go:1405.80,1407.4 1 0
github.com/ArubikU/polyloft-bvm/internal/jit/compiler.go:1408.3,1408.53 1 0
github.com/ArubikU/polyloft-bvm/internal/jit/compiler.go:1409.21,1410.80 1 0
github.com/ArubikU/polyloft-bvm/internal/jit/compiler.go:1410.80,1412.4 1 0
github.com/ArubikU/polyloft-bvm/internal/jit/compiler.go:1413.3,1413.53 1 0
github.com/ArubikU/polyloft-bvm/internal/jit/compiler.go:1414.21,1416.52 2 0
github.com/ArubikU/polyloft-bvm/internal/jit/compiler.go:1416.52,1418.4 1 0
github.com/ArubikU/polyloft-bvm/internal/jit/compiler.go:1419.3,1419.77 1 0
github.com/ArubikU/polyloft-bvm/internal/jit/compiler.go:1420.21,1421.80 1 0
github.com/ArubikU/polyloft-bvm/internal/jit/compiler.go:1421.80,1423.4 1 0
github.com/ArubikU/polyloft-bvm/internal/jit/compiler.go:1424.3,1424.62 1 0
github.com/ArubikU/polyloft-bvm/internal/jit/compiler.go:1425.10,1426.95 1 0
github.com/ArubikU/polyloft-bvm/internal/jit/compiler.go:1430.37,1432.2 1 0
github.com/ArubikU/polyloft-bvm/internal/jit/compiler.go:1434.28,1435.11 1 0
github.com/ArubikU/polyloft-bvm/internal/jit/compiler.go:1435.11,1437.3 1 0
github.com/ArubikU/polyloft-bvm/internal/jit/compiler.go:1438.2,1438.10 1 0
github.com/ArubikU/polyloft-bvm/internal/ast/ast.go:68.28,68.29 0 0
github.com/ArubikU/polyloft-bvm/internal/ast/ast.go:77.39,77.40 0 0
github.com/ArubikU/polyloft-bvm/internal/ast/ast.go:85.31,85.32 0 0
github.com/ArubikU/polyloft-bvm/internal/ast/ast.go:94.28,94.29 0 0
github.com/ArubikU/polyloft-bvm/internal/ast/ast.go:103.33,103.34 0 0
github.com/ArubikU/polyloft-bvm/internal/ast/ast.go:109.29,109.30 0 0
github.com/ArubikU/polyloft-bvm/internal/ast/ast.go:115.30,115.31 0 0
github.com/ArubikU/polyloft-bvm/internal/ast/ast.go:123.27,123.28 0 0
github.com/ArubikU/polyloft-bvm/internal/ast/ast.go:138.28,138.29 0 0
github.com/ArubikU/polyloft-bvm/internal/ast/ast.go:161.31,161.32 0 0
github.com/ArubikU/polyloft-bvm/internal/ast/ast.go:168.31,168.32 0 0
github.com/ArubikU/polyloft-bvm/internal/ast/ast.go:175.30,175.31 0 0
github.com/ArubikU/polyloft-bvm/internal/ast/ast.go:182.31,182.32 0 0
github.com/ArubikU/polyloft-bvm/internal/ast/ast.go:190.34,190.35 0 0
github.com/ArubikU/polyloft-bvm/internal/ast/ast.go:204.33,204.34 0 0
github.com/ArubikU/polyloft-bvm/internal/ast/ast.go:224.34,224.35 0 0
github.com/ArubikU/polyloft-bvm/internal/ast/ast.go:273.30,273.31 0 0
github.com/ArubikU/polyloft-bvm/internal/ast/ast.go:282.28,282.29 0 0
github.com/ArubikU/polyloft-bvm/internal/ast/ast.go:291.29,291.30 0 0
github.com/ArubikU/polyloft-bvm/internal/ast/ast.go:297.30,297.31 0 0
github.com/ArubikU/polyloft-bvm/internal/ast/ast.go:303.33,303.34 0 0
github.com/ArubikU/polyloft-bvm/internal/ast/ast.go:311.31,311.32 0 0
github.com/ArubikU/polyloft-bvm/internal/ast/ast.go:318.30,318.31 0 0
github.com/ArubikU/polyloft-bvm/internal/ast/ast.go:325.29,325.30 0 0
github.com/ArubikU/polyloft-bvm/internal/ast/ast.go:333.35,333.36 0 0
github.com/ArubikU/polyloft-bvm/internal/ast/ast.go:342.29,342.30 0 0
github.com/ArubikU/polyloft-bvm/internal/ast/ast.go:350.28,350.29 0 0
github.com/ArubikU/polyloft-bvm/internal/ast/ast.go:371.33,371.34 0 0
github.com/ArubikU/polyloft-bvm/internal/ast/ast.go:378.28,378.29 0 0
github.com/ArubikU/polyloft-bvm/internal/ast/ast.go:386.30,386.31 0 0
github.com/ArubikU/polyloft-bvm/internal/ast/ast.go:395.30,395.31 0 0
github.com/ArubikU/polyloft-bvm/internal/ast/ast.go:401.29,401.30 0 0
github.com/ArubikU/polyloft-bvm/internal/ast/ast.go:407.30,407.31 0 0
github.com/ArubikU/polyloft-bvm/internal/ast/ast.go:415.31,415.32 0 0
github.com/ArubikU/polyloft-bvm/internal/ast/ast.go:421.33,421.34 0 0
github.com/ArubikU/polyloft-bvm/internal/ast/ast.go:427.30,427.31 0 0
github.com/ArubikU/polyloft-bvm/internal/ast/ast.go:433.30,433.31 0 0
github.com/ArubikU/polyloft-bvm/internal/ast/ast.go:444.28,444.29 0 0
github.com/ArubikU/polyloft-bvm/internal/ast/ast.go:450.32,450.33 0 0
github.com/ArubikU/polyloft-bvm/internal/ast/ast.go:456.33,456.34 0 0
github.com/ArubikU/polyloft-bvm/internal/classfile/classfile.go:42.62,49.2 1 0
github.com/ArubikU/polyloft-bvm/internal/classfile/classfile.go:51.42,52.28 1 0
github.com/ArubikU/polyloft-bvm/internal/classfile/classfile.go:52.28,54.3 1 0
github.com/ArubikU/polyloft-bvm/internal/classfile/classfile.go:55.2,55.36 1 0
github.com/ArubikU/polyloft-bvm/internal/classfile/classfile.go:55.36,57.3 1 0
github.com/ArubikU/polyloft-bvm/internal/classfile/classfile.go:58.2,58.24 1 0
github.com/ArubikU/polyloft-bvm/internal/classfile/classfile.go:58.24,60.3 1 0
github.com/ArubikU/polyloft-bvm/internal/classfile/classfile.go:61.2,61.12 1 0
github.com/ArubikU/polyloft-bvm/internal/classfile/classfile.go:64.69,66.2 1 0
github.com/ArubikU/polyloft-bvm/internal/classfile/classfile.go:68.67,70.56 2 0
github.com/ArubikU/polyloft-bvm/internal/classfile/classfile.go:70.56,72.3 1 0
github.com/ArubikU/polyloft-bvm/internal/classfile/classfile.go:73.2,73.44 1 0
github.com/ArubikU/polyloft-bvm/internal/classfile/classfile.go:73.44,75.3 1 0
github.com/ArubikU/polyloft-bvm/internal/classfile/classfile.go:76.2,76.22 1 0
github.com/ArubikU/polyloft-bvm/internal/classfile/classfile.go:79.77,80.15 1 0
github.com/ArubikU/polyloft-bvm/internal/classfile/classfile.go:80.15,82.3 1 0
github.com/ArubikU/polyloft-bvm/internal/classfile/classfile.go:83.2,83.46 1 0
github.com/ArubikU/polyloft-bvm/internal/classfile/classfile.go:86.66,88.2 1 0
github.com/ArubikU/polyloft-bvm/internal/classfile/module_codec.go:61.32,72.2 1 0
github.com/ArubikU/polyloft-bvm/internal/classfile/module_codec.go:74.48,77.50 3 0
github.com/ArubikU/polyloft-bvm/internal/classfile/module_codec.go:77.50,79.3 1 0
github.com/ArubikU/polyloft-bvm/internal/classfile/module_codec.go:80.2,80.14 1 0
github.com/ArubikU/polyloft-bvm/internal/classfile/module_codec.go:83.48,84.35 1 0
github.com/ArubikU/polyloft-bvm/internal/classfile/module_codec.go:84.35,86.3 1 0
github.com/ArubikU/polyloft-bvm/internal/classfile/module_codec.go:87.2,89.12 3 0
github.com/ArubikU/polyloft-bvm/internal/classfile/module_codec.go:92.57,93.45 1 0
github.com/ArubikU/polyloft-bvm/internal/classfile/module_codec.go:93.45,95.3 1 0
github.com/ArubikU/polyloft-bvm/internal/classfile/module_codec.go:96.2,98.12 3 0
github.com/ArubikU/polyloft-bvm/internal/classfile/module_codec.go:101.50,102.38 1 0
github.com/ArubikU/polyloft-bvm/internal/classfile/module_codec.go:102.38,104.3 1 0
github.com/ArubikU/polyloft-bvm/internal/classfile/module_codec.go:105.2,108.12 4 0
github.com/ArubikU/polyloft-bvm/internal/classfile/module_codec.go:111.48,112.37 1 0
github.com/ArubikU/polyloft-bvm/internal/classfile/module_codec.go:112.37,114.3 1 0
github.com/ArubikU/polyloft-bvm/internal/classfile/module_codec.go:115.2,118.12 4 0
github.com/ArubikU/polyloft-bvm/internal/classfile/module_codec.go:121.48,122.37 1 0
github.com/ArubikU/polyloft-bvm/internal/classfile/module_codec.go:122.37,124.3 1 0
github.com/ArubikU/polyloft-bvm/internal/classfile/module_codec.go:125.2,127.12 3 0
github.com/ArubikU/polyloft-bvm/internal/classfile/module_codec.go:130.48,131.37 1 0
github.com/ArubikU/polyloft-bvm/internal/classfile/module_codec.go:131.37,133.3 1 0
github.com/ArubikU/polyloft-bvm/internal/classfile/module_codec.go:134.2,136.12 3 0
github.com/ArubikU/polyloft-bvm/internal/classfile/module_codec.go:139.52,141.38 2 0
github.com/ArubikU/polyloft-bvm/internal/classfile/module_codec.go:141.38,143.3 1 0
github.com/ArubikU/polyloft-bvm/internal/classfile/module_codec.go:144.2,146.12 3 0
github.com/ArubikU/polyloft-bvm/internal/classfile/module_codec.go:149.52,150.82 1 0
github.com/ArubikU/polyloft-bvm/internal/classfile/module_codec.go:150.82,152.3 1 0
github.com/ArubikU/polyloft-bvm/internal/classfile/module_codec.go:153.2,153.36 1 0
github.com/ArubikU/polyloft-bvm/internal/classfile/module_codec.go:153.36,155.21 2 0
github.com/ArubikU/polyloft-bvm/internal/classfile/module_codec.go:155.21,156.12 1 0
github.com/ArubikU/polyloft-bvm/internal/classfile/module_codec.go:158.3,158.47 1 0
github.com/ArubikU/polyloft-bvm/internal/classfile/module_codec.go:158.47,160.4 1 0
github.com/ArubikU/polyloft-bvm/internal/classfile/module_codec.go:161.3,161.20 1 0
github.com/ArubikU/polyloft-bvm/internal/classfile/module_codec.go:162.15,163.51 1 0
github.com/ArubikU/polyloft-bvm/internal/classfile/module_codec.go:163.51,165.5 1 0
github.com/ArubikU/polyloft-bvm/internal/classfile/module_codec.go:166.18,167.76 1 0
github.com/ArubikU/polyloft-bvm/internal/classfile/module_codec.go:167.76,169.5 1 0
github.com/ArubikU/polyloft-bvm/internal/classfile/module_codec.go:170.16,171.96 1 0
github.com/ArubikU/polyloft-bvm/internal/classfile/module_codec.go:171.96,173.5 1 0
github.com/ArubikU/polyloft-bvm/internal/classfile/module_codec.go:174.15,175.76 1 0
github.com/ArubikU/polyloft-bvm/internal/classfile/module_codec.go:175.76,177.5 1 0
github.com/ArubikU/polyloft-bvm/internal/classfile/module_codec.go:178.4,178.7 1 0
github.com/ArubikU/polyloft-bvm/internal/classfile/module_codec.go:179.17,180.96 1 0
github.com/ArubikU/polyloft-bvm/internal/classfile/module_codec.go:180.96,182.5 1 0
github.com/ArubikU/polyloft-bvm/internal/classfile/module_codec.go:183.4,183.7 1 0
github.com/ArubikU/polyloft-bvm/internal/classfile/module_codec.go:184.26,185.49 1 0
github.com/ArubikU/polyloft-bvm/internal/classfile/module_codec.go:185.49,187.5 1 0
github.com/ArubikU/polyloft-bvm/internal/classfile/module_codec.go:188.11,189.68 1 0
github.com/ArubikU/polyloft-bvm/internal/classfile/module_codec.go:192.2,192.12 1 0
github.com/ArubikU/polyloft-bvm/internal/classfile/module_codec.go:199.45,201.16 2 0
github.com/ArubikU/polyloft-bvm/internal/classfile/module_codec.go:201.16,203.3 1 0
github.com/ArubikU/polyloft-bvm/internal/classfile/module_codec.go:204.2,205.34 2 0
github.com/ArubikU/polyloft-bvm/internal/classfile/module_codec.go:205.34,208.17 3 0
github.com/ArubikU/polyloft-bvm/internal/classfile/module_codec.go:208.17,210.4 1 0
github.com/ArubikU/polyloft-bvm/internal/classfile/module_codec.go:211.3,212.14 2 0
github.com/ArubikU/polyloft-bvm/internal/classfile/module_codec.go:213.15,214.33 1 0
github.com/ArubikU/polyloft-bvm/internal/classfile/module_codec.go:215.18,216.59 1 0
github.com/ArubikU/polyloft-bvm/internal/classfile/module_codec.go:217.16,220.49 3 0
github.com/ArubikU/polyloft-bvm/internal/classfile/module_codec.go:221.15,223.38 2 0
github.com/ArubikU/polyloft-bvm/internal/classfile/module_codec.go:223.38,226.5 2 0
github.com/ArubikU/polyloft-bvm/internal/classfile/module_codec.go:227.17,231.38 4 0
github.com/ArubikU/polyloft-bvm/internal/classfile/module_codec.go:231.38,234.5 2 0
github.com/ArubikU/polyloft-bvm/internal/classfile/module_codec.go:235.26,236.31 1 0
github.com/ArubikU/polyloft-bvm/internal/classfile/module_codec.go:237.11,238.67 1 0
github.com/ArubikU/polyloft-bvm/internal/classfile/module_codec.go:240.3,240.17 1 0
github.com/ArubikU/polyloft-bvm/internal/classfile/module_codec.go:240.17,242.4 1 0
github.com/ArubikU/polyloft-bvm/internal/classfile/module_codec.go:243.3,243.30 1 0
github.com/ArubikU/polyloft-bvm/internal/classfile/module_codec.go:245.2,245.41 1 0
github.com/ArubikU/polyloft-bvm/internal/classfile/module_codec.go:248.58,249.48 1 0
github.com/ArubikU/polyloft-bvm/internal/classfile/module_codec.go:249.48,251.3 1 0
github.com/ArubikU/polyloft-bvm/internal/classfile/module_codec.go:252.2,253.20 2 0
github.com/ArubikU/polyloft-bvm/internal/classfile/module_codec.go:253.20,255.3 1 0
github.com/ArubikU/polyloft-bvm/internal/classfile/module_codec.go:256.2,256.19 1 0
github.com/ArubikU/polyloft-bvm/internal/classfile/module_codec.go:259.56,261.16 2 0
github.com/ArubikU/polyloft-bvm/internal/classfile/module_codec.go:261.16,263.3 1 0
github.com/ArubikU/polyloft-bvm/internal/classfile/module_codec.go:264.2,264.25 1 0
github.com/ArubikU/polyloft-bvm/internal/classfile/module_codec.go:264.25,266.3 1 0
github.com/ArubikU/polyloft-bvm/internal/classfile/module_codec.go:267.2,267.24 1 0
github.com/ArubikU/polyloft-bvm/internal/classfile/module_codec.go:270.57,272.16 2 0
github.com/ArubikU/polyloft-bvm/internal/classfile/module_codec.go:272.16,274.3 1 0
github.com/ArubikU/polyloft-bvm/internal/classfile/module_codec.go:275.2,275.26 1 0
github.com/ArubikU/polyloft-bvm/internal/classfile/module_codec.go:275.26,277.3 1 0
github.com/ArubikU/polyloft-bvm/internal/classfile/module_codec.go:278.2,278.28 1 0
github.com/ArubikU/polyloft-bvm/internal/classfile/module_codec.go:281.58,283.16 2 0
github.com/ArubikU/polyloft-bvm/internal/classfile/module_codec.go:283.16,285.3 1 0
github.com/ArubikU/polyloft-bvm/internal/classfile/module_codec.go:286.2,286.27 1 0
github.com/ArubikU/polyloft-bvm/internal/classfile/module_codec.go:286.27,288.3 1 0
github.com/ArubikU/polyloft-bvm/internal/classfile/module_codec.go:289.2,289.28 1 0
github.com/ArubikU/polyloft-bvm/internal/classfile/module_codec.go:292.56,294.16 2 0
github.com/ArubikU/polyloft-bvm/internal/classfile/module_codec.go:294.16,296.3 1 0
github.com/ArubikU/polyloft-bvm/internal/classfile/module_codec.go:297.2,297.28 1 0
github.com/ArubikU/polyloft-bvm/internal/classfile/module_codec.go:297.28,299.3 1 0
github.com/ArubikU/polyloft-bvm/internal/classfile/module_codec.go:300.2,300.28 1 0
github.com/ArubikU/polyloft-bvm/internal/classfile/module_codec.go:303.56,305.16 2 0
github.com/ArubikU/polyloft-bvm/internal/classfile/module_codec.go:305.16,307.3 1 0
github.com/ArubikU/polyloft-bvm/internal/classfile/module_codec.go:308.2,308.25 1 0
github.com/ArubikU/polyloft-bvm/internal/classfile/module_codec.go:308.25,310.3 1 0
github.com/ArubikU/polyloft-bvm/internal/classfile/module_codec.go:311.2,311.28 1 0
github.com/ArubikU/polyloft-bvm/internal/classfile/module_codec.go:314.60,316.16 2 0
github.com/ArubikU/polyloft-bvm/internal/classfile/module_codec.go:316.16,318.3 1 0
github.com/ArubikU/polyloft-bvm/internal/classfile/module_codec.go:319.2,319.27 1 0
github.com/ArubikU/polyloft-bvm/internal/classfile/module_codec.go:319.27,321.3 1 0
github.com/ArubikU/polyloft-bvm/internal/classfile/module_codec.go:322.2,322.30 1 0
github.com/ArubikU/polyloft-bvm/internal/classfile/module_codec.go:411.85,432.36 11 0
github.com/ArubikU/polyloft-bvm/internal/classfile/module_codec.go:432.36,434.17 2 0
github.com/ArubikU/polyloft-bvm/internal/classfile/module_codec.go:434.17,436.4 1 0
github.com/ArubikU/polyloft-bvm/internal/classfile/module_codec.go:437.3,437.48 1 0
github.com/ArubikU/polyloft-bvm/internal/classfile/module_codec.go:439.2,439.43 1 0
github.com/ArubikU/polyloft-bvm/internal/classfile/module_codec.go:439.43,441.3 1 0
github.com/ArubikU/polyloft-bvm/internal/classfile/module_codec.go:442.2,442.19 1 0
github.com/ArubikU/polyloft-bvm/internal/classfile/module_codec.go:445.75,446.15 1 0
github.com/ArubikU/polyloft-bvm/internal/classfile/module_codec.go:446.15,448.3 1 0
github.com/ArubikU/polyloft-bvm/internal/classfile/module_codec.go:449.2,449.42 1 0
github.com/ArubikU/polyloft-bvm/internal/classfile/module_codec.go:449.42,451.3 1 0
github.com/ArubikU/polyloft-bvm/internal/classfile/module_codec.go:452.2,454.21 3 0
github.com/ArubikU/polyloft-bvm/internal/classfile/module_codec.go:454.21,456.3 1 0
github.com/ArubikU/polyloft-bvm/internal/classfile/module_codec.go:457.2,457.46 1 0
github.com/ArubikU/polyloft-bvm/internal/classfile/module_codec.go:457.46,458.40 1 0
github.com/ArubikU/polyloft-bvm/internal/classfile/module_codec.go:459.27,460.48 1 0
github.com/ArubikU/polyloft-bvm/internal/classfile/module_codec.go:461.21,462.44 1 0
github.com/ArubikU/polyloft-bvm/internal/classfile/module_codec.go:467.73,468.23 1 0
github.com/ArubikU/polyloft-bvm/internal/classfile/module_codec.go:468.23,470.3 1 0
github.com/ArubikU/polyloft-bvm/internal/classfile/module_codec.go:471.2,471.47 1 0
github.com/ArubikU/polyloft-bvm/internal/classfile/module_codec.go:471.47,473.3 1 0
github.com/ArubikU/polyloft-bvm/internal/classfile/module_codec.go:474.2,477.40 4 0
github.com/ArubikU/polyloft-bvm/internal/classfile/module_codec.go:477.40,479.3 1 0
github.com/ArubikU/polyloft-bvm/internal/classfile/module_codec.go:480.2,480.55 1 0
github.com/ArubikU/polyloft-bvm/internal/classfile/module_codec.go:480.55,481.32 1 0
github.com/ArubikU/polyloft-bvm/internal/classfile/module_codec.go:481.32,483.4 1 0
github.com/ArubikU/polyloft-bvm/internal/classfile/module_codec.go:485.2,485.46 1 0
github.com/ArubikU/polyloft-bvm/internal/classfile/module_codec.go:485.46,487.3 1 0
github.com/ArubikU/polyloft-bvm/internal/classfile/module_codec.go:488.2,488.61 1 0
github.com/ArubikU/polyloft-bvm/internal/classfile/module_codec.go:488.61,489.32 1 0
github.com/ArubikU/polyloft-bvm/internal/classfile/module_codec.go:489.32,491.4 1 0
github.com/ArubikU/polyloft-bvm/internal/classfile/module_codec.go:493.2,494.53 2 0
github.com/ArubikU/polyloft-bvm/internal/classfile/module_codec.go:494.53,496.3 1 0
github.com/ArubikU/polyloft-bvm/internal/classfile/module_codec.go:497.2,497.47 1 0
github.com/ArubikU/polyloft-bvm/internal/classfile/module_codec.go:497.47,499.3 1 0
github.com/ArubikU/polyloft-bvm/internal/classfile/module_codec.go:502.84,503.15 1 0
github.com/ArubikU/polyloft-bvm/internal/classfile/module_codec.go:503.15,505.3 1 0
github.com/ArubikU/polyloft-bvm/internal/classfile/module_codec.go:506.2,508.42 3 0
github.com/ArubikU/polyloft-bvm/internal/classfile/module_codec.go:508.42,509.17 1 0
github.com/ArubikU/polyloft-bvm/internal/classfile/module_codec.go:509.17,510.12 1 0
github.com/ArubikU/polyloft-bvm/internal/classfile/module_codec.go:512.3,517.5 2 0
github.com/ArubikU/polyloft-bvm/internal/classfile/module_codec.go:519.2,519.15 1 0
github.com/ArubikU/polyloft-bvm/internal/classfile/module_codec.go:522.85,535.21 2 0
github.com/ArubikU/polyloft-bvm/internal/classfile/module_codec.go:535.21,539.47 4 0
github.com/ArubikU/polyloft-bvm/internal/classfile/module_codec.go:539.47,541.18 2 0
github.com/ArubikU/polyloft-bvm/internal/classfile/module_codec.go:541.18,543.5 1 0
github.com/ArubikU/polyloft-bvm/internal/classfile/module_codec.go:544.4,544.56 1 0
github.com/ArubikU/polyloft-bvm/internal/classfile/module_codec.go:547.2,547.20 1 0
github.com/ArubikU/polyloft-bvm/internal/classfile/module_codec.go:550.80,551.39 1 0
github.com/ArubikU/polyloft-bvm/internal/classfile/module_codec.go:552.11,553.46 1 0
github.com/ArubikU/polyloft-bvm/internal/classfile/module_codec.go:554.13,555.85 1 0
github.com/ArubikU/polyloft-bvm/internal/classfile/module_codec.go:556.15,557.89 1 0
github.com/ArubikU/polyloft-bvm/internal/classfile/module_codec.go:558.14,559.87 1 0
github.com/ArubikU/polyloft-bvm/internal/classfile/module_codec.go:560.12,561.91 1 0
github.com/ArubikU/polyloft-bvm/internal/classfile/module_codec.go:562.12,563.17 1 0
github.com/ArubikU/polyloft-bvm/internal/classfile/module_codec.go:563.17,565.4 1 0
github.com/ArubikU/polyloft-bvm/internal/classfile/module_codec.go:566.3,566.75 1 0
github.com/ArubikU/polyloft-bvm/internal/classfile/module_codec.go:567.26,568.97 1 0
github.com/ArubikU/polyloft-bvm/internal/classfile/module_codec.go:569.20,570.91 1 0
github.com/ArubikU/polyloft-bvm/internal/classfile/module_codec.go:571.10,572.87 1 0
github.com/ArubikU/polyloft-bvm/internal/classfile/module_codec.go:576.76,602.34 2 0
github.com/ArubikU/polyloft-bvm/internal/classfile/module_codec.go:602.34,604.3 1 0
github.com/ArubikU/polyloft-bvm/internal/classfile/module_codec.go:605.2,605.16 1 0
github.com/ArubikU/polyloft-bvm/internal/classfile/module_codec.go:608.47,609.32 1 0
github.com/ArubikU/polyloft-bvm/internal/classfile/module_codec.go:609.32,611.3 1 0
github.com/ArubikU/polyloft-bvm/internal/classfile/module_codec.go:612.2,612.16 1 0
github.com/ArubikU/polyloft-bvm/internal/classfile/module_codec.go:615.95,616.19 1 0
github.com/ArubikU/polyloft-bvm/internal/classfile/module_codec.go:616.19,618.3 1 0
github.com/ArubikU/polyloft-bvm/internal/classfile/module_codec.go:619.2,620.29 2 0
github.com/ArubikU/polyloft-bvm/internal/classfile/module_codec.go:620.29,622.52 2 0
github.com/ArubikU/polyloft-bvm/internal/classfile/module_codec.go:622.52,628.4 1 0
github.com/ArubikU/polyloft-bvm/internal/classfile/module_codec.go:629.3,629.112 1 0
github.com/ArubikU/polyloft-bvm/internal/classfile/module_codec.go:631.2,631.12 1 0
github.com/ArubikU/polyloft-bvm/internal/classfile/module_codec.go:634.71,635.19 1 0
github.com/ArubikU/polyloft-bvm/internal/classfile/module_codec.go:635.19,637.3 1 0
github.com/ArubikU/polyloft-bvm/internal/classfile/module_codec.go:638.2,639.24 2 0
github.com/ArubikU/polyloft-bvm/internal/classfile/module_codec.go:639.24,641.3 1 0
github.com/ArubikU/polyloft-bvm/internal/classfile/module_codec.go:642.2,644.29 3 0
github.com/ArubikU/polyloft-bvm/internal/classfile/module_codec.go:644.29,647.3 2 0
github.com/ArubikU/polyloft-bvm/internal/classfile/module_codec.go:648.2,648.15 1 0
github.com/ArubikU/polyloft-bvm/internal/classfile/module_codec.go:651.66,652.19 1 0
github.com/ArubikU/polyloft-bvm/internal/classfile/module_codec.go:652.19,654.3 1 0
github.com/ArubikU/polyloft-bvm/internal/classfile/module_codec.go:655.2,656.24 2 0
github.com/ArubikU/polyloft-bvm/internal/classfile/module_codec.go:656.24,658.3 1 0
github.com/ArubikU/polyloft-bvm/internal/classfile/module_codec.go:659.2,661.29 3 0
github.com/ArubikU/polyloft-bvm/internal/classfile/module_codec.go:661.29,663.3 1 0
github.com/ArubikU/polyloft-bvm/internal/classfile/module_codec.go:664.2,664.14 1 0
github.com/ArubikU/polyloft-bvm/internal/classfile/module_codec.go:667.124,668.19 1 0
github.com/ArubikU/polyloft-bvm/internal/classfile/module_codec.go:668.19,670.3 1 0
github.com/ArubikU/polyloft-bvm/internal/classfile/module_codec.go:671.2,672.24 2 0
github.com/ArubikU/polyloft-bvm/internal/classfile/module_codec.go:672.24,674.3 1 0
github.com/ArubikU/polyloft-bvm/internal/classfile/module_codec.go:675.2,677.29 3 0
github.com/ArubikU/polyloft-bvm/internal/classfile/module_codec.go:677.29,679.3 1 0
github.com/ArubikU/polyloft-bvm/internal/classfile/module_codec.go:680.2,680.17 1 0
github.com/ArubikU/polyloft-bvm/internal/classfile/module_codec.go:683.118,684.19 1 0
github.com/ArubikU/polyloft-bvm/internal/classfile/module_codec.go:684.19,686.3 1 0
github.com/ArubikU/polyloft-bvm/internal/classfile/module_codec.go:687.2,688.35 2 0
github.com/ArubikU/polyloft-bvm/internal/classfile/module_codec.go:688.35,690.3 1 0
github.com/ArubikU/polyloft-bvm/internal/classfile/module_codec.go:691.2,691.15 1 0
github.com/ArubikU/polyloft-bvm/internal/classfile/module_codec.go:694.100,695.19 1 0
github.com/ArubikU/polyloft-bvm/internal/classfile/module_codec.go:695.19,697.3 1 0
github.com/ArubikU/polyloft-bvm/internal/classfile/module_codec.go:698.2,699.25 2 0
github.com/ArubikU/polyloft-bvm/internal/classfile/module_codec.go:699.25,700.16 1 0
github.com/ArubikU/polyloft-bvm/internal/classfile/module_codec.go:700.16,701.12 1 0
github.com/ArubikU/polyloft-bvm/internal/classfile/module_codec.go:703.3,703.39 1 0
github.com/ArubikU/polyloft-bvm/internal/classfile/module_codec.go:705.2,705.15 1 0
github.com/ArubikU/polyloft-bvm/internal/classfile/module_codec.go:708.141,709.19 1 0
github.com/ArubikU/polyloft-bvm/internal/classfile/module_codec.go:709.19,711.3 1 0
github.com/ArubikU/polyloft-bvm/internal/classfile/module_codec.go:712.2,713.44 2 0
github.com/ArubikU/polyloft-bvm/internal/classfile/module_codec.go:713.44,715.23 2 0
github.com/ArubikU/polyloft-bvm/internal/classfile/module_codec.go:715.23,716.12 1 0
github.com/ArubikU/polyloft-bvm/internal/classfile/module_codec.go:718.3,718.95 1 0
github.com/ArubikU/polyloft-bvm/internal/classfile/module_codec.go:720.2,720.16 1 0
github.com/ArubikU/polyloft-bvm/internal/classfile/module_codec.go:723.53,736.2 1 0
github.com/ArubikU/polyloft-bvm/internal/classfile/module_codec.go:738.62,739.19 1 0
github.com/ArubikU/polyloft-bvm/internal/classfile/module_codec.go:739.19,741.3 1 0
github.com/ArubikU/polyloft-bvm/internal/classfile/module_codec.go:742.2,743.30 2 0
github.com/ArubikU/polyloft-bvm/internal/classfile/module_codec.go:743.30,745.3 1 0
github.com/ArubikU/polyloft-bvm/internal/classfile/module_codec.go:746.2,746.12 1 0
github.com/ArubikU/polyloft-bvm/internal/classfile/module_codec.go:749.68,750.19 1 0
github.com/ArubikU/polyloft-bvm/internal/classfile/module_codec.go:750.19,752.3 1 0
github.com/ArubikU/polyloft-bvm/internal/classfile/module_codec.go:753.2,754.31 2 0
github.com/ArubikU/polyloft-bvm/internal/classfile/module_codec.go:754.31,756.3 1 0
github.com/ArubikU/polyloft-bvm/internal/classfile/module_codec.go:757.2,757.12 1 0
github.com/ArubikU/polyloft-bvm/internal/classfile/module_codec.go:760.56,761.19 1 0
github.com/ArubikU/polyloft-bvm/internal/classfile/module_codec.go:761.19,763.3 1 0
github.com/ArubikU/polyloft-bvm/internal/classfile/module_codec.go:764.2,765.23 2 0
github.com/ArubikU/polyloft-bvm/internal/classfile/module_codec.go:765.23,767.3 1 0
github.com/ArubikU/polyloft-bvm/internal/classfile/module_codec.go:768.2,769.13 2 0
github.com/ArubikU/polyloft-bvm/internal/classfile/module_codec.go:772.49,774.46 2 0
github.com/ArubikU/polyloft-bvm/internal/classfile/module_codec.go:774.46,776.3 1 0
github.com/ArubikU/polyloft-bvm/internal/classfile/module_codec.go:777.2,777.14 1 0
github.com/ArubikU/polyloft-bvm/internal/classfile/module_codec.go:780.55,782.42 2 0
github.com/ArubikU/polyloft-bvm/internal/classfile/module_codec.go:782.42,784.3 1 0
github.com/ArubikU/polyloft-bvm/internal/classfile/module_codec.go:785.2,785.13 1 0
github.com/ArubikU/polyloft-bvm/internal/classfile/module_codec.go:788.41,790.16 2 0
github.com/ArubikU/polyloft-bvm/internal/classfile/module_codec.go:790.16,792.3 1 0
github.com/ArubikU/polyloft-bvm/internal/classfile/module_codec.go:793.2,793.43 1 0
github.com/ArubikU/polyloft-bvm/internal/classfile/module_codec.go:796.59,799.31 3 0
github.com/ArubikU/polyloft-bvm/internal/classfile/module_codec.go:799.31,801.3 1 0
github.com/ArubikU/polyloft-bvm/internal/classfile/module_codec.go:802.2,804.25 3 0
github.com/ArubikU/polyloft-bvm/internal/classfile/module_codec.go:807.41,808.33 1 0
github.com/ArubikU/polyloft-bvm/internal/classfile/module_codec.go:809.26,810.13 1 0
github.com/ArubikU/polyloft-bvm/internal/classfile/module_codec.go:811.20,812.13 1 0
github.com/ArubikU/polyloft-bvm/internal/classfile/module_codec.go:813.44,814.13 1 0
github.com/ArubikU/polyloft-bvm/internal/classfile/module_codec.go:815.44,816.13 1 0
github.com/ArubikU/polyloft-bvm/internal/classfile/module_codec.go:817.22,818.13 1 0
github.com/ArubikU/polyloft-bvm/internal/classfile/module_codec.go:819.26,820.30 1 0
github.com/ArubikU/polyloft-bvm/internal/classfile/module_codec.go:821.20,822.26 1 0
github.com/ArubikU/polyloft-bvm/internal/classfile/module_codec.go:823.18,824.31 1 0
github.com/ArubikU/polyloft-bvm/internal/classfile/module_codec.go:825.24,826.28 1 0
github.com/ArubikU/polyloft-bvm/internal/classfile/module_codec.go:827.20,828.26 1 0
github.com/ArubikU/polyloft-bvm/internal/classfile/module_codec.go:829.24,830.28 1 0
github.com/ArubikU/polyloft-bvm/internal/classfile/module_codec.go:831.24,832.28 1 0
github.com/ArubikU/polyloft-bvm/internal/classfile/module_codec.go:833.26,834.29 1 0
github.com/ArubikU/polyloft-bvm/internal/classfile/module_codec.go:835.20,836.26 1 0
github.com/ArubikU/polyloft-bvm/internal/classfile/module_codec.go:837.10,839.39 2 0
github.com/ArubikU/polyloft-bvm/internal/classfile/module_codec.go:839.39,841.4 1 0
github.com/ArubikU/polyloft-bvm/internal/classfile/module_codec.go:842.3,842.45 1 0
github.com/ArubikU/polyloft-bvm/internal/classfile/module_codec.go:846.86,848.16 2 0
github.com/ArubikU/polyloft-bvm/internal/classfile/module_codec.go:848.16,850.3 1 0
github.com/ArubikU/polyloft-bvm/internal/classfile/module_codec.go:851.2,852.42 2 0
github.com/ArubikU/polyloft-bvm/internal/classfile/module_codec.go:852.42,854.3 1 0
github.com/ArubikU/polyloft-bvm/internal/classfile/module_codec.go:855.2,855.49 1 0
github.com/ArubikU/polyloft-bvm/internal/classfile/module_codec.go:855.49,857.3 1 0
github.com/ArubikU/polyloft-bvm/internal/classfile/module_codec.go:858.2,858.49 1 0
github.com/ArubikU/polyloft-bvm/internal/classfile/module_codec.go:858.49,860.3 1 0
github.com/ArubikU/polyloft-bvm/internal/classfile/module_codec.go:861.2,861.53 1 0
github.com/ArubikU/polyloft-bvm/internal/classfile/module_codec.go:861.53,863.3 1 0
github.com/ArubikU/polyloft-bvm/internal/classfile/module_codec.go:864.2,864.55 1 0
github.com/ArubikU/polyloft-bvm/internal/classfile/module_codec.go:864.55,866.3 1 0
github.com/ArubikU/polyloft-bvm/internal/classfile/module_codec.go:867.2,867.46 1 0
github.com/ArubikU/polyloft-bvm/internal/classfile/module_codec.go:867.46,869.3 1 0
github.com/ArubikU/polyloft-bvm/internal/classfile/module_codec.go:870.2,870.38 1 0
github.com/ArubikU/polyloft-bvm/internal/classfile/module_codec.go:870.38,872.3 1 0
github.com/ArubikU/polyloft-bvm/internal/classfile/module_codec.go:873.2,873.38 1 0
github.com/ArubikU/polyloft-bvm/internal/classfile/module_codec.go:873.38,875.3 1 0
github.com/ArubikU/polyloft-bvm/internal/classfile/module_codec.go:876.2,876.53 1 0
github.com/ArubikU/polyloft-bvm/internal/classfile/module_codec.go:876.53,878.3 1 0
github.com/ArubikU/polyloft-bvm/internal/classfile/module_codec.go:879.2,879.65 1 0
github.com/ArubikU/polyloft-bvm/internal/classfile/module_codec.go:879.65,881.3 1 0
github.com/ArubikU/polyloft-bvm/internal/classfile/module_codec.go:882.2,883.16 2 0
github.com/ArubikU/polyloft-bvm/internal/classfile/module_codec.go:883.16,885.3 1 0
github.com/ArubikU/polyloft-bvm/internal/classfile/module_codec.go:886.2,886.60 1 0
github.com/ArubikU/polyloft-bvm/internal/classfile/module_codec.go:886.60,888.3 1 0
github.com/ArubikU/polyloft-bvm/internal/classfile/module_codec.go:889.2,889.34 1 0
github.com/ArubikU/polyloft-bvm/internal/classfile/module_codec.go:889.34,890.49 1 0
github.com/ArubikU/polyloft-bvm/internal/classfile/module_codec.go:890.49,892.4 1 0
github.com/ArubikU/polyloft-bvm/internal/classfile/module_codec.go:894.2,894.12 1 0
github.com/ArubikU/polyloft-bvm/internal/classfile/module_codec.go:902.128,905.57 3 0
github.com/ArubikU/polyloft-bvm/internal/classfile/module_codec.go:905.57,907.3 1 0
github.com/ArubikU/polyloft-bvm/internal/classfile/module_codec.go:908.2,910.16 3 0
github.com/ArubikU/polyloft-bvm/internal/classfile/module_codec.go:910.16,912.3 1 0
github.com/ArubikU/polyloft-bvm/internal/classfile/module_codec.go:913.2,915.19 3 0
github.com/ArubikU/polyloft-bvm/internal/classfile/module_codec.go:918.61,919.56 1 0
github.com/ArubikU/polyloft-bvm/internal/classfile/module_codec.go:919.56,921.3 1 0
github.com/ArubikU/polyloft-bvm/internal/classfile/module_codec.go:922.2,922.31 1 0
github.com/ArubikU/polyloft-bvm/internal/classfile/module_codec.go:922.31,923.55 1 0
github.com/ArubikU/polyloft-bvm/internal/classfile/module_codec.go:923.55,925.4 1 0
github.com/ArubikU/polyloft-bvm/internal/classfile/module_codec.go:926.3,926.53 1 0
github.com/ArubikU/polyloft-bvm/internal/classfile/module_codec.go:926.53,928.4 1 0
github.com/ArubikU/polyloft-bvm/internal/classfile/module_codec.go:929.3,929.59 1 0
github.com/ArubikU/polyloft-bvm/internal/classfile/module_codec.go:929.59,931.4 1 0
github.com/ArubikU/polyloft-bvm/internal/classfile/module_codec.go:932.3,932.39 1 0
github.com/ArubikU/polyloft-bvm/internal/classfile/module_codec.go:932.39,934.4 1 0
github.com/ArubikU/polyloft-bvm/internal/classfile/module_codec.go:936.2,936.12 1 0
github.com/ArubikU/polyloft-bvm/internal/classfile/module_codec.go:939.78,940.57 1 0
github.com/ArubikU/polyloft-bvm/internal/classfile/module_codec.go:940.57,942.3 1 0
github.com/ArubikU/polyloft-bvm/internal/classfile/module_codec.go:943.2,943.33 1 0
github.com/ArubikU/polyloft-bvm/internal/classfile/module_codec.go:943.33,944.56 1 0
github.com/ArubikU/polyloft-bvm/internal/classfile/module_codec.go:944.56,946.4 1 0
github.com/ArubikU/polyloft-bvm/internal/classfile/module_codec.go:947.3,947.54 1 0
github.com/ArubikU/polyloft-bvm/internal/classfile/module_codec.go:947.54,949.4 1 0
github.com/ArubikU/polyloft-bvm/internal/classfile/module_codec.go:950.3,950.60 1 0
github.com/ArubikU/polyloft-bvm/internal/classfile/module_codec.go:950.60,952.4 1 0
github.com/ArubikU/polyloft-bvm/internal/classfile/module_codec.go:953.3,954.17 2 0
github.com/ArubikU/polyloft-bvm/internal/classfile/module_codec.go:954.17,956.4 1 0
github.com/ArubikU/polyloft-bvm/internal/classfile/module_codec.go:957.3,957.61 1 0
github.com/ArubikU/polyloft-bvm/internal/classfile/module_codec.go:957.61,959.4 1 0
github.com/ArubikU/polyloft-bvm/internal/classfile/module_codec.go:960.3,960.35 1 0
github.com/ArubikU/polyloft-bvm/internal/classfile/module_codec.go:960.35,961.50 1 0
github.com/ArubikU/polyloft-bvm/internal/classfile/module_codec.go:961.50,963.5 1 0
github.com/ArubikU/polyloft-bvm/internal/classfile/module_codec.go:966.2,966.12 1 0
github.com/ArubikU/polyloft-bvm/internal/classfile/module_codec.go:969.90,971.16 2 0
github.com/ArubikU/polyloft-bvm/internal/classfile/module_codec.go:971.16,973.3 1 0
github.com/ArubikU/polyloft-bvm/internal/classfile/module_codec.go:974.2,975.16 2 0
github.com/ArubikU/polyloft-bvm/internal/classfile/module_codec.go:975.16,977.3 1 0
github.com/ArubikU/polyloft-bvm/internal/classfile/module_codec.go:978.2,981.8 1 0
github.com/ArubikU/polyloft-bvm/internal/classfile/module_codec.go:984.79,986.40 2 0
github.com/ArubikU/polyloft-bvm/internal/classfile/module_codec.go:986.40,988.3 1 0
github.com/ArubikU/polyloft-bvm/internal/classfile/module_codec.go:989.2,989.55 1 0
github.com/ArubikU/polyloft-bvm/internal/classfile/module_codec.go:989.55,991.3 1 0
github.com/ArubikU/polyloft-bvm/internal/classfile/module_codec.go:992.2,992.63 1 0
github.com/ArubikU/polyloft-bvm/internal/classfile/module_codec.go:992.63,994.3 1 0
github.com/ArubikU/polyloft-bvm/internal/classfile/module_codec.go:995.2,995.50 1 0
github.com/ArubikU/polyloft-bvm/internal/classfile/module_codec.go:995.50,997.3 1 0
github.com/ArubikU/polyloft-bvm/internal/classfile/module_codec.go:998.2,998.40 1 0
github.com/ArubikU/polyloft-bvm/internal/classfile/module_codec.go:998.40,1000.3 1 0
github.com/ArubikU/polyloft-bvm/internal/classfile/module_codec.go:1001.2,1002.16 2 0
github.com/ArubikU/polyloft-bvm/internal/classfile/module_codec.go:1002.16,1004.3 1 0
github.com/ArubikU/polyloft-bvm/internal/classfile/module_codec.go:1005.2,1006.57 2 0
github.com/ArubikU/polyloft-bvm/internal/classfile/module_codec.go:1006.57,1008.3 1 0
github.com/ArubikU/polyloft-bvm/internal/classfile/module_codec.go:1009.2,1009.29 1 0
github.com/ArubikU/polyloft-bvm/internal/classfile/module_codec.go:1009.29,1010.51 1 0
github.com/ArubikU/polyloft-bvm/internal/classfile/module_codec.go:1010.51,1012.4 1 0
github.com/ArubikU/polyloft-bvm/internal/classfile/module_codec.go:1014.2,1014.25 1 0
github.com/ArubikU/polyloft-bvm/internal/classfile/module_codec.go:1017.57,1020.59 3 0
github.com/ArubikU/polyloft-bvm/internal/classfile/module_codec.go:1020.59,1022.3 1 0
github.com/ArubikU/polyloft-bvm/internal/classfile/module_codec.go:1023.2,1023.32 1 0
github.com/ArubikU/polyloft-bvm/internal/classfile/module_codec.go:1023.32,1024.60 1 0
github.com/ArubikU/polyloft-bvm/internal/classfile/module_codec.go:1024.60,1026.4 1 0
github.com/ArubikU/polyloft-bvm/internal/classfile/module_codec.go:1027.3,1027.58 1 0
github.com/ArubikU/polyloft-bvm/internal/classfile/module_codec.go:1027.58,1029.4 1 0
github.com/ArubikU/polyloft-bvm/internal/classfile/module_codec.go:1031.2,1031.25 1 0
github.com/ArubikU/polyloft-bvm/internal/classfile/module_codec.go:1039.44,1040.21 1 0
github.com/ArubikU/polyloft-bvm/internal/classfile/module_codec.go:1040.21,1042.3 1 0
github.com/ArubikU/polyloft-bvm/internal/classfile/module_codec.go:1043.2,1045.34 3 0
github.com/ArubikU/polyloft-bvm/internal/classfile/module_codec.go:1045.34,1046.38 1 0
github.com/ArubikU/polyloft-bvm/internal/classfile/module_codec.go:1046.38,1049.4 2 0
github.com/ArubikU/polyloft-bvm/internal/classfile/module_codec.go:1051.2,1051.16 1 0
github.com/ArubikU/polyloft-bvm/internal/classfile/module_codec.go:1054.61,1056.62 2 0
github.com/ArubikU/polyloft-bvm/internal/classfile/module_codec.go:1056.62,1058.3 1 0
github.com/ArubikU/polyloft-bvm/internal/classfile/module_codec.go:1059.2,1059.58 1 0
github.com/ArubikU/polyloft-bvm/internal/classfile/module_codec.go:1059.58,1061.3 1 0
github.com/ArubikU/polyloft-bvm/internal/classfile/module_codec.go:1062.2,1062.67 1 0
github.com/ArubikU/polyloft-bvm/internal/classfile/module_codec.go:1062.67,1064.3 1 0
github.com/ArubikU/polyloft-bvm/internal/classfile/module_codec.go:1065.2,1065.42 1 0
github.com/ArubikU/polyloft-bvm/internal/classfile/module_codec.go:1065.42,1066.53 1 0
github.com/ArubikU/polyloft-bvm/internal/classfile/module_codec.go:1066.53,1068.4 1 0
github.com/ArubikU/polyloft-bvm/internal/classfile/module_codec.go:1069.3,1070.22 2 0
github.com/ArubikU/polyloft-bvm/internal/classfile/module_codec.go:1070.22,1072.4 1 0
github.com/ArubikU/polyloft-bvm/internal/classfile/module_codec.go:1073.3,1073.47 1 0
github.com/ArubikU/polyloft-bvm/internal/classfile/module_codec.go:1073.47,1075.4 1 0
github.com/ArubikU/polyloft-bvm/internal/classfile/module_codec.go:1077.2,1077.61 1 0
github.com/ArubikU/polyloft-bvm/internal/classfile/module_codec.go:1077.61,1079.3 1 0
github.com/ArubikU/polyloft-bvm/internal/classfile/module_codec.go:1080.2,1080.69 1 0
github.com/ArubikU/polyloft-bvm/internal/classfile/module_codec.go:1080.69,1082.3 1 0
github.com/ArubikU/polyloft-bvm/internal/classfile/module_codec.go:1083.2,1083.65 1 0
github.com/ArubikU/polyloft-bvm/internal/classfile/module_codec.go:1083.65,1085.3 1 0
github.com/ArubikU/polyloft-bvm/internal/classfile/module_codec.go:1086.2,1086.68 1 0
github.com/ArubikU/polyloft-bvm/internal/classfile/module_codec.go:1086.68,1088.3 1 0
github.com/ArubikU/polyloft-bvm/internal/classfile/module_codec.go:1089.2,1089.44 1 0
github.com/ArubikU/polyloft-bvm/internal/classfile/module_codec.go:1089.44,1090.53 1 0
github.com/ArubikU/polyloft-bvm/internal/classfile/module_codec.go:1090.53,1092.4 1 0
github.com/ArubikU/polyloft-bvm/internal/classfile/module_codec.go:1093.3,1093.56 1 0
github.com/ArubikU/polyloft-bvm/internal/classfile/module_codec.go:1093.56,1095.4 1 0
github.com/ArubikU/polyloft-bvm/internal/classfile/module_codec.go:1096.3,1096.57 1 0
github.com/ArubikU/polyloft-bvm/internal/classfile/module_codec.go:1096.57,1098.4 1 0
github.com/ArubikU/polyloft-bvm/internal/classfile/module_codec.go:1100.2,1100.25 1 0
github.com/ArubikU/polyloft-bvm/internal/classfile/module_codec.go:1103.88,1104.60 1 0
github.com/ArubikU/polyloft-bvm/internal/classfile/module_codec.go:1104.60,1106.3 1 0
github.com/ArubikU/polyloft-bvm/internal/classfile/module_codec.go:1107.2,1108.31 2 0
github.com/ArubikU/polyloft-bvm/internal/classfile/module_codec.go:1108.31,1110.3 1 0
github.com/ArubikU/polyloft-bvm/internal/classfile/module_codec.go:1111.2,1112.29 2 0
github.com/ArubikU/polyloft-bvm/internal/classfile/module_codec.go:1112.29,1114.44 2 0
github.com/ArubikU/polyloft-bvm/internal/classfile/module_codec.go:1114.44,1116.4 1 0
github.com/ArubikU/polyloft-bvm/internal/classfile/module_codec.go:1117.3,1117.49 1 0
github.com/ArubikU/polyloft-bvm/internal/classfile/module_codec.go:1117.49,1119.4 1 0
github.com/ArubikU/polyloft-bvm/internal/classfile/module_codec.go:1120.3,1120.61 1 0
github.com/ArubikU/polyloft-bvm/internal/classfile/module_codec.go:1120.61,1122.4 1 0
github.com/ArubikU/polyloft-bvm/internal/classfile/module_codec.go:1123.3,1124.40 2 0
github.com/ArubikU/polyloft-bvm/internal/classfile/module_codec.go:1124.40,1126.4 1 0
github.com/ArubikU/polyloft-bvm/internal/classfile/module_codec.go:1127.3,1128.62 2 0
github.com/ArubikU/polyloft-bvm/internal/classfile/module_codec.go:1128.62,1130.4 1 0
github.com/ArubikU/polyloft-bvm/internal/classfile/module_codec.go:1131.3,1131.42 1 0
github.com/ArubikU/polyloft-bvm/internal/classfile/module_codec.go:1131.42,1133.51 2 0
github.com/ArubikU/polyloft-bvm/internal/classfile/module_codec.go:1133.51,1135.5 1 0
github.com/ArubikU/polyloft-bvm/internal/classfile/module_codec.go:1136.4,1136.52 1 0
github.com/ArubikU/polyloft-bvm/internal/classfile/module_codec.go:1136.52,1138.5 1 0
github.com/ArubikU/polyloft-bvm/internal/classfile/module_codec.go:1139.4,1139.60 1 0
github.com/ArubikU/polyloft-bvm/internal/classfile/module_codec.go:1139.60,1141.5 1 0
github.com/ArubikU/polyloft-bvm/internal/classfile/module_codec.go:1142.4,1142.54 1 0
github.com/ArubikU/polyloft-bvm/internal/classfile/module_codec.go:1142.54,1144.5 1 0
github.com/ArubikU/polyloft-bvm/internal/classfile/module_codec.go:1147.2,1147.12 1 0
github.com/ArubikU/polyloft-bvm/internal/classfile/module_codec.go:1150.69,1152.59 2 0
github.com/ArubikU/polyloft-bvm/internal/classfile/module_codec.go:1152.59,1154.3 1 0
github.com/ArubikU/polyloft-bvm/internal/classfile/module_codec.go:1155.2,1155.36 1 0
github.com/ArubikU/polyloft-bvm/internal/classfile/module_codec.go:1155.36,1156.52 1 0
github.com/ArubikU/polyloft-bvm/internal/classfile/module_codec.go:1156.52,1158.4 1 0
github.com/ArubikU/polyloft-bvm/internal/classfile/module_codec.go:1159.3,1159.56 1 0
github.com/ArubikU/polyloft-bvm/internal/classfile/module_codec.go:1159.56,1161.4 1 0
github.com/ArubikU/polyloft-bvm/internal/classfile/module_codec.go:1162.3,1162.62 1 0
github.com/ArubikU/polyloft-bvm/internal/classfile/module_codec.go:1162.62,1164.4 1 0
github.com/ArubikU/polyloft-bvm/internal/classfile/module_codec.go:1165.3,1165.66 1 0
github.com/ArubikU/polyloft-bvm/internal/classfile/module_codec.go:1165.66,1167.4 1 0
github.com/ArubikU/polyloft-bvm/internal/classfile/module_codec.go:1168.3,1168.55 1 0
github.com/ArubikU/polyloft-bvm/internal/classfile/module_codec.go:1168.55,1170.4 1 0
github.com/ArubikU/polyloft-bvm/internal/classfile/module_codec.go:1171.3,1171.68 1 0
github.com/ArubikU/polyloft-bvm/internal/classfile/module_codec.go:1171.68,1173.4 1 0
github.com/ArubikU/polyloft-bvm/internal/classfile/module_codec.go:1174.3,1174.65 1 0
github.com/ArubikU/polyloft-bvm/internal/classfile/module_codec.go:1174.65,1176.4 1 0
github.com/ArubikU/polyloft-bvm/internal/classfile/module_codec.go:1177.3,1177.67 1 0
github.com/ArubikU/polyloft-bvm/internal/classfile/module_codec.go:1177.67,1179.4 1 0
github.com/ArubikU/polyloft-bvm/internal/classfile/module_codec.go:1180.3,1180.70 1 0
github.com/ArubikU/polyloft-bvm/internal/classfile/module_codec.go:1180.70,1182.4 1 0
github.com/ArubikU/polyloft-bvm/internal/classfile/module_codec.go:1183.3,1183.68 1 0
github.com/ArubikU/polyloft-bvm/internal/classfile/module_codec.go:1183.68,1185.4 1 0
github.com/ArubikU/polyloft-bvm/internal/classfile/module_codec.go:1186.3,1186.72 1 0
github.com/ArubikU/polyloft-bvm/internal/classfile/module_codec.go:1186.72,1188.4 1 0
github.com/ArubikU/polyloft-bvm/internal/classfile/module_codec.go:1189.3,1189.76 1 0
github.com/ArubikU/polyloft-bvm/internal/classfile/module_codec.go:1189.76,1191.4 1 0
github.com/ArubikU/polyloft-bvm/internal/classfile/module_codec.go:1192.3,1192.69 1 0
github.com/ArubikU/polyloft-bvm/internal/classfile/module_codec.go:1192.69,1194.4 1 0
github.com/ArubikU/polyloft-bvm/internal/classfile/module_codec.go:1195.3,1195.73 1 0
github.com/ArubikU/polyloft-bvm/internal/classfile/module_codec.go:1195.73,1197.4 1 0
github.com/ArubikU/polyloft-bvm/internal/classfile/module_codec.go:1198.3,1198.72 1 0
github.com/ArubikU/polyloft-bvm/internal/classfile/module_codec.go:1198.72,1200.4 1 0
github.com/ArubikU/polyloft-bvm/internal/classfile/module_codec.go:1201.3,1201.61 1 0
github.com/ArubikU/polyloft-bvm/internal/classfile/module_codec.go:1201.61,1203.4 1 0
github.com/ArubikU/polyloft-bvm/internal/classfile/module_codec.go:1204.3,1204.74 1 0
github.com/ArubikU/polyloft-bvm/internal/classfile/module_codec.go:1204.74,1206.4 1 0
github.com/ArubikU/polyloft-bvm/internal/classfile/module_codec.go:1207.3,1207.75 1 0
github.com/ArubikU/polyloft-bvm/internal/classfile/module_codec.go:1207.75,1209.4 1 0
github.com/ArubikU/polyloft-bvm/internal/classfile/module_codec.go:1210.3,1210.78 1 0
github.com/ArubikU/polyloft-bvm/internal/classfile/module_codec.go:1210.78,1212.4 1 0
github.com/ArubikU/polyloft-bvm/internal/classfile/module_codec.go:1213.3,1213.76 1 0
github.com/ArubikU/polyloft-bvm/internal/classfile/module_codec.go:1213.76,1215.4 1 0
github.com/ArubikU/polyloft-bvm/internal/classfile/module_codec.go:1216.3,1216.73 1 0
github.com/ArubikU/polyloft-bvm/internal/classfile/module_codec.go:1216.73,1218.4 1 0
github.com/ArubikU/polyloft-bvm/internal/classfile/module_codec.go:1219.3,1219.73 1 0
github.com/ArubikU/polyloft-bvm/internal/classfile/module_codec.go:1219.73,1221.4 1 0
github.com/ArubikU/polyloft-bvm/internal/classfile/module_codec.go:1222.3,1222.78 1 0
github.com/ArubikU/polyloft-bvm/internal/classfile/module_codec.go:1222.78,1224.4 1 0
github.com/ArubikU/polyloft-bvm/internal/classfile/module_codec.go:1225.3,1225.73 1 0
github.com/ArubikU/polyloft-bvm/internal/classfile/module_codec.go:1225.73,1227.4 1 0
github.com/ArubikU/polyloft-bvm/internal/classfile/module_codec.go:1229.2,1229.25 1 0
github.com/ArubikU/polyloft-bvm/internal/classfile/module_codec.go:1232.71,1233.54 1 0
github.com/ArubikU/polyloft-bvm/internal/classfile/module_codec.go:1233.54,1235.3 1 0
github.com/ArubikU/polyloft-bvm/internal/classfile/module_codec.go:1236.2,1236.27 1 0
github.com/ArubikU/polyloft-bvm/internal/classfile/module_codec.go:1236.27,1237.48 1 0
github.com/ArubikU/polyloft-bvm/internal/classfile/module_codec.go:1237.48,1239.4 1 0
github.com/ArubikU/polyloft-bvm/internal/classfile/module_codec.go:1240.3,1240.52 1 0
github.com/ArubikU/polyloft-bvm/internal/classfile/module_codec.go:1240.52,1242.4 1 0
github.com/ArubikU/polyloft-bvm/internal/classfile/module_codec.go:1243.3,1243.54 1 0
github.com/ArubikU/polyloft-bvm/internal/classfile/module_codec.go:1243.54,1245.4 1 0
github.com/ArubikU/polyloft-bvm/internal/classfile/module_codec.go:1246.3,1247.18 2 0
github.com/ArubikU/polyloft-bvm/internal/classfile/module_codec.go:1247.18,1249.4 1 0
github.com/ArubikU/polyloft-bvm/internal/classfile/module_codec.go:1250.3,1250.45 1 0
github.com/ArubikU/polyloft-bvm/internal/classfile/module_codec.go:1250.45,1252.4 1 0
github.com/ArubikU/polyloft-bvm/internal/classfile/module_codec.go:1254.2,1254.12 1 0
github.com/ArubikU/polyloft-bvm/internal/classfile/module_codec.go:1257.78,1258.58 1 0
github.com/ArubikU/polyloft-bvm/internal/classfile/module_codec.go:1258.58,1260.3 1 0
github.com/ArubikU/polyloft-bvm/internal/classfile/module_codec.go:1261.2,1261.35 1 0
github.com/ArubikU/polyloft-bvm/internal/classfile/module_codec.go:1261.35,1262.52 1 0
github.com/ArubikU/polyloft-bvm/internal/classfile/module_codec.go:1262.52,1264.4 1 0
github.com/ArubikU/polyloft-bvm/internal/classfile/module_codec.go:1265.3,1265.57 1 0
github.com/ArubikU/polyloft-bvm/internal/classfile/module_codec.go:1265.57,1267.4 1 0
github.com/ArubikU/polyloft-bvm/internal/classfile/module_codec.go:1269.2,1269.12 1 0
github.com/ArubikU/polyloft-bvm/internal/classfile/module_codec.go:1272.71,1273.59 1 0
github.com/ArubikU/polyloft-bvm/internal/classfile/module_codec.go:1273.59,1275.3 1 0
github.com/ArubikU/polyloft-bvm/internal/classfile/module_codec.go:1276.2,1277.30 2 0
github.com/ArubikU/polyloft-bvm/internal/classfile/module_codec.go:1277.30,1279.3 1 0
github.com/ArubikU/polyloft-bvm/internal/classfile/module_codec.go:1280.2,1281.29 2 0
github.com/ArubikU/polyloft-bvm/internal/classfile/module_codec.go:1281.29,1282.44 1 0
github.com/ArubikU/polyloft-bvm/internal/classfile/module_codec.go:1282.44,1284.4 1 0
github.com/ArubikU/polyloft-bvm/internal/classfile/module_codec.go:1285.3,1285.57 1 0
github.com/ArubikU/polyloft-bvm/internal/classfile/module_codec.go:1285.57,1287.4 1 0
github.com/ArubikU/polyloft-bvm/internal/classfile/module_codec.go:1289.2,1289.12 1 0
github.com/ArubikU/polyloft-bvm/internal/classfile/module_codec.go:1292.77,1293.57 1 0
github.com/ArubikU/polyloft-bvm/internal/classfile/module_codec.go:1293.57,1295.3 1 0
github.com/ArubikU/polyloft-bvm/internal/classfile/module_codec.go:1296.2,1296.33 1 0
github.com/ArubikU/polyloft-bvm/internal/classfile/module_codec.go:1296.33,1297.49 1 0
github.com/ArubikU/polyloft-bvm/internal/classfile/module_codec.go:1297.49,1299.4 1 0
github.com/ArubikU/polyloft-bvm/internal/classfile/module_codec.go:1300.3,1300.56 1 0
github.com/ArubikU/polyloft-bvm/internal/classfile/module_codec.go:1300.56,1302.4 1 0
github.com/ArubikU/polyloft-bvm/internal/classfile/module_codec.go:1304.2,1304.12 1 0
github.com/ArubikU/polyloft-bvm/internal/classfile/module_codec.go:1307.63,1308.53 1 0
github.com/ArubikU/polyloft-bvm/internal/classfile/module_codec.go:1308.53,1310.3 1 0
github.com/ArubikU/polyloft-bvm/internal/classfile/module_codec.go:1311.2,1312.23 2 0
github.com/ArubikU/polyloft-bvm/internal/classfile/module_codec.go:1312.23,1314.3 1 0
github.com/ArubikU/polyloft-bvm/internal/classfile/module_codec.go:1315.2,1316.27 2 0
github.com/ArubikU/polyloft-bvm/internal/classfile/module_codec.go:1316.27,1317.43 1 0
github.com/ArubikU/polyloft-bvm/internal/classfile/module_codec.go:1317.43,1319.4 1 0
github.com/ArubikU/polyloft-bvm/internal/classfile/module_codec.go:1320.3,1320.48 1 0
github.com/ArubikU/polyloft-bvm/internal/classfile/module_codec.go:1320.48,1322.4 1 0
github.com/ArubikU/polyloft-bvm/internal/classfile/module_codec.go:1324.2,1324.12 1 0
github.com/ArubikU/polyloft-bvm/internal/classfile/module_codec.go:1327.69,1328.53 1 0
github.com/ArubikU/polyloft-bvm/internal/classfile/module_codec.go:1328.53,1330.3 1 0
github.com/ArubikU/polyloft-bvm/internal/classfile/module_codec.go:1331.2,1332.23 2 0
github.com/ArubikU/polyloft-bvm/internal/classfile/module_codec.go:1332.23,1334.3 1 0
github.com/ArubikU/polyloft-bvm/internal/classfile/module_codec.go:1335.2,1336.27 2 0
github.com/ArubikU/polyloft-bvm/internal/classfile/module_codec.go:1336.27,1337.43 1 0
github.com/ArubikU/polyloft-bvm/internal/classfile/module_codec.go:1337.43,1339.4 1 0
github.com/ArubikU/polyloft-bvm/internal/classfile/module_codec.go:1340.3,1340.54 1 0
github.com/ArubikU/polyloft-bvm/internal/classfile/module_codec.go:1340.54,1342.4 1 0
github.com/ArubikU/polyloft-bvm/internal/classfile/module_codec.go:1344.2,1344.12 1 0
github.com/ArubikU/polyloft-bvm/internal/classfile/module_codec.go:1347.54,1348.56 1 0
github.com/ArubikU/polyloft-bvm/internal/classfile/module_codec.go:1348.56,1350.3 1 0
github.com/ArubikU/polyloft-bvm/internal/classfile/module_codec.go:1351.2,1351.31 1 0
github.com/ArubikU/polyloft-bvm/internal/classfile/module_codec.go:1351.31,1352.43 1 0
github.com/ArubikU/polyloft-bvm/internal/classfile/module_codec.go:1352.43,1354.4 1 0
github.com/ArubikU/polyloft-bvm/internal/classfile/module_codec.go:1356.2,1356.12 1 0
github.com/ArubikU/polyloft-bvm/internal/classfile/module_codec.go:1359.58,1360.56 1 0
github.com/ArubikU/polyloft-bvm/internal/classfile/module_codec.go:1360.56,1362.3 1 0
github.com/ArubikU/polyloft-bvm/internal/classfile/module_codec.go:1363.2,1363.31 1 0
github.com/ArubikU/polyloft-bvm/internal/classfile/module_codec.go:1363.31,1364.45 1 0
github.com/ArubikU/polyloft-bvm/internal/classfile/module_codec.go:1364.45,1366.4 1 0
github.com/ArubikU/polyloft-bvm/internal/classfile/module_codec.go:1368.2,1368.12 1 0
github.com/ArubikU/polyloft-bvm/internal/classfile/module_codec.go:1371.60,1372.51 1 0
github.com/ArubikU/polyloft-bvm/internal/classfile/module_codec.go:1372.51,1374.3 1 0
github.com/ArubikU/polyloft-bvm/internal/classfile/module_codec.go:1375.2,1375.59 1 0
github.com/ArubikU/polyloft-bvm/internal/classfile/module_codec.go:1375.59,1377.3 1 0
github.com/ArubikU/polyloft-bvm/internal/classfile/module_codec.go:1378.2,1379.12 2 0
github.com/ArubikU/polyloft-bvm/internal/classfile/module_codec.go:1382.75,1384.16 2 0
github.com/ArubikU/polyloft-bvm/internal/classfile/module_codec.go:1384.16,1386.3 1 0
github.com/ArubikU/polyloft-bvm/internal/classfile/module_codec.go:1387.2,1387.20 1 0
github.com/ArubikU/polyloft-bvm/internal/classfile/module_codec.go:1387.20,1389.3 1 0
github.com/ArubikU/polyloft-bvm/internal/classfile/module_codec.go:1390.2,1391.16 2 0
github.com/ArubikU/polyloft-bvm/internal/classfile/module_codec.go:1391.16,1393.3 1 0
github.com/ArubikU/polyloft-bvm/internal/classfile/module_codec.go:1394.2,1395.16 2 0
github.com/ArubikU/polyloft-bvm/internal/classfile/module_codec.go:1395.16,1397.3 1 0
github.com/ArubikU/polyloft-bvm/internal/classfile/module_codec.go:1398.2,1398.52 1 0
github.com/ArubikU/polyloft-bvm/internal/classfile/module_codec.go:1398.52,1400.3 1 0
github.com/ArubikU/polyloft-bvm/internal/classfile/module_codec.go:1401.2,1402.16 2 0
github.com/ArubikU/polyloft-bvm/internal/classfile/module_codec.go:1402.16,1404.3 1 0
github.com/ArubikU/polyloft-bvm/internal/classfile/module_codec.go:1405.2,1405.37 1 0
github.com/ArubikU/polyloft-bvm/internal/classfile/module_codec.go:1405.37,1407.3 1 0
github.com/ArubikU/polyloft-bvm/internal/classfile/module_codec.go:1408.2,1408.37 1 0
github.com/ArubikU/polyloft-bvm/internal/classfile/module_codec.go:1408.37,1410.3 1 0
github.com/ArubikU/polyloft-bvm/internal/classfile/module_codec.go:1411.2,1411.37 1 0
github.com/ArubikU/polyloft-bvm/internal/classfile/module_codec.go:1411.37,1413.3 1 0
github.com/ArubikU/polyloft-bvm/internal/classfile/module_codec.go:1414.2,1415.16 2 0
github.com/ArubikU/polyloft-bvm/internal/classfile/module_codec.go:1415.16,1417.3 1 0
github.com/ArubikU/polyloft-bvm/internal/classfile/module_codec.go:1418.2,1418.44 1 0
github.com/ArubikU/polyloft-bvm/internal/classfile/module_codec.go:1418.44,1419.38 1 0
github.com/ArubikU/polyloft-bvm/internal/classfile/module_codec.go:1419.38,1421.4 1 0
github.com/ArubikU/polyloft-bvm/internal/classfile/module_codec.go:1423.2,1424.16 2 0
github.com/ArubikU/polyloft-bvm/internal/classfile/module_codec.go:1424.16,1426.3 1 0
github.com/ArubikU/polyloft-bvm/internal/classfile/module_codec.go:1427.2,1427.40 1 0
github.com/ArubikU/polyloft-bvm/internal/classfile/module_codec.go:1427.40,1428.39 1 0
github.com/ArubikU/polyloft-bvm/internal/classfile/module_codec.go:1428.39,1430.4 1 0
github.com/ArubikU/polyloft-bvm/internal/classfile/module_codec.go:1432.2,1433.16 2 0
github.com/ArubikU/polyloft-bvm/internal/classfile/module_codec.go:1433.16,1435.3 1 0
github.com/ArubikU/polyloft-bvm/internal/classfile/module_codec.go:1436.2,1437.41 2 0
github.com/ArubikU/polyloft-bvm/internal/classfile/module_codec.go:1437.41,1439.17 2 0
github.com/ArubikU/polyloft-bvm/internal/classfile/module_codec.go:1439.17,1441.4 1 0
github.com/ArubikU/polyloft-bvm/internal/classfile/module_codec.go:1442.3,1442.22 1 0
github.com/ArubikU/polyloft-bvm/internal/classfile/module_codec.go:1444.2,1445.16 2 0
github.com/ArubikU/polyloft-bvm/internal/classfile/module_codec.go:1445.16,1447.3 1 0
github.com/ArubikU/polyloft-bvm/internal/classfile/module_codec.go:1448.2,1451.44 4 0
github.com/ArubikU/polyloft-bvm/internal/classfile/module_codec.go:1451.44,1453.17 2 0
github.com/ArubikU/polyloft-bvm/internal/classfile/module_codec.go:1453.17,1455.4 1 0
github.com/ArubikU/polyloft-bvm/internal/classfile/module_codec.go:1456.3,1456.15 1 0
github.com/ArubikU/polyloft-bvm/internal/classfile/module_codec.go:1457.25,1459.18 2 0
github.com/ArubikU/polyloft-bvm/internal/classfile/module_codec.go:1459.18,1461.5 1 0
github.com/ArubikU/polyloft-bvm/internal/classfile/module_codec.go:1462.26,1464.18 2 0
github.com/ArubikU/polyloft-bvm/internal/classfile/module_codec.go:1464.18,1466.5 1 0
github.com/ArubikU/polyloft-bvm/internal/classfile/module_codec.go:1467.27,1468.19 1 0
github.com/ArubikU/polyloft-bvm/internal/classfile/module_codec.go:1471.2,1472.33 2 0
github.com/ArubikU/polyloft-bvm/internal/classfile/module_codec.go:1472.33,1474.3 1 0
github.com/ArubikU/polyloft-bvm/internal/classfile/module_codec.go:1475.2,1476.36 2 0
github.com/ArubikU/polyloft-bvm/internal/classfile/module_codec.go:1476.36,1478.3 1 0
github.com/ArubikU/polyloft-bvm/internal/classfile/module_codec.go:1479.2,1479.36 1 0
github.com/ArubikU/polyloft-bvm/internal/classfile/module_codec.go:1479.36,1481.3 1 0
github.com/ArubikU/polyloft-bvm/internal/classfile/module_codec.go:1482.2,1482.33 1 0
github.com/ArubikU/polyloft-bvm/internal/classfile/module_codec.go:1482.33,1484.3 1 0
github.com/ArubikU/polyloft-bvm/internal/classfile/module_codec.go:1485.2,1486.18 2 0
github.com/ArubikU/polyloft-bvm/internal/classfile/module_codec.go:1486.18,1488.3 1 0
github.com/ArubikU/polyloft-bvm/internal/classfile/module_codec.go:1489.2,1489.29 1 0
github.com/ArubikU/polyloft-bvm/internal/classfile/module_codec.go:1508.36,1509.37 1 0
github.com/ArubikU/polyloft-bvm/internal/classfile/module_codec.go:1509.37,1511.3 1 0
github.com/ArubikU/polyloft-bvm/internal/classfile/module_codec.go:1512.2,1512.37 1 0
github.com/ArubikU/polyloft-bvm/internal/classfile/module_codec.go:1512.37,1514.3 1 0
github.com/ArubikU/polyloft-bvm/internal/classfile/module_codec.go:1515.2,1515.37 1 0
github.com/ArubikU/polyloft-bvm/internal/classfile/module_codec.go:1515.37,1517.3 1 0
github.com/ArubikU/polyloft-bvm/internal/classfile/module_codec.go:1518.2,1519.16 2 0
github.com/ArubikU/polyloft-bvm/internal/classfile/module_codec.go:1519.16,1521.3 1 0
github.com/ArubikU/polyloft-bvm/internal/classfile/module_codec.go:1522.2,1522.44 1 0
github.com/ArubikU/polyloft-bvm/internal/classfile/module_codec.go:1522.44,1523.38 1 0
github.com/ArubikU/polyloft-bvm/internal/classfile/module_codec.go:1523.38,1525.4 1 0
github.com/ArubikU/polyloft-bvm/internal/classfile/module_codec.go:1526.3,1527.17 2 0
github.com/ArubikU/polyloft-bvm/internal/classfile/module_codec.go:1527.17,1529.4 1 0
github.com/ArubikU/polyloft-bvm/internal/classfile/module_codec.go:1530.3,1530.67 1 0
github.com/ArubikU/polyloft-bvm/internal/classfile/module_codec.go:1530.67,1532.4 1 0
github.com/ArubikU/polyloft-bvm/internal/classfile/module_codec.go:1534.2,1534.12 1 0
github.com/ArubikU/polyloft-bvm/internal/classfile/module_codec.go:1537.67,1539.16 2 0
github.com/ArubikU/polyloft-bvm/internal/classfile/module_codec.go:1539.16,1541.3 1 0
github.com/ArubikU/polyloft-bvm/internal/classfile/module_codec.go:1542.2,1543.16 2 0
github.com/ArubikU/polyloft-bvm/internal/classfile/module_codec.go:1543.16,1545.3 1 0
github.com/ArubikU/polyloft-bvm/internal/classfile/module_codec.go:1546.2,1547.16 2 0
github.com/ArubikU/polyloft-bvm/internal/classfile/module_codec.go:1547.16,1549.3 1 0
github.com/ArubikU/polyloft-bvm/internal/classfile/module_codec.go:1550.2,1551.16 2 0
github.com/ArubikU/polyloft-bvm/internal/classfile/module_codec.go:1551.16,1553.3 1 0
github.com/ArubikU/polyloft-bvm/internal/classfile/module_codec.go:1554.2,1555.16 2 0
github.com/ArubikU/polyloft-bvm/internal/classfile/module_codec.go:1555.16,1557.3 1 0
github.com/ArubikU/polyloft-bvm/internal/classfile/module_codec.go:1558.2,1559.16 2 0
github.com/ArubikU/polyloft-bvm/internal/classfile/module_codec.go:1559.16,1561.3 1 0
github.com/ArubikU/polyloft-bvm/internal/classfile/module_codec.go:1562.2,1563.44 2 0
github.com/ArubikU/polyloft-bvm/internal/classfile/module_codec.go:1563.44,1565.17 2 0
github.com/ArubikU/polyloft-bvm/internal/classfile/module_codec.go:1565.17,1567.4 1 0
github.com/ArubikU/polyloft-bvm/internal/classfile/module_codec.go:1568.3,1568.19 1 0
github.com/ArubikU/polyloft-bvm/internal/classfile/module_codec.go:1569.15,1571.18 2 0
github.com/ArubikU/polyloft-bvm/internal/classfile/module_codec.go:1571.18,1573.5 1 0
github.com/ArubikU/polyloft-bvm/internal/classfile/module_codec.go:1574.25,1576.18 2 0
github.com/ArubikU/polyloft-bvm/internal/classfile/module_codec.go:1576.18,1578.5 1 0
github.com/ArubikU/polyloft-bvm/internal/classfile/module_codec.go:1579.4,1585.32 7 0
github.com/ArubikU/polyloft-bvm/internal/classfile/module_codec.go:1588.2,1588.20 1 0
github.com/ArubikU/polyloft-bvm/internal/classfile/module_codec.go:1591.71,1593.16 2 0
github.com/ArubikU/polyloft-bvm/internal/classfile/module_codec.go:1593.16,1595.3 1 0
github.com/ArubikU/polyloft-bvm/internal/classfile/module_codec.go:1596.2,1597.16 2 0
github.com/ArubikU/polyloft-bvm/internal/classfile/module_codec.go:1597.16,1599.3 1 0
github.com/ArubikU/polyloft-bvm/internal/classfile/module_codec.go:1600.2,1601.16 2 0
github.com/ArubikU/polyloft-bvm/internal/classfile/module_codec.go:1601.16,1603.3 1 0
github.com/ArubikU/polyloft-bvm/internal/classfile/module_codec.go:1604.2,1605.48 2 0
github.com/ArubikU/polyloft-bvm/internal/classfile/module_codec.go:1605.48,1607.3 1 0
github.com/ArubikU/polyloft-bvm/internal/classfile/module_codec.go:1608.2,1608.24 1 0
github.com/ArubikU/polyloft-bvm/internal/classfile/module_codec.go:1611.57,1614.2 2 0
github.com/ArubikU/polyloft-bvm/internal/classfile/module_codec.go:1616.84,1618.42 2 0
github.com/ArubikU/polyloft-bvm/internal/classfile/module_codec.go:1618.42,1620.3 1 0
github.com/ArubikU/polyloft-bvm/internal/classfile/module_codec.go:1621.2,1622.16 2 0
github.com/ArubikU/polyloft-bvm/internal/classfile/module_codec.go:1622.16,1624.3 1 0
github.com/ArubikU/polyloft-bvm/internal/classfile/module_codec.go:1625.2,1626.16 2 0
github.com/ArubikU/polyloft-bvm/internal/classfile/module_codec.go:1626.16,1628.3 1 0
github.com/ArubikU/polyloft-bvm/internal/classfile/module_codec.go:1629.2,1630.53 2 0
github.com/ArubikU/polyloft-bvm/internal/classfile/module_codec.go:1630.53,1632.3 1 0
github.com/ArubikU/polyloft-bvm/internal/classfile/module_codec.go:1633.2,1634.16 2 0
github.com/ArubikU/polyloft-bvm/internal/classfile/module_codec.go:1634.16,1636.3 1 0
github.com/ArubikU/polyloft-bvm/internal/classfile/module_codec.go:1637.2,1637.87 1 0
github.com/ArubikU/polyloft-bvm/internal/classfile/module_codec.go:1637.87,1639.3 1 0
github.com/ArubikU/polyloft-bvm/internal/classfile/module_codec.go:1640.2,1641.16 2 0
github.com/ArubikU/polyloft-bvm/internal/classfile/module_codec.go:1641.16,1643.3 1 0
github.com/ArubikU/polyloft-bvm/internal/classfile/module_codec.go:1644.2,1645.38 2 0
github.com/ArubikU/polyloft-bvm/internal/classfile/module_codec.go:1645.38,1647.17 2 0
github.com/ArubikU/polyloft-bvm/internal/classfile/module_codec.go:1647.17,1649.4 1 0
github.com/ArubikU/polyloft-bvm/internal/classfile/module_codec.go:1650.3,1650.32 1 0
github.com/ArubikU/polyloft-bvm/internal/classfile/module_codec.go:1650.32,1652.18 2 0
github.com/ArubikU/polyloft-bvm/internal/classfile/module_codec.go:1652.18,1654.5 1 0
github.com/ArubikU/polyloft-bvm/internal/classfile/module_codec.go:1657.2,1657.18 1 0
github.com/ArubikU/polyloft-bvm/internal/classfile/module_codec.go:1657.18,1659.3 1 0
github.com/ArubikU/polyloft-bvm/internal/classfile/module_codec.go:1660.2,1660.36 1 0
github.com/ArubikU/polyloft-bvm/internal/classfile/module_codec.go:1663.72,1666.16 3 0
github.com/ArubikU/polyloft-bvm/internal/classfile/module_codec.go:1666.16,1668.3 1 0
github.com/ArubikU/polyloft-bvm/internal/classfile/module_codec.go:1669.2,1670.34 2 0
github.com/ArubikU/polyloft-bvm/internal/classfile/module_codec.go:1670.34,1672.17 2 0
github.com/ArubikU/polyloft-bvm/internal/classfile/module_codec.go:1672.17,1674.4 1 0
github.com/ArubikU/polyloft-bvm/internal/classfile/module_codec.go:1675.3,1676.17 2 0
github.com/ArubikU/polyloft-bvm/internal/classfile/module_codec.go:1676.17,1678.4 1 0
github.com/ArubikU/polyloft-bvm/internal/classfile/module_codec.go:1679.3,1679.77 1 0
github.com/ArubikU/polyloft-bvm/internal/classfile/module_codec.go:1681.2,1684.49 4 0
github.com/ArubikU/polyloft-bvm/internal/classfile/module_codec.go:1684.49,1685.73 1 0
github.com/ArubikU/polyloft-bvm/internal/classfile/module_codec.go:1685.73,1688.4 2 0
github.com/ArubikU/polyloft-bvm/internal/classfile/module_codec.go:1689.3,1689.30 1 0
github.com/ArubikU/polyloft-bvm/internal/classfile/module_codec.go:1691.2,1691.19 1 0
github.com/ArubikU/polyloft-bvm/internal/classfile/module_codec.go:1694.156,1697.16 3 0
github.com/ArubikU/polyloft-bvm/internal/classfile/module_codec.go:1697.16,1699.3 1 0
github.com/ArubikU/polyloft-bvm/internal/classfile/module_codec.go:1700.2,1701.16 2 0
github.com/ArubikU/polyloft-bvm/internal/classfile/module_codec.go:1701.16,1703.3 1 0
github.com/ArubikU/polyloft-bvm/internal/classfile/module_codec.go:1704.2,1705.16 2 0
github.com/ArubikU/polyloft-bvm/internal/classfile/module_codec.go:1705.16,1707.3 1 0
github.com/ArubikU/polyloft-bvm/internal/classfile/module_codec.go:1708.2,1709.41 2 0
github.com/ArubikU/polyloft-bvm/internal/classfile/module_codec.go:1709.41,1711.17 2 0
github.com/ArubikU/polyloft-bvm/internal/classfile/module_codec.go:1711.17,1713.4 1 0
github.com/ArubikU/polyloft-bvm/internal/classfile/module_codec.go:1714.3,1715.17 2 0
github.com/ArubikU/polyloft-bvm/internal/classfile/module_codec.go:1715.17,1717.4 1 0
github.com/ArubikU/polyloft-bvm/internal/classfile/module_codec.go:1718.3,1718.74 1 0
github.com/ArubikU/polyloft-bvm/internal/classfile/module_codec.go:1720.2,1721.16 2 0
github.com/ArubikU/polyloft-bvm/internal/classfile/module_codec.go:1721.16,1723.3 1 0
github.com/ArubikU/polyloft-bvm/internal/classfile/module_codec.go:1724.2,1725.16 2 0
github.com/ArubikU/polyloft-bvm/internal/classfile/module_codec.go:1725.16,1727.3 1 0
github.com/ArubikU/polyloft-bvm/internal/classfile/module_codec.go:1728.2,1729.16 2 0
github.com/ArubikU/polyloft-bvm/internal/classfile/module_codec.go:1729.16,1731.3 1 0
github.com/ArubikU/polyloft-bvm/internal/classfile/module_codec.go:1732.2,1733.16 2 0
github.com/ArubikU/polyloft-bvm/internal/classfile/module_codec.go:1733.16,1735.3 1 0
github.com/ArubikU/polyloft-bvm/internal/classfile/module_codec.go:1736.2,1737.42 2 0
github.com/ArubikU/polyloft-bvm/internal/classfile/module_codec.go:1737.42,1739.17 2 0
github.com/ArubikU/polyloft-bvm/internal/classfile/module_codec.go:1739.17,1741.4 1 0
github.com/ArubikU/polyloft-bvm/internal/classfile/module_codec.go:1742.3,1743.17 2 0
github.com/ArubikU/polyloft-bvm/internal/classfile/module_codec.go:1743.17,1745.4 1 0
github.com/ArubikU/polyloft-bvm/internal/classfile/module_codec.go:1746.3,1747.17 2 0
github.com/ArubikU/polyloft-bvm/internal/classfile/module_codec.go:1747.17,1749.4 1 0
github.com/ArubikU/polyloft-bvm/internal/classfile/module_codec.go:1750.3,1750.83 1 0
github.com/ArubikU/polyloft-bvm/internal/classfile/module_codec.go:1752.2,1752.107 1 0
github.com/ArubikU/polyloft-bvm/internal/classfile/module_codec.go:1755.79,1757.16 2 0
github.com/ArubikU/polyloft-bvm/internal/classfile/module_codec.go:1757.16,1759.3 1 0
github.com/ArubikU/polyloft-bvm/internal/classfile/module_codec.go:1760.2,1761.34 2 0
github.com/ArubikU/polyloft-bvm/internal/classfile/module_codec.go:1761.34,1763.17 2 0
github.com/ArubikU/polyloft-bvm/internal/classfile/module_codec.go:1763.17,1765.4 1 0
github.com/ArubikU/polyloft-bvm/internal/classfile/module_codec.go:1766.3,1767.17 2 0
github.com/ArubikU/polyloft-bvm/internal/classfile/module_codec.go:1767.17,1769.4 1 0
github.com/ArubikU/polyloft-bvm/internal/classfile/module_codec.go:1770.3,1771.17 2 0
github.com/ArubikU/polyloft-bvm/internal/classfile/module_codec.go:1771.17,1773.4 1 0
github.com/ArubikU/polyloft-bvm/internal/classfile/module_codec.go:1774.3,1775.17 2 0
github.com/ArubikU/polyloft-bvm/internal/classfile/module_codec.go:1775.17,1777.4 1 0
github.com/ArubikU/polyloft-bvm/internal/classfile/module_codec.go:1778.3,1779.41 2 0
github.com/ArubikU/polyloft-bvm/internal/classfile/module_codec.go:1779.41,1781.18 2 0
github.com/ArubikU/polyloft-bvm/internal/classfile/module_codec.go:1781.18,1783.5 1 0
github.com/ArubikU/polyloft-bvm/internal/classfile/module_codec.go:1784.4,1785.18 2 0
github.com/ArubikU/polyloft-bvm/internal/classfile/module_codec.go:1785.18,1787.5 1 0
github.com/ArubikU/polyloft-bvm/internal/classfile/module_codec.go:1788.4,1789.18 2 0
github.com/ArubikU/polyloft-bvm/internal/classfile/module_codec.go:1789.18,1791.5 1 0
github.com/ArubikU/polyloft-bvm/internal/classfile/module_codec.go:1792.4,1793.18 2 0
github.com/ArubikU/polyloft-bvm/internal/classfile/module_codec.go:1793.18,1795.5 1 0
github.com/ArubikU/polyloft-bvm/internal/classfile/module_codec.go:1796.4,1796.100 1 0
github.com/ArubikU/polyloft-bvm/internal/classfile/module_codec.go:1798.3,1798.109 1 0
github.com/ArubikU/polyloft-bvm/internal/classfile/module_codec.go:1800.2,1800.24 1 0
github.com/ArubikU/polyloft-bvm/internal/classfile/module_codec.go:1803.66,1806.16 3 0
github.com/ArubikU/polyloft-bvm/internal/classfile/module_codec.go:1806.16,1808.3 1 0
github.com/ArubikU/polyloft-bvm/internal/classfile/module_codec.go:1809.2,1810.34 2 0
github.com/ArubikU/polyloft-bvm/internal/classfile/module_codec.go:1810.34,1812.17 2 0
github.com/ArubikU/polyloft-bvm/internal/classfile/module_codec.go:1812.17,1814.4 1 0
github.com/ArubikU/polyloft-bvm/internal/classfile/module_codec.go:1815.3,1815.25 1 0
github.com/ArubikU/polyloft-bvm/internal/classfile/module_codec.go:1817.2,1817.21 1 0
github.com/ArubikU/polyloft-bvm/internal/classfile/module_codec.go:1820.53,1822.16 2 0
github.com/ArubikU/polyloft-bvm/internal/classfile/module_codec.go:1822.16,1824.3 1 0
github.com/ArubikU/polyloft-bvm/internal/classfile/module_codec.go:1825.2,1826.16 2 0
github.com/ArubikU/polyloft-bvm/internal/classfile/module_codec.go:1826.16,1828.3 1 0
github.com/ArubikU/polyloft-bvm/internal/classfile/module_codec.go:1829.2,1830.16 2 0
github.com/ArubikU/polyloft-bvm/internal/classfile/module_codec.go:1830.16,1832.3 1 0
github.com/ArubikU/polyloft-bvm/internal/classfile/module_codec.go:1833.2,1834.16 2 0
github.com/ArubikU/polyloft-bvm/internal/classfile/module_codec.go:1834.16,1836.3 1 0
github.com/ArubikU/polyloft-bvm/internal/classfile/module_codec.go:1837.2,1838.16 2 0
github.com/ArubikU/polyloft-bvm/internal/classfile/module_codec.go:1838.16,1840.3 1 0
github.com/ArubikU/polyloft-bvm/internal/classfile/module_codec.go:1841.2,1842.16 2 0
github.com/ArubikU/polyloft-bvm/internal/classfile/module_codec.go:1842.16,1844.3 1 0
github.com/ArubikU/polyloft-bvm/internal/classfile/module_codec.go:1845.2,1846.16 2 0
github.com/ArubikU/polyloft-bvm/internal/classfile/module_codec.go:1846.16,1848.3 1 0
github.com/ArubikU/polyloft-bvm/internal/classfile/module_codec.go:1849.2,1850.16 2 0
github.com/ArubikU/polyloft-bvm/internal/classfile/module_codec.go:1850.16,1852.3 1 0
github.com/ArubikU/polyloft-bvm/internal/classfile/module_codec.go:1853.2,1854.16 2 0
github.com/ArubikU/polyloft-bvm/internal/classfile/module_codec.go:1854.16,1856.3 1 0
github.com/ArubikU/polyloft-bvm/internal/classfile/module_codec.go:1857.2,1858.16 2 0
github.com/ArubikU/polyloft-bvm/internal/classfile/module_codec.go:1858.16,1860.3 1 0
github.com/ArubikU/polyloft-bvm/internal/classfile/module_codec.go:1861.2,1862.16 2 0
github.com/ArubikU/polyloft-bvm/internal/classfile/module_codec.go:1862.16,1864.3 1 0
github.com/ArubikU/polyloft-bvm/internal/classfile/module_codec.go:1865.2,1866.16 2 0
github.com/ArubikU/polyloft-bvm/internal/classfile/module_codec.go:1866.16,1868.3 1 0
github.com/ArubikU/polyloft-bvm/internal/classfile/module_codec.go:1869.2,1870.16 2 0
github.com/ArubikU/polyloft-bvm/internal/classfile/module_codec.go:1870.16,1872.3 1 0
github.com/ArubikU/polyloft-bvm/internal/classfile/module_codec.go:1873.2,1874.16 2 0
github.com/ArubikU/polyloft-bvm/internal/classfile/module_codec.go:1874.16,1876.3 1 0
github.com/ArubikU/polyloft-bvm/internal/classfile/module_codec.go:1877.2,1878.16 2 0
github.com/ArubikU/polyloft-bvm/internal/classfile/module_codec.go:1878.16,1880.3 1 0
github.com/ArubikU/polyloft-bvm/internal/classfile/module_codec.go:1881.2,1882.16 2 0
github.com/ArubikU/polyloft-bvm/internal/classfile/module_codec.go:1882.16,1884.3 1 0
github.com/ArubikU/polyloft-bvm/internal/classfile/module_codec.go:1885.2,1886.16 2 0
github.com/ArubikU/polyloft-bvm/internal/classfile/module_codec.go:1886.16,1888.3 1 0
github.com/ArubikU/polyloft-bvm/internal/classfile/module_codec.go:1889.2,1890.16 2 0
github.com/ArubikU/polyloft-bvm/internal/classfile/module_codec.go:1890.16,1892.3 1 0
github.com/ArubikU/polyloft-bvm/internal/classfile/module_codec.go:1893.2,1894.16 2 0
github.com/ArubikU/polyloft-bvm/internal/classfile/module_codec.go:1894.16,1896.3 1 0
github.com/ArubikU/polyloft-bvm/internal/classfile/module_codec.go:1897.2,1898.16 2 0
github.com/ArubikU/polyloft-bvm/internal/classfile/module_codec.go:1898.16,1900.3 1 0
github.com/ArubikU/polyloft-bvm/internal/classfile/module_codec.go:1901.2,1902.16 2 0
github.com/ArubikU/polyloft-bvm/internal/classfile/module_codec.go:1902.16,1904.3 1 0
github.com/ArubikU/polyloft-bvm/internal/classfile/module_codec.go:1905.2,1906.16 2 0
github.com/ArubikU/polyloft-bvm/internal/classfile/module_codec.go:1906.16,1908.3 1 0
github.com/ArubikU/polyloft-bvm/internal/classfile/module_codec.go:1909.2,1910.16 2 0
github.com/ArubikU/polyloft-bvm/internal/classfile/module_codec.go:1910.16,1912.3 1 0
github.com/ArubikU/polyloft-bvm/internal/classfile/module_codec.go:1913.2,1914.16 2 0
github.com/ArubikU/polyloft-bvm/internal/classfile/module_codec.go:1914.16,1916.3 1 0
github.com/ArubikU/polyloft-bvm/internal/classfile/module_codec.go:1917.2,1925.8 1 0
github.com/ArubikU/polyloft-bvm/internal/classfile/module_codec.go:1928.67,1930.16 2 0
github.com/ArubikU/polyloft-bvm/internal/classfile/module_codec.go:1930.16,1932.3 1 0
github.com/ArubikU/polyloft-bvm/internal/classfile/module_codec.go:1933.2,1934.34 2 0
github.com/ArubikU/polyloft-bvm/internal/classfile/module_codec.go:1934.34,1936.17 2 0
github.com/ArubikU/polyloft-bvm/internal/classfile/module_codec.go:1936.17,1938.4 1 0
github.com/ArubikU/polyloft-bvm/internal/classfile/module_codec.go:1939.3,1940.17 2 0
github.com/ArubikU/polyloft-bvm/internal/classfile/module_codec.go:1940.17,1942.4 1 0
github.com/ArubikU/polyloft-bvm/internal/classfile/module_codec.go:1943.3,1944.17 2 0
github.com/ArubikU/polyloft-bvm/internal/classfile/module_codec.go:1944.17,1946.4 1 0
github.com/ArubikU/polyloft-bvm/internal/classfile/module_codec.go:1947.3,1948.17 2 0
github.com/ArubikU/polyloft-bvm/internal/classfile/module_codec.go:1948.17,1950.4 1 0
github.com/ArubikU/polyloft-bvm/internal/classfile/module_codec.go:1951.3,1951.107 1 0
github.com/ArubikU/polyloft-bvm/internal/classfile/module_codec.go:1953.2,1953.18 1 0
github.com/ArubikU/polyloft-bvm/internal/classfile/module_codec.go:1956.70,1958.16 2 0
github.com/ArubikU/polyloft-bvm/internal/classfile/module_codec.go:1958.16,1960.3 1 0
github.com/ArubikU/polyloft-bvm/internal/classfile/module_codec.go:1961.2,1962.34 2 0
github.com/ArubikU/polyloft-bvm/internal/classfile/module_codec.go:1962.34,1964.17 2 0
github.com/ArubikU/polyloft-bvm/internal/classfile/module_codec.go:1964.17,1966.4 1 0
github.com/ArubikU/polyloft-bvm/internal/classfile/module_codec.go:1967.3,1968.17 2 0
github.com/ArubikU/polyloft-bvm/internal/classfile/module_codec.go:1968.17,1970.4 1 0
github.com/ArubikU/polyloft-bvm/internal/classfile/module_codec.go:1971.3,1971.75 1 0
github.com/ArubikU/polyloft-bvm/internal/classfile/module_codec.go:1973.2,1973.22 1 0
github.com/ArubikU/polyloft-bvm/internal/classfile/module_codec.go:1976.62,1978.16 2 0
github.com/ArubikU/polyloft-bvm/internal/classfile/module_codec.go:1978.16,1980.3 1 0
github.com/ArubikU/polyloft-bvm/internal/classfile/module_codec.go:1981.2,1982.34 2 0
github.com/ArubikU/polyloft-bvm/internal/classfile/module_codec.go:1982.34,1984.17 2 0
github.com/ArubikU/polyloft-bvm/internal/classfile/module_codec.go:1984.17,1986.4 1 0
github.com/ArubikU/polyloft-bvm/internal/classfile/module_codec.go:1987.3,1988.17 2 0
github.com/ArubikU/polyloft-bvm/internal/classfile/module_codec.go:1988.17,1990.4 1 0
github.com/ArubikU/polyloft-bvm/internal/classfile/module_codec.go:1991.3,1991.27 1 0
github.com/ArubikU/polyloft-bvm/internal/classfile/module_codec.go:1993.2,1993.23 1 0
github.com/ArubikU/polyloft-bvm/internal/classfile/module_codec.go:1996.70,1998.16 2 0
github.com/ArubikU/polyloft-bvm/internal/classfile/module_codec.go:1998.16,2000.3 1 0
github.com/ArubikU/polyloft-bvm/internal/classfile/module_codec.go:2001.2,2002.34 2 0
github.com/ArubikU/polyloft-bvm/internal/classfile/module_codec.go:2002.34,2004.17 2 0
github.com/ArubikU/polyloft-bvm/internal/classfile/module_codec.go:2004.17,2006.4 1 0
github.com/ArubikU/polyloft-bvm/internal/classfile/module_codec.go:2007.3,2008.17 2 0
github.com/ArubikU/polyloft-bvm/internal/classfile/module_codec.go:2008.17,2010.4 1 0
github.com/ArubikU/polyloft-bvm/internal/classfile/module_codec.go:2011.3,2011.74 1 0
github.com/ArubikU/polyloft-bvm/internal/classfile/module_codec.go:2013.2,2013.21 1 0
github.com/ArubikU/polyloft-bvm/internal/classfile/module_codec.go:2016.60,2018.16 2 0
github.com/ArubikU/polyloft-bvm/internal/classfile/module_codec.go:2018.16,2020.3 1 0
github.com/ArubikU/polyloft-bvm/internal/classfile/module_codec.go:2021.2,2022.34 2 0
github.com/ArubikU/polyloft-bvm/internal/classfile/module_codec.go:2022.34,2024.17 2 0
github.com/ArubikU/polyloft-bvm/internal/classfile/module_codec.go:2024.17,2026.4 1 0
github.com/ArubikU/polyloft-bvm/internal/classfile/module_codec.go:2027.3,2028.17 2 0
github.com/ArubikU/polyloft-bvm/internal/classfile/module_codec.go:2028.17,2030.4 1 0
github.com/ArubikU/polyloft-bvm/internal/classfile/module_codec.go:2031.3,2031.22 1 0
github.com/ArubikU/polyloft-bvm/internal/classfile/module_codec.go:2033.2,2033.20 1 0
github.com/ArubikU/polyloft-bvm/internal/classfile/module_codec.go:2036.66,2038.16 2 0
github.com/ArubikU/polyloft-bvm/internal/classfile/module_codec.go:2038.16,2040.3 1 0
github.com/ArubikU/polyloft-bvm/internal/classfile/module_codec.go:2041.2,2042.34 2 0
github.com/ArubikU/polyloft-bvm/internal/classfile/module_codec.go:2042.34,2044.17 2 0
github.com/ArubikU/polyloft-bvm/internal/classfile/module_codec.go:2044.17,2046.4 1 0
github.com/ArubikU/polyloft-bvm/internal/classfile/module_codec.go:2047.3,2048.17 2 0
github.com/ArubikU/polyloft-bvm/internal/classfile/module_codec.go:2048.17,2050.4 1 0
github.com/ArubikU/polyloft-bvm/internal/classfile/module_codec.go:2051.3,2051.23 1 0
github.com/ArubikU/polyloft-bvm/internal/classfile/module_codec.go:2053.2,2053.20 1 0
github.com/ArubikU/polyloft-bvm/internal/classfile/module_codec.go:2056.48,2058.16 2 0
github.com/ArubikU/polyloft-bvm/internal/classfile/module_codec.go:2058.16,2060.3 1 0
github.com/ArubikU/polyloft-bvm/internal/classfile/module_codec.go:2061.2,2062.34 2 0
github.com/ArubikU/polyloft-bvm/internal/classfile/module_codec.go:2062.34,2064.17 2 0
github.com/ArubikU/polyloft-bvm/internal/classfile/module_codec.go:2064.17,2066.4 1 0
github.com/ArubikU/polyloft-bvm/internal/classfile/module_codec.go:2068.2,2068.20 1 0
github.com/ArubikU/polyloft-bvm/internal/classfile/module_codec.go:2071.52,2073.16 2 0
github.com/ArubikU/polyloft-bvm/internal/classfile/module_codec.go:2073.16,2075.3 1 0
github.com/ArubikU/polyloft-bvm/internal/classfile/module_codec.go:2076.2,2077.34 2 0
github.com/ArubikU/polyloft-bvm/internal/classfile/module_codec.go:2077.34,2079.17 2 0
github.com/ArubikU/polyloft-bvm/internal/classfile/module_codec.go:2079.17,2081.4 1 0
github.com/ArubikU/polyloft-bvm/internal/classfile/module_codec.go:2083.2,2083.20 1 0
github.com/ArubikU/polyloft-bvm/internal/classfile/module_codec.go:2086.150,2119.49 3 0
github.com/ArubikU/polyloft-bvm/internal/classfile/module_codec.go:2119.49,2121.3 1 0
github.com/ArubikU/polyloft-bvm/internal/classfile/module_codec.go:2122.2,2122.48 1 0
github.com/ArubikU/polyloft-bvm/internal/classfile/module_codec.go:2122.48,2125.97 3 0
github.com/ArubikU/polyloft-bvm/internal/classfile/module_codec.go:2125.97,2127.4 1 0
github.com/ArubikU/polyloft-bvm/internal/classfile/module_codec.go:2129.2,2129.50 1 0
github.com/ArubikU/polyloft-bvm/internal/classfile/module_codec.go:2129.50,2131.3 1 0
github.com/ArubikU/polyloft-bvm/internal/classfile/module_codec.go:2132.2,2132.51 1 0
github.com/ArubikU/polyloft-bvm/internal/classfile/module_codec.go:2132.51,2134.3 1 0
github.com/ArubikU/polyloft-bvm/internal/classfile/module_codec.go:2137.163,2140.44 3 0
github.com/ArubikU/polyloft-bvm/internal/classfile/module_codec.go:2140.44,2142.3 1 0
github.com/ArubikU/polyloft-bvm/internal/classfile/module_codec.go:2143.2,2149.29 7 0
github.com/ArubikU/polyloft-bvm/internal/classfile/module_codec.go:2149.29,2151.3 1 0
github.com/ArubikU/polyloft-bvm/internal/classfile/module_codec.go:2152.2,2156.137 5 0
github.com/ArubikU/polyloft-bvm/internal/classfile/module_codec.go:2159.49,2160.22 1 0
github.com/ArubikU/polyloft-bvm/internal/classfile/module_codec.go:2160.22,2162.3 1 0
github.com/ArubikU/polyloft-bvm/internal/classfile/module_codec.go:2163.2,2164.31 2 0
github.com/ArubikU/polyloft-bvm/internal/classfile/module_codec.go:2164.31,2166.3 1 0
github.com/ArubikU/polyloft-bvm/internal/classfile/module_codec.go:2167.2,2167.15 1 0
github.com/ArubikU/polyloft-bvm/internal/classfile/module_codec.go:2170.72,2172.27 2 0
github.com/ArubikU/polyloft-bvm/internal/classfile/module_codec.go:2172.27,2174.3 1 0
github.com/ArubikU/polyloft-bvm/internal/classfile/module_codec.go:2175.2,2175.15 1 0
github.com/ArubikU/polyloft-bvm/internal/classfile/module_codec.go:2178.71,2180.35 2 0
github.com/ArubikU/polyloft-bvm/internal/classfile/module_codec.go:2180.35,2182.3 1 0
github.com/ArubikU/polyloft-bvm/internal/classfile/module_codec.go:2183.2,2183.15 1 0
github.com/ArubikU/polyloft-bvm/internal/classfile/module_codec.go:2186.127,2188.35 2 0
github.com/ArubikU/polyloft-bvm/internal/classfile/module_codec.go:2188.35,2190.3 1 0
github.com/ArubikU/polyloft-bvm/internal/classfile/module_codec.go:2191.2,2191.15 1 0
github.com/ArubikU/polyloft-bvm/internal/classfile/module_codec.go:2194.109,2196.28 2 0
github.com/ArubikU/polyloft-bvm/internal/classfile/module_codec.go:2196.28,2197.36 1 0
github.com/ArubikU/polyloft-bvm/internal/classfile/module_codec.go:2197.36,2199.4 1 0
github.com/ArubikU/polyloft-bvm/internal/classfile/module_codec.go:2201.2,2201.15 1 0
github.com/ArubikU/polyloft-bvm/internal/classfile/module_codec.go:2204.146,2205.23 1 0
github.com/ArubikU/polyloft-bvm/internal/classfile/module_codec.go:2206.16,2207.13 1 0
github.com/ArubikU/polyloft-bvm/internal/classfile/module_codec.go:2208.18,2210.17 2 0
github.com/ArubikU/polyloft-bvm/internal/classfile/module_codec.go:2210.17,2212.4 1 0
github.com/ArubikU/polyloft-bvm/internal/classfile/module_codec.go:2213.20,2215.17 2 0
github.com/ArubikU/polyloft-bvm/internal/classfile/module_codec.go:2215.17,2217.4 1 0
github.com/ArubikU/polyloft-bvm/internal/classfile/module_codec.go:2218.19,2220.17 2 0
github.com/ArubikU/polyloft-bvm/internal/classfile/module_codec.go:2220.17,2222.4 1 0
github.com/ArubikU/polyloft-bvm/internal/classfile/module_codec.go:2223.17,2225.17 2 0
github.com/ArubikU/polyloft-bvm/internal/classfile/module_codec.go:2225.17,2227.4 1 0
github.com/ArubikU/polyloft-bvm/internal/classfile/module_codec.go:2228.17,2230.17 2 0
github.com/ArubikU/polyloft-bvm/internal/classfile/module_codec.go:2230.17,2232.4 1 0
github.com/ArubikU/polyloft-bvm/internal/classfile/module_codec.go:2233.24,2234.42 1 0
github.com/ArubikU/polyloft-bvm/internal/classfile/module_codec.go:2235.21,2236.39 1 0
github.com/ArubikU/polyloft-bvm/internal/classfile/module_codec.go:2238.2,2238.12 1 0
github.com/ArubikU/polyloft-bvm/internal/classfile/module_codec.go:2241.66,2242.46 1 0
github.com/ArubikU/polyloft-bvm/internal/classfile/module_codec.go:2242.46,2244.3 1 0
github.com/ArubikU/polyloft-bvm/internal/classfile/module_codec.go:2245.2,2247.58 3 0
github.com/ArubikU/polyloft-bvm/internal/classfile/module_codec.go:2247.58,2251.3 3 0
github.com/ArubikU/polyloft-bvm/internal/classfile/module_codec.go:2252.2,2252.30 1 0
github.com/ArubikU/polyloft-bvm/internal/classfile/module_codec.go:2252.30,2254.3 1 0
github.com/ArubikU/polyloft-bvm/internal/classfile/module_codec.go:2255.2,2256.20 2 0
github.com/ArubikU/polyloft-bvm/internal/classfile/module_codec.go:2259.70,2260.30 1 0
github.com/ArubikU/polyloft-bvm/internal/classfile/module_codec.go:2260.30,2262.3 1 0
github.com/ArubikU/polyloft-bvm/internal/classfile/module_codec.go:2263.2,2263.27 1 0
github.com/ArubikU/polyloft-bvm/internal/classfile/module_codec.go:2264.11,2265.27 1 0
github.com/ArubikU/polyloft-bvm/internal/classfile/module_codec.go:2266.11,2267.26 1 0
github.com/ArubikU/polyloft-bvm/internal/classfile/module_codec.go:2268.11,2269.28 1 0
github.com/ArubikU/polyloft-bvm/internal/classfile/module_codec.go:2270.11,2271.27 1 0
github.com/ArubikU/polyloft-bvm/internal/classfile/module_codec.go:2272.11,2273.27 1 0
github.com/ArubikU/polyloft-bvm/internal/classfile/module_codec.go:2274.11,2276.28 2 0
github.com/ArubikU/polyloft-bvm/internal/classfile/module_codec.go:2277.11,2279.14 2 0
github.com/ArubikU/polyloft-bvm/internal/classfile/module_codec.go:2279.14,2281.4 1 0
github.com/ArubikU/polyloft-bvm/internal/classfile/module_codec.go:2282.3,2283.15 2 0
github.com/ArubikU/polyloft-bvm/internal/classfile/module_codec.go:2284.27,2285.36 1 0
github.com/ArubikU/polyloft-bvm/internal/classfile/module_codec.go:2286.23,2287.33 1 0
github.com/ArubikU/polyloft-bvm/internal/classfile/module_codec.go:2288.28,2289.38 1 0
github.com/ArubikU/polyloft-bvm/internal/classfile/module_codec.go:2290.25,2291.35 1 0
github.com/ArubikU/polyloft-bvm/internal/classfile/module_codec.go:2292.23,2293.33 1 0
github.com/ArubikU/polyloft-bvm/internal/classfile/module_codec.go:2294.25,2295.35 1 0
github.com/ArubikU/polyloft-bvm/internal/classfile/module_codec.go:2296.25,2297.35 1 0
github.com/ArubikU/polyloft-bvm/internal/classfile/module_codec.go:2298.26,2299.36 1 0
github.com/ArubikU/polyloft-bvm/internal/classfile/module_codec.go:2300.23,2301.33 1 0
github.com/ArubikU/polyloft-bvm/internal/classfile/module_codec.go:2302.11,2303.62 1 0
github.com/ArubikU/polyloft-bvm/internal/classfile/module_codec.go:2305.10,2306.26 1 0
github.com/ArubikU/polyloft-bvm/internal/classfile/module_codec.go:2310.47,2310.98 1 0
github.com/ArubikU/polyloft-bvm/internal/classfile/module_codec.go:2311.47,2311.98 1 0
github.com/ArubikU/polyloft-bvm/internal/classfile/module_codec.go:2312.47,2312.98 1 0
github.com/ArubikU/polyloft-bvm/internal/classfile/module_codec.go:2314.40,2318.2 3 0
github.com/ArubikU/polyloft-bvm/internal/classfile/module_codec.go:2319.42,2323.2 3 0
github.com/ArubikU/polyloft-bvm/internal/classfile/module_codec.go:2324.42,2328.2 3 0
github.com/ArubikU/polyloft-bvm/internal/classfile/module_codec.go:2330.49,2332.32 2 0
github.com/ArubikU/polyloft-bvm/internal/classfile/module_codec.go:2332.32,2334.3 1 0
github.com/ArubikU/polyloft-bvm/internal/classfile/module_codec.go:2335.2,2335.54 1 0
github.com/ArubikU/polyloft-bvm/internal/classfile/module_codec.go:2335.54,2337.3 1 0
github.com/ArubikU/polyloft-bvm/internal/classfile/module_codec.go:2338.2,2339.12 2 0
github.com/ArubikU/polyloft-bvm/internal/classfile/module_codec.go:2342.44,2344.16 2 0
github.com/ArubikU/polyloft-bvm/internal/classfile/module_codec.go:2344.16,2346.3 1 0
github.com/ArubikU/polyloft-bvm/internal/classfile/module_codec.go:2347.2,2348.48 2 0
github.com/ArubikU/polyloft-bvm/internal/classfile/module_codec.go:2348.48,2350.3 1 0
github.com/ArubikU/polyloft-bvm/internal/classfile/module_codec.go:2351.2,2351.26 1 0
github.com/ArubikU/polyloft-bvm/internal/compiler/compiler.go:74.64,76.2 1 0
github.com/ArubikU/polyloft-bvm/internal/compiler/compiler.go:78.107,80.2 1 0
github.com/ArubikU/polyloft-bvm/internal/compiler/compiler.go:82.70,84.2 1 0
github.com/ArubikU/polyloft-bvm/internal/compiler/compiler.go:86.113,88.2 1 0
github.com/ArubikU/polyloft-bvm/internal/compiler/compiler.go:90.121,94.19 4 0
github.com/ArubikU/polyloft-bvm/internal/compiler/compiler.go:94.19,96.3 1 0
github.com/ArubikU/polyloft-bvm/internal/compiler/compiler.go:97.2,109.42 6 0
github.com/ArubikU/polyloft-bvm/internal/compiler/compiler.go:109.42,110.52 1 0
github.com/ArubikU/polyloft-bvm/internal/compiler/compiler.go:110.52,112.4 1 0
github.com/ArubikU/polyloft-bvm/internal/compiler/compiler.go:114.2,118.27 5 0
github.com/ArubikU/polyloft-bvm/internal/compiler/compiler.go:121.84,123.21 2 0
github.com/ArubikU/polyloft-bvm/internal/compiler/compiler.go:123.21,125.3 1 0
github.com/ArubikU/polyloft-bvm/internal/compiler/compiler.go:126.2,126.50 1 0
github.com/ArubikU/polyloft-bvm/internal/compiler/compiler.go:126.50,128.10 2 0
github.com/ArubikU/polyloft-bvm/internal/compiler/compiler.go:128.10,129.12 1 0
github.com/ArubikU/polyloft-bvm/internal/compiler/compiler.go:131.3,132.40 2 0
github.com/ArubikU/polyloft-bvm/internal/compiler/compiler.go:134.2,134.16 1 0
github.com/ArubikU/polyloft-bvm/internal/compiler/compiler.go:137.53,138.29 1 0
github.com/ArubikU/polyloft-bvm/internal/compiler/compiler.go:139.20,142.37 3 0
github.com/ArubikU/polyloft-bvm/internal/compiler/compiler.go:142.37,144.11 2 0
github.com/ArubikU/polyloft-bvm/internal/compiler/compiler.go:144.11,146.5 1 0
github.com/ArubikU/polyloft-bvm/internal/compiler/compiler.go:147.4,147.31 1 0
github.com/ArubikU/polyloft-bvm/internal/compiler/compiler.go:149.3,149.51 1 0
github.com/ArubikU/polyloft-bvm/internal/compiler/compiler.go:149.51,151.4 1 0
github.com/ArubikU/polyloft-bvm/internal/compiler/compiler.go:152.3,152.89 1 0
github.com/ArubikU/polyloft-bvm/internal/compiler/compiler.go:152.89,154.4 1 0
github.com/ArubikU/polyloft-bvm/internal/compiler/compiler.go:155.3,155.71 1 0
github.com/ArubikU/polyloft-bvm/internal/compiler/compiler.go:155.71,157.4 1 0
github.com/ArubikU/polyloft-bvm/internal/compiler/compiler.go:158.3,158.37 1 0
github.com/ArubikU/polyloft-bvm/internal/compiler/compiler.go:158.37,159.60 1 0
github.com/ArubikU/polyloft-bvm/internal/compiler/compiler.go:159.60,161.5 1 0
github.com/ArubikU/polyloft-bvm/internal/compiler/compiler.go:163.3,163.37 1 0
github.com/ArubikU/polyloft-bvm/internal/compiler/compiler.go:163.37,165.4 1 0
github.com/ArubikU/polyloft-bvm/internal/compiler/compiler.go:166.3,166.47 1 0
github.com/ArubikU/polyloft-bvm/internal/compiler/compiler.go:166.47,168.38 2 0
github.com/ArubikU/polyloft-bvm/internal/compiler/compiler.go:168.38,170.5 1 0
github.com/ArubikU/polyloft-bvm/internal/compiler/compiler.go:171.4,173.14 3 0
github.com/ArubikU/polyloft-bvm/internal/compiler/compiler.go:175.3,175.60 1 0
github.com/ArubikU/polyloft-bvm/internal/compiler/compiler.go:175.60,180.4 4 0
github.com/ArubikU/polyloft-bvm/internal/compiler/compiler.go:181.3,181.25 1 0
github.com/ArubikU/polyloft-bvm/internal/compiler/compiler.go:181.25,187.4 5 0
github.com/ArubikU/polyloft-bvm/internal/compiler/compiler.go:188.3,189.37 2 0
github.com/ArubikU/polyloft-bvm/internal/compiler/compiler.go:189.37,191.4 1 0
github.com/ArubikU/polyloft-bvm/internal/compiler/compiler.go:192.3,194.13 3 0
github.com/ArubikU/polyloft-bvm/internal/compiler/compiler.go:195.31,196.37 1 0
github.com/ArubikU/polyloft-bvm/internal/compiler/compiler.go:196.37,198.4 1 0
github.com/ArubikU/polyloft-bvm/internal/compiler/compiler.go:199.3,200.51 2 0
github.com/ArubikU/polyloft-bvm/internal/compiler/compiler.go:200.51,202.4 1 0
github.com/ArubikU/polyloft-bvm/internal/compiler/compiler.go:203.3,205.44 3 0
github.com/ArubikU/polyloft-bvm/internal/compiler/compiler.go:205.44,207.40 2 0
github.com/ArubikU/polyloft-bvm/internal/compiler/compiler.go:207.40,209.5 1 0
github.com/ArubikU/polyloft-bvm/internal/compiler/compiler.go:210.4,210.41 1 0
github.com/ArubikU/polyloft-bvm/internal/compiler/compiler.go:210.41,211.73 1 0
github.com/ArubikU/polyloft-bvm/internal/compiler/compiler.go:211.73,213.6 1 0
github.com/ArubikU/polyloft-bvm/internal/compiler/compiler.go:214.5,216.49 3 0
github.com/ArubikU/polyloft-bvm/internal/compiler/compiler.go:218.4,218.14 1 0
github.com/ArubikU/polyloft-bvm/internal/compiler/compiler.go:220.3,220.25 1 0
github.com/ArubikU/polyloft-bvm/internal/compiler/compiler.go:220.25,223.40 3 0
github.com/ArubikU/polyloft-bvm/internal/compiler/compiler.go:223.40,225.12 2 0
github.com/ArubikU/polyloft-bvm/internal/compiler/compiler.go:225.12,227.11 2 0
github.com/ArubikU/polyloft-bvm/internal/compiler/compiler.go:229.5,229.20 1 0
github.com/ArubikU/polyloft-bvm/internal/compiler/compiler.go:231.4,231.18 1 0
github.com/ArubikU/polyloft-bvm/internal/compiler/compiler.go:231.18,232.49 1 0
github.com/ArubikU/polyloft-bvm/internal/compiler/compiler.go:232.49,233.74 1 0
github.com/ArubikU/polyloft-bvm/internal/compiler/compiler.go:233.74,235.7 1 0
github.com/ArubikU/polyloft-bvm/internal/compiler/compiler.go:236.6,236.24 1 0
github.com/ArubikU/polyloft-bvm/internal/compiler/compiler.go:236.24,238.7 1 0
github.com/ArubikU/polyloft-bvm/internal/compiler/compiler.go:239.6,240.48 2 0
github.com/ArubikU/polyloft-bvm/internal/compiler/compiler.go:242.5,242.15 1 0
github.com/ArubikU/polyloft-bvm/internal/compiler/compiler.go:245.3,245.25 1 0
github.com/ArubikU/polyloft-bvm/internal/compiler/compiler.go:245.25,246.48 1 0
github.com/ArubikU/polyloft-bvm/internal/compiler/compiler.go:246.48,247.73 1 0
github.com/ArubikU/polyloft-bvm/internal/compiler/compiler.go:247.73,249.6 1 0
github.com/ArubikU/polyloft-bvm/internal/compiler/compiler.go:250.5,250.23 1 0
github.com/ArubikU/polyloft-bvm/internal/compiler/compiler.go:250.23,252.6 1 0
github.com/ArubikU/polyloft-bvm/internal/compiler/compiler.go:253.5,255.45 3 0
github.com/ArubikU/polyloft-bvm/internal/compiler/compiler.go:257.4,257.14 1 0
github.com/ArubikU/polyloft-bvm/internal/compiler/compiler.go:259.3,260.39 2 0
github.com/ArubikU/polyloft-bvm/internal/compiler/compiler.go:260.39,262.4 1 0
github.com/ArubikU/polyloft-bvm/internal/compiler/compiler.go:263.3,263.40 1 0
github.com/ArubikU/polyloft-bvm/internal/compiler/compiler.go:263.40,264.72 1 0
github.com/ArubikU/polyloft-bvm/internal/compiler/compiler.go:264.72,266.5 1 0
github.com/ArubikU/polyloft-bvm/internal/compiler/compiler.go:267.4,269.48 3 0
github.com/ArubikU/polyloft-bvm/internal/compiler/compiler.go:271.3,271.13 1 0
github.com/ArubikU/polyloft-bvm/internal/compiler/compiler.go:272.23,275.55 3 0
github.com/ArubikU/polyloft-bvm/internal/compiler/compiler.go:275.55,277.61 2 0
github.com/ArubikU/polyloft-bvm/internal/compiler/compiler.go:277.61,279.5 1 0
github.com/ArubikU/polyloft-bvm/internal/compiler/compiler.go:280.4,280.97 1 0
github.com/ArubikU/polyloft-bvm/internal/compiler/compiler.go:280.97,282.5 1 0
github.com/ArubikU/polyloft-bvm/internal/compiler/compiler.go:283.4,283.102 1 0
github.com/ArubikU/polyloft-bvm/internal/compiler/compiler.go:283.102,285.5 1 0
github.com/ArubikU/polyloft-bvm/internal/compiler/compiler.go:286.4,286.41 1 0
github.com/ArubikU/polyloft-bvm/internal/compiler/compiler.go:286.41,289.53 3 0
github.com/ArubikU/polyloft-bvm/internal/compiler/compiler.go:289.53,291.6 1 0
github.com/ArubikU/polyloft-bvm/internal/compiler/compiler.go:292.5,295.15 4 0
github.com/ArubikU/polyloft-bvm/internal/compiler/compiler.go:297.9,297.64 1 0
github.com/ArubikU/polyloft-bvm/internal/compiler/compiler.go:297.64,299.4 1 0
github.com/ArubikU/polyloft-bvm/internal/compiler/compiler.go:300.3,300.51 1 0
github.com/ArubikU/polyloft-bvm/internal/compiler/compiler.go:300.51,302.4 1 0
github.com/ArubikU/polyloft-bvm/internal/compiler/compiler.go:303.3,303.90 1 0
github.com/ArubikU/polyloft-bvm/internal/compiler/compiler.go:303.90,305.4 1 0
github.com/ArubikU/polyloft-bvm/internal/compiler/compiler.go:306.3,306.55 1 0
github.com/ArubikU/polyloft-bvm/internal/compiler/compiler.go:306.55,307.24 1 0
github.com/ArubikU/polyloft-bvm/internal/compiler/compiler.go:307.24,309.5 1 0
github.com/ArubikU/polyloft-bvm/internal/compiler/compiler.go:309.10,311.5 1 0
github.com/ArubikU/polyloft-bvm/internal/compiler/compiler.go:312.4,314.14 3 0
github.com/ArubikU/polyloft-bvm/internal/compiler/compiler.go:316.3,316.57 1 0
github.com/ArubikU/polyloft-bvm/internal/compiler/compiler.go:316.57,317.41 1 0
github.com/ArubikU/polyloft-bvm/internal/compiler/compiler.go:317.41,320.53 3 0
github.com/ArubikU/polyloft-bvm/internal/compiler/compiler.go:320.53,322.6 1 0
github.com/ArubikU/polyloft-bvm/internal/compiler/compiler.go:323.5,326.15 4 0
github.com/ArubikU/polyloft-bvm/internal/compiler/compiler.go:328.4,330.14 3 0
github.com/ArubikU/polyloft-bvm/internal/compiler/compiler.go:332.3,332.60 1 0
github.com/ArubikU/polyloft-bvm/internal/compiler/compiler.go:332.60,333.41 1 0
github.com/ArubikU/polyloft-bvm/internal/compiler/compiler.go:333.41,336.53 3 0
github.com/ArubikU/polyloft-bvm/internal/compiler/compiler.go:336.53,338.6 1 0
github.com/ArubikU/polyloft-bvm/internal/compiler/compiler.go:339.5,342.15 4 0
github.com/ArubikU/polyloft-bvm/internal/compiler/compiler.go:344.4,344.24 1 0
github.com/ArubikU/polyloft-bvm/internal/compiler/compiler.go:344.24,346.5 1 0
github.com/ArubikU/polyloft-bvm/internal/compiler/compiler.go:346.10,346.33 1 0
github.com/ArubikU/polyloft-bvm/internal/compiler/compiler.go:346.33,348.5 1 0
github.com/ArubikU/polyloft-bvm/internal/compiler/compiler.go:349.4,351.14 3 0
github.com/ArubikU/polyloft-bvm/internal/compiler/compiler.go:353.3,353.25 1 0
github.com/ArubikU/polyloft-bvm/internal/compiler/compiler.go:353.25,355.4 1 0
github.com/ArubikU/polyloft-bvm/internal/compiler/compiler.go:356.3,356.40 1 0
github.com/ArubikU/polyloft-bvm/internal/compiler/compiler.go:356.40,360.52 4 0
github.com/ArubikU/polyloft-bvm/internal/compiler/compiler.go:360.52,362.5 1 0
github.com/ArubikU/polyloft-bvm/internal/compiler/compiler.go:363.4,366.14 4 0
github.com/ArubikU/polyloft-bvm/internal/compiler/compiler.go:368.3,371.13 4 0
github.com/ArubikU/polyloft-bvm/internal/compiler/compiler.go:372.21,373.50 1 0
github.com/ArubikU/polyloft-bvm/internal/compiler/compiler.go:373.50,375.4 1 0
github.com/ArubikU/polyloft-bvm/internal/compiler/compiler.go:376.3,377.13 2 0
github.com/ArubikU/polyloft-bvm/internal/compiler/compiler.go:378.20,379.72 1 0
github.com/ArubikU/polyloft-bvm/internal/compiler/compiler.go:379.72,380.41 1 0
github.com/ArubikU/polyloft-bvm/internal/compiler/compiler.go:380.41,381.57 1 0
github.com/ArubikU/polyloft-bvm/internal/compiler/compiler.go:381.57,384.54 3 0
github.com/ArubikU/polyloft-bvm/internal/compiler/compiler.go:384.54,386.7 1 0
github.com/ArubikU/polyloft-bvm/internal/compiler/compiler.go:387.6,390.16 4 0
github.com/ArubikU/polyloft-bvm/internal/compiler/compiler.go:392.5,392.54 1 0
github.com/ArubikU/polyloft-bvm/internal/compiler/compiler.go:392.54,394.6 1 0
github.com/ArubikU/polyloft-bvm/internal/compiler/compiler.go:395.5,398.53 4 0
github.com/ArubikU/polyloft-bvm/internal/compiler/compiler.go:398.53,400.6 1 0
github.com/ArubikU/polyloft-bvm/internal/compiler/compiler.go:401.5,404.15 4 0
github.com/ArubikU/polyloft-bvm/internal/compiler/compiler.go:406.4,406.56 1 0
github.com/ArubikU/polyloft-bvm/internal/compiler/compiler.go:406.56,407.53 1 0
github.com/ArubikU/polyloft-bvm/internal/compiler/compiler.go:407.53,409.6 1 0
github.com/ArubikU/polyloft-bvm/internal/compiler/compiler.go:410.5,412.15 3 0
github.com/ArubikU/polyloft-bvm/internal/compiler/compiler.go:414.4,414.53 1 0
github.com/ArubikU/polyloft-bvm/internal/compiler/compiler.go:414.53,416.5 1 0
github.com/ArubikU/polyloft-bvm/internal/compiler/compiler.go:417.4,417.52 1 0
github.com/ArubikU/polyloft-bvm/internal/compiler/compiler.go:417.52,419.5 1 0
github.com/ArubikU/polyloft-bvm/internal/compiler/compiler.go:420.4,422.14 3 0
github.com/ArubikU/polyloft-bvm/internal/compiler/compiler.go:424.3,424.40 1 0
github.com/ArubikU/polyloft-bvm/internal/compiler/compiler.go:424.40,425.53 1 0
github.com/ArubikU/polyloft-bvm/internal/compiler/compiler.go:425.53,427.5 1 0
github.com/ArubikU/polyloft-bvm/internal/compiler/compiler.go:428.4,432.52 5 0
github.com/ArubikU/polyloft-bvm/internal/compiler/compiler.go:432.52,434.5 1 0
github.com/ArubikU/polyloft-bvm/internal/compiler/compiler.go:435.4,438.14 4 0
github.com/ArubikU/polyloft-bvm/internal/compiler/compiler.go:440.3,440.52 1 0
github.com/ArubikU/polyloft-bvm/internal/compiler/compiler.go:440.52,442.4 1 0
github.com/ArubikU/polyloft-bvm/internal/compiler/compiler.go:443.3,443.51 1 0
github.com/ArubikU/polyloft-bvm/internal/compiler/compiler.go:443.51,445.4 1 0
github.com/ArubikU/polyloft-bvm/internal/compiler/compiler.go:446.3,449.13 4 0
github.com/ArubikU/polyloft-bvm/internal/compiler/compiler.go:450.25,451.40 1 0
github.com/ArubikU/polyloft-bvm/internal/compiler/compiler.go:451.40,452.53 1 0
github.com/ArubikU/polyloft-bvm/internal/compiler/compiler.go:452.53,454.5 1 0
github.com/ArubikU/polyloft-bvm/internal/compiler/compiler.go:455.4,455.52 1 0
github.com/ArubikU/polyloft-bvm/internal/compiler/compiler.go:455.52,457.5 1 0
github.com/ArubikU/polyloft-bvm/internal/compiler/compiler.go:458.4,460.52 3 0
github.com/ArubikU/polyloft-bvm/internal/compiler/compiler.go:460.52,462.5 1 0
github.com/ArubikU/polyloft-bvm/internal/compiler/compiler.go:463.4,465.14 3 0
github.com/ArubikU/polyloft-bvm/internal/compiler/compiler.go:467.3,467.52 1 0
github.com/ArubikU/polyloft-bvm/internal/compiler/compiler.go:467.52,469.4 1 0
github.com/ArubikU/polyloft-bvm/internal/compiler/compiler.go:470.3,470.51 1 0
github.com/ArubikU/polyloft-bvm/internal/compiler/compiler.go:470.51,472.4 1 0
github.com/ArubikU/polyloft-bvm/internal/compiler/compiler.go:473.3,473.51 1 0
github.com/ArubikU/polyloft-bvm/internal/compiler/compiler.go:473.51,475.4 1 0
github.com/ArubikU/polyloft-bvm/internal/compiler/compiler.go:476.3,477.13 2 0
github.com/ArubikU/polyloft-bvm/internal/compiler/compiler.go:478.19,479.32 1 0
github.com/ArubikU/polyloft-bvm/internal/compiler/compiler.go:479.32,481.4 1 0
github.com/ArubikU/polyloft-bvm/internal/compiler/compiler.go:482.3,482.79 1 0
github.com/ArubikU/polyloft-bvm/internal/compiler/compiler.go:482.79,484.4 1 0
github.com/ArubikU/polyloft-bvm/internal/compiler/compiler.go:485.3,485.92 1 0
github.com/ArubikU/polyloft-bvm/internal/compiler/compiler.go:485.92,487.4 1 0
github.com/ArubikU/polyloft-bvm/internal/compiler/compiler.go:488.3,488.55 1 0
github.com/ArubikU/polyloft-bvm/internal/compiler/compiler.go:488.55,490.4 1 0
github.com/ArubikU/polyloft-bvm/internal/compiler/compiler.go:491.3,493.51 3 0
github.com/ArubikU/polyloft-bvm/internal/compiler/compiler.go:493.51,495.4 1 0
github.com/ArubikU/polyloft-bvm/internal/compiler/compiler.go:496.3,499.23 4 0
github.com/ArubikU/polyloft-bvm/internal/compiler/compiler.go:499.23,500.52 1 0
github.com/ArubikU/polyloft-bvm/internal/compiler/compiler.go:500.52,502.5 1 0
github.com/ArubikU/polyloft-bvm/internal/compiler/compiler.go:504.3,505.13 2 0
github.com/ArubikU/polyloft-bvm/internal/compiler/compiler.go:506.20,507.28 1 0
github.com/ArubikU/polyloft-bvm/internal/compiler/compiler.go:508.23,509.31 1 0
github.com/ArubikU/polyloft-bvm/internal/compiler/compiler.go:510.21,511.25 1 0
github.com/ArubikU/polyloft-bvm/internal/compiler/compiler.go:511.25,513.4 1 0
github.com/ArubikU/polyloft-bvm/internal/compiler/compiler.go:514.3,514.29 1 0
github.com/ArubikU/polyloft-bvm/internal/compiler/compiler.go:515.22,516.24 1 0
github.com/ArubikU/polyloft-bvm/internal/compiler/compiler.go:516.24,518.4 1 0
github.com/ArubikU/polyloft-bvm/internal/compiler/compiler.go:519.3,522.13 4 0
github.com/ArubikU/polyloft-bvm/internal/compiler/compiler.go:523.25,524.24 1 0
github.com/ArubikU/polyloft-bvm/internal/compiler/compiler.go:524.24,526.4 1 0
github.com/ArubikU/polyloft-bvm/internal/compiler/compiler.go:527.3,529.27 3 0
github.com/ArubikU/polyloft-bvm/internal/compiler/compiler.go:529.27,531.4 1 0
github.com/ArubikU/polyloft-bvm/internal/compiler/compiler.go:531.9,533.4 1 0
github.com/ArubikU/polyloft-bvm/internal/compiler/compiler.go:534.3,534.13 1 0
github.com/ArubikU/polyloft-bvm/internal/compiler/compiler.go:535.23,536.24 1 0
github.com/ArubikU/polyloft-bvm/internal/compiler/compiler.go:536.24,537.52 1 0
github.com/ArubikU/polyloft-bvm/internal/compiler/compiler.go:537.52,539.5 1 0
github.com/ArubikU/polyloft-bvm/internal/compiler/compiler.go:540.9,542.4 1 0
github.com/ArubikU/polyloft-bvm/internal/compiler/compiler.go:543.3,544.13 2 0
github.com/ArubikU/polyloft-bvm/internal/compiler/compiler.go:545.22,546.51 1 0
github.com/ArubikU/polyloft-bvm/internal/compiler/compiler.go:546.51,548.4 1 0
github.com/ArubikU/polyloft-bvm/internal/compiler/compiler.go:549.3,550.13 2 0
github.com/ArubikU/polyloft-bvm/internal/compiler/compiler.go:551.25,552.20 1 0
github.com/ArubikU/polyloft-bvm/internal/compiler/compiler.go:552.20,557.4 2 0
github.com/ArubikU/polyloft-bvm/internal/compiler/compiler.go:558.3,559.17 2 0
github.com/ArubikU/polyloft-bvm/internal/compiler/compiler.go:559.17,561.4 1 0
github.com/ArubikU/polyloft-bvm/internal/compiler/compiler.go:562.3,565.25 4 0
github.com/ArubikU/polyloft-bvm/internal/compiler/compiler.go:565.25,566.61 1 0
github.com/ArubikU/polyloft-bvm/internal/compiler/compiler.go:566.61,570.5 3 0
github.com/ArubikU/polyloft-bvm/internal/compiler/compiler.go:571.4,574.14 4 0
github.com/ArubikU/polyloft-bvm/internal/compiler/compiler.go:576.3,579.13 4 0
github.com/ArubikU/polyloft-bvm/internal/compiler/compiler.go:580.26,581.13 1 0
github.com/ArubikU/polyloft-bvm/internal/compiler/compiler.go:582.23,583.13 1 0
github.com/ArubikU/polyloft-bvm/internal/compiler/compiler.go:584.20,585.61 1 0
github.com/ArubikU/polyloft-bvm/internal/compiler/compiler.go:585.61,587.4 1 0
github.com/ArubikU/polyloft-bvm/internal/compiler/compiler.go:588.3,594.29 7 0
github.com/ArubikU/polyloft-bvm/internal/compiler/compiler.go:594.29,597.4 2 0
github.com/ArubikU/polyloft-bvm/internal/compiler/compiler.go:597.9,599.40 2 0
github.com/ArubikU/polyloft-bvm/internal/compiler/compiler.go:599.40,601.5 1 0
github.com/ArubikU/polyloft-bvm/internal/compiler/compiler.go:603.3,603.54 1 0
github.com/ArubikU/polyloft-bvm/internal/compiler/compiler.go:603.54,605.4 1 0
github.com/ArubikU/polyloft-bvm/internal/compiler/compiler.go:606.3,608.28 3 0
github.com/ArubikU/polyloft-bvm/internal/compiler/compiler.go:608.28,610.4 1 0
github.com/ArubikU/polyloft-bvm/internal/compiler/compiler.go:610.9,612.4 1 0
github.com/ArubikU/polyloft-bvm/internal/compiler/compiler.go:613.3,616.28 4 0
github.com/ArubikU/polyloft-bvm/internal/compiler/compiler.go:616.28,621.47 5 0
github.com/ArubikU/polyloft-bvm/internal/compiler/compiler.go:621.47,625.5 3 0
github.com/ArubikU/polyloft-bvm/internal/compiler/compiler.go:627.3,627.28 1 0
github.com/ArubikU/polyloft-bvm/internal/compiler/compiler.go:627.28,628.80 1 0
github.com/ArubikU/polyloft-bvm/internal/compiler/compiler.go:628.80,632.57 4 0
github.com/ArubikU/polyloft-bvm/internal/compiler/compiler.go:632.57,634.6 1 0
github.com/ArubikU/polyloft-bvm/internal/compiler/compiler.go:635.5,651.48 17 0
github.com/ArubikU/polyloft-bvm/internal/compiler/compiler.go:651.48,653.6 1 0
github.com/ArubikU/polyloft-bvm/internal/compiler/compiler.go:654.5,656.53 3 0
github.com/ArubikU/polyloft-bvm/internal/compiler/compiler.go:656.53,658.6 1 0
github.com/ArubikU/polyloft-bvm/internal/compiler/compiler.go:659.5,665.39 7 0
github.com/ArubikU/polyloft-bvm/internal/compiler/compiler.go:666.10,666.100 1 0
github.com/ArubikU/polyloft-bvm/internal/compiler/compiler.go:666.100,670.57 4 0
github.com/ArubikU/polyloft-bvm/internal/compiler/compiler.go:670.57,672.6 1 0
github.com/ArubikU/polyloft-bvm/internal/compiler/compiler.go:673.5,689.53 17 0
github.com/ArubikU/polyloft-bvm/internal/compiler/compiler.go:689.53,691.6 1 0
github.com/ArubikU/polyloft-bvm/internal/compiler/compiler.go:692.5,695.39 4 0
github.com/ArubikU/polyloft-bvm/internal/compiler/compiler.go:696.10,697.57 1 0
github.com/ArubikU/polyloft-bvm/internal/compiler/compiler.go:697.57,699.6 1 0
github.com/ArubikU/polyloft-bvm/internal/compiler/compiler.go:700.5,702.53 3 0
github.com/ArubikU/polyloft-bvm/internal/compiler/compiler.go:702.53,704.6 1 0
github.com/ArubikU/polyloft-bvm/internal/compiler/compiler.go:705.5,708.39 4 0
github.com/ArubikU/polyloft-bvm/internal/compiler/compiler.go:710.9,711.52 1 0
github.com/ArubikU/polyloft-bvm/internal/compiler/compiler.go:711.52,713.5 1 0
github.com/ArubikU/polyloft-bvm/internal/compiler/compiler.go:714.4,714.38 1 0
github.com/ArubikU/polyloft-bvm/internal/compiler/compiler.go:716.3,720.13 5 0
github.com/ArubikU/polyloft-bvm/internal/compiler/compiler.go:721.22,723.17 2 0
github.com/ArubikU/polyloft-bvm/internal/compiler/compiler.go:723.17,725.4 1 0
github.com/ArubikU/polyloft-bvm/internal/compiler/compiler.go:726.3,731.25 6 0
github.com/ArubikU/polyloft-bvm/internal/compiler/compiler.go:731.25,732.61 1 0
github.com/ArubikU/polyloft-bvm/internal/compiler/compiler.go:732.61,736.5 3 0
github.com/ArubikU/polyloft-bvm/internal/compiler/compiler.go:737.4,740.14 4 0
github.com/ArubikU/polyloft-bvm/internal/compiler/compiler.go:742.3,745.13 4 0
github.com/ArubikU/polyloft-bvm/internal/compiler/compiler.go:746.22,747.30 1 0
github.com/ArubikU/polyloft-bvm/internal/compiler/compiler.go:748.26,749.27 1 0
github.com/ArubikU/polyloft-bvm/internal/compiler/compiler.go:749.27,751.4 1 0
github.com/ArubikU/polyloft-bvm/internal/compiler/compiler.go:752.3,752.13 1 0
github.com/ArubikU/polyloft-bvm/internal/compiler/compiler.go:753.10,754.54 1 0
github.com/ArubikU/polyloft-bvm/internal/compiler/compiler.go:758.61,762.2 3 0
github.com/ArubikU/polyloft-bvm/internal/compiler/compiler.go:764.71,765.40 1 0
github.com/ArubikU/polyloft-bvm/internal/compiler/compiler.go:765.40,766.45 1 0
github.com/ArubikU/polyloft-bvm/internal/compiler/compiler.go:766.45,768.4 1 0
github.com/ArubikU/polyloft-bvm/internal/compiler/compiler.go:770.2,770.12 1 0
github.com/ArubikU/polyloft-bvm/internal/compiler/compiler.go:773.56,777.60 4 0
github.com/ArubikU/polyloft-bvm/internal/compiler/compiler.go:777.60,779.3 1 0
github.com/ArubikU/polyloft-bvm/internal/compiler/compiler.go:780.2,786.38 7 0
github.com/ArubikU/polyloft-bvm/internal/compiler/compiler.go:786.38,788.25 2 0
github.com/ArubikU/polyloft-bvm/internal/compiler/compiler.go:788.25,796.4 7 0
github.com/ArubikU/polyloft-bvm/internal/compiler/compiler.go:797.3,798.32 2 0
github.com/ArubikU/polyloft-bvm/internal/compiler/compiler.go:798.32,800.26 2 0
github.com/ArubikU/polyloft-bvm/internal/compiler/compiler.go:800.26,802.5 1 0
github.com/ArubikU/polyloft-bvm/internal/compiler/compiler.go:803.4,807.48 5 0
github.com/ArubikU/polyloft-bvm/internal/compiler/compiler.go:809.3,809.63 1 0
github.com/ArubikU/polyloft-bvm/internal/compiler/compiler.go:809.63,811.4 1 0
github.com/ArubikU/polyloft-bvm/internal/compiler/compiler.go:812.3,814.25 3 0
github.com/ArubikU/polyloft-bvm/internal/compiler/compiler.go:814.25,817.4 2 0
github.com/ArubikU/polyloft-bvm/internal/compiler/compiler.go:819.2,822.34 4 0
github.com/ArubikU/polyloft-bvm/internal/compiler/compiler.go:822.34,824.3 1 0
github.com/ArubikU/polyloft-bvm/internal/compiler/compiler.go:825.2,827.12 3 0
github.com/ArubikU/polyloft-bvm/internal/compiler/compiler.go:830.62,833.50 3 0
github.com/ArubikU/polyloft-bvm/internal/compiler/compiler.go:833.50,835.3 1 0
github.com/ArubikU/polyloft-bvm/internal/compiler/compiler.go:836.2,841.32 6 0
github.com/ArubikU/polyloft-bvm/internal/compiler/compiler.go:841.32,843.40 2 0
github.com/ArubikU/polyloft-bvm/internal/compiler/compiler.go:843.40,844.27 1 0
github.com/ArubikU/polyloft-bvm/internal/compiler/compiler.go:844.27,846.5 1 0
github.com/ArubikU/polyloft-bvm/internal/compiler/compiler.go:848.3,848.52 1 0
github.com/ArubikU/polyloft-bvm/internal/compiler/compiler.go:848.52,850.4 1 0
github.com/ArubikU/polyloft-bvm/internal/compiler/compiler.go:851.3,852.40 2 0
github.com/ArubikU/polyloft-bvm/internal/compiler/compiler.go:852.40,853.72 1 0
github.com/ArubikU/polyloft-bvm/internal/compiler/compiler.go:853.72,855.5 1 0
github.com/ArubikU/polyloft-bvm/internal/compiler/compiler.go:856.4,860.29 5 0
github.com/ArubikU/polyloft-bvm/internal/compiler/compiler.go:862.3,863.37 2 0
github.com/ArubikU/polyloft-bvm/internal/compiler/compiler.go:863.37,865.4 1 0
github.com/ArubikU/polyloft-bvm/internal/compiler/compiler.go:866.3,867.60 2 0
github.com/ArubikU/polyloft-bvm/internal/compiler/compiler.go:867.60,874.4 6 0
github.com/ArubikU/polyloft-bvm/internal/compiler/compiler.go:875.3,875.60 1 0
github.com/ArubikU/polyloft-bvm/internal/compiler/compiler.go:875.60,877.4 1 0
github.com/ArubikU/polyloft-bvm/internal/compiler/compiler.go:878.3,880.24 3 0
github.com/ArubikU/polyloft-bvm/internal/compiler/compiler.go:882.2,882.25 1 0
github.com/ArubikU/polyloft-bvm/internal/compiler/compiler.go:882.25,883.54 1 0
github.com/ArubikU/polyloft-bvm/internal/compiler/compiler.go:883.54,885.4 1 0
github.com/ArubikU/polyloft-bvm/internal/compiler/compiler.go:887.2,887.32 1 0
github.com/ArubikU/polyloft-bvm/internal/compiler/compiler.go:887.32,889.3 1 0
github.com/ArubikU/polyloft-bvm/internal/compiler/compiler.go:890.2,890.12 1 0
github.com/ArubikU/polyloft-bvm/internal/compiler/compiler.go:893.93,896.25 3 0
github.com/ArubikU/polyloft-bvm/internal/compiler/compiler.go:896.25,901.3 4 0
github.com/ArubikU/polyloft-bvm/internal/compiler/compiler.go:902.2,902.53 1 0
github.com/ArubikU/polyloft-bvm/internal/compiler/compiler.go:902.53,904.3 1 0
github.com/ArubikU/polyloft-bvm/internal/compiler/compiler.go:905.2,906.12 2 0
github.com/ArubikU/polyloft-bvm/internal/compiler/compiler.go:909.53,910.29 1 0
github.com/ArubikU/polyloft-bvm/internal/compiler/compiler.go:911.24,912.41 1 0
github.com/ArubikU/polyloft-bvm/internal/compiler/compiler.go:913.12,914.29 1 0
github.com/ArubikU/polyloft-bvm/internal/compiler/compiler.go:915.13,916.17 1 0
github.com/ArubikU/polyloft-bvm/internal/compiler/compiler.go:916.17,918.5 1 0
github.com/ArubikU/polyloft-bvm/internal/compiler/compiler.go:918.10,920.5 1 0
github.com/ArubikU/polyloft-bvm/internal/compiler/compiler.go:921.37,924.29 3 0
github.com/ArubikU/polyloft-bvm/internal/compiler/compiler.go:925.11,926.59 1 0
github.com/ArubikU/polyloft-bvm/internal/compiler/compiler.go:928.3,928.13 1 0
github.com/ArubikU/polyloft-bvm/internal/compiler/compiler.go:929.21,930.50 1 0
github.com/ArubikU/polyloft-bvm/internal/compiler/compiler.go:930.50,932.4 1 0
github.com/ArubikU/polyloft-bvm/internal/compiler/compiler.go:933.3,934.13 2 0
github.com/ArubikU/polyloft-bvm/internal/compiler/compiler.go:935.27,936.50 1 0
github.com/ArubikU/polyloft-bvm/internal/compiler/compiler.go:936.50,938.4 1 0
github.com/ArubikU/polyloft-bvm/internal/compiler/compiler.go:939.3,942.13 4 0
github.com/ArubikU/polyloft-bvm/internal/compiler/compiler.go:943.25,944.34 1 0
github.com/ArubikU/polyloft-bvm/internal/compiler/compiler.go:945.22,946.41 1 0
github.com/ArubikU/polyloft-bvm/internal/compiler/compiler.go:946.41,947.49 1 0
github.com/ArubikU/polyloft-bvm/internal/compiler/compiler.go:947.49,949.5 1 0
github.com/ArubikU/polyloft-bvm/internal/compiler/compiler.go:951.3,953.13 3 0
github.com/ArubikU/polyloft-bvm/internal/compiler/compiler.go:954.22,955.41 1 0
github.com/ArubikU/polyloft-bvm/internal/compiler/compiler.go:955.41,956.49 1 0
github.com/ArubikU/polyloft-bvm/internal/compiler/compiler.go:956.49,958.5 1 0
github.com/ArubikU/polyloft-bvm/internal/compiler/compiler.go:960.3,962.13 3 0
github.com/ArubikU/polyloft-bvm/internal/compiler/compiler.go:964.25,966.23 1 0
github.com/ArubikU/polyloft-bvm/internal/compiler/compiler.go:966.23,967.51 1 0
github.com/ArubikU/polyloft-bvm/internal/compiler/compiler.go:967.51,969.5 1 0
github.com/ArubikU/polyloft-bvm/internal/compiler/compiler.go:971.4,971.29 1 0
github.com/ArubikU/polyloft-bvm/internal/compiler/compiler.go:974.3,974.44 1 0
github.com/ArubikU/polyloft-bvm/internal/compiler/compiler.go:974.44,975.49 1 0
github.com/ArubikU/polyloft-bvm/internal/compiler/compiler.go:975.49,977.5 1 0
github.com/ArubikU/polyloft-bvm/internal/compiler/compiler.go:979.3,981.13 3 0
github.com/ArubikU/polyloft-bvm/internal/compiler/compiler.go:982.20,983.38 1 0
github.com/ArubikU/polyloft-bvm/internal/compiler/compiler.go:983.38,987.53 4 0
github.com/ArubikU/polyloft-bvm/internal/compiler/compiler.go:987.53,989.5 1 0
github.com/ArubikU/polyloft-bvm/internal/compiler/compiler.go:991.3,993.13 3 0
github.com/ArubikU/polyloft-bvm/internal/compiler/compiler.go:994.25,995.70 1 0
github.com/ArubikU/polyloft-bvm/internal/compiler/compiler.go:995.70,998.4 2 0
github.com/ArubikU/polyloft-bvm/internal/compiler/compiler.go:999.3,999.55 1 0
github.com/ArubikU/polyloft-bvm/internal/compiler/compiler.go:999.55,1003.4 3 0
github.com/ArubikU/polyloft-bvm/internal/compiler/compiler.go:1004.3,1004.57 1 0
github.com/ArubikU/polyloft-bvm/internal/compiler/compiler.go:1004.57,1008.4 3 0
github.com/ArubikU/polyloft-bvm/internal/compiler/compiler.go:1009.3,1009.60 1 0
github.com/ArubikU/polyloft-bvm/internal/compiler/compiler.go:1009.60,1013.4 3 0
github.com/ArubikU/polyloft-bvm/internal/compiler/compiler.go:1014.3,1017.13 4 0
github.com/ArubikU/polyloft-bvm/internal/compiler/compiler.go:1018.21,1019.58 1 0
github.com/ArubikU/polyloft-bvm/internal/compiler/compiler.go:1019.58,1023.4 3 0
github.com/ArubikU/polyloft-bvm/internal/compiler/compiler.go:1024.3,1024.60 1 0
github.com/ArubikU/polyloft-bvm/internal/compiler/compiler.go:1024.60,1028.4 3 0
github.com/ArubikU/polyloft-bvm/internal/compiler/compiler.go:1029.3,1029.65 1 0
github.com/ArubikU/polyloft-bvm/internal/compiler/compiler.go:1030.22,1031.58 1 0
github.com/ArubikU/polyloft-bvm/internal/compiler/compiler.go:1032.22,1033.51 1 0
github.com/ArubikU/polyloft-bvm/internal/compiler/compiler.go:1033.51,1035.4 1 0
github.com/ArubikU/polyloft-bvm/internal/compiler/compiler.go:1036.3,1036.29 1 0
github.com/ArubikU/polyloft-bvm/internal/compiler/compiler.go:1037.20,1038.49 1 0
github.com/ArubikU/polyloft-bvm/internal/compiler/compiler.go:1039.19,1040.46 1 0
github.com/ArubikU/polyloft-bvm/internal/compiler/compiler.go:1041.11,1042.74 1 0
github.com/ArubikU/polyloft-bvm/internal/compiler/compiler.go:1044.3,1044.13 1 0
github.com/ArubikU/polyloft-bvm/internal/compiler/compiler.go:1045.20,1046.58 1 0
github.com/ArubikU/polyloft-bvm/internal/compiler/compiler.go:1046.58,1048.4 1 0
github.com/ArubikU/polyloft-bvm/internal/compiler/compiler.go:1049.3,1049.72 1 0
github.com/ArubikU/polyloft-bvm/internal/compiler/compiler.go:1049.72,1050.56 1 0
github.com/ArubikU/polyloft-bvm/internal/compiler/compiler.go:1050.56,1054.5 3 0
github.com/ArubikU/polyloft-bvm/internal/compiler/compiler.go:1055.4,1055.53 1 0
github.com/ArubikU/polyloft-bvm/internal/compiler/compiler.go:1055.53,1057.5 1 0
github.com/ArubikU/polyloft-bvm/internal/compiler/compiler.go:1058.4,1060.14 3 0
github.com/ArubikU/polyloft-bvm/internal/compiler/compiler.go:1062.3,1062.52 1 0
github.com/ArubikU/polyloft-bvm/internal/compiler/compiler.go:1062.52,1064.4 1 0
github.com/ArubikU/polyloft-bvm/internal/compiler/compiler.go:1065.3,1068.13 4 0
github.com/ArubikU/polyloft-bvm/internal/compiler/compiler.go:1069.22,1070.52 1 0
github.com/ArubikU/polyloft-bvm/internal/compiler/compiler.go:1070.52,1072.4 1 0
github.com/ArubikU/polyloft-bvm/internal/compiler/compiler.go:1073.3,1073.51 1 0
github.com/ArubikU/polyloft-bvm/internal/compiler/compiler.go:1073.51,1075.4 1 0
github.com/ArubikU/polyloft-bvm/internal/compiler/compiler.go:1076.3,1077.13 2 0
github.com/ArubikU/polyloft-bvm/internal/compiler/compiler.go:1078.22,1079.52 1 0
github.com/ArubikU/polyloft-bvm/internal/compiler/compiler.go:1079.52,1081.4 1 0
github.com/ArubikU/polyloft-bvm/internal/compiler/compiler.go:1082.3,1082.51 1 0
github.com/ArubikU/polyloft-bvm/internal/compiler/compiler.go:1082.51,1084.4 1 0
github.com/ArubikU/polyloft-bvm/internal/compiler/compiler.go:1085.3,1085.49 1 0
github.com/ArubikU/polyloft-bvm/internal/compiler/compiler.go:1085.49,1087.4 1 0
github.com/ArubikU/polyloft-bvm/internal/compiler/compiler.go:1088.3,1089.13 2 0
github.com/ArubikU/polyloft-bvm/internal/compiler/compiler.go:1090.23,1091.31 1 0
github.com/ArubikU/polyloft-bvm/internal/compiler/compiler.go:1092.21,1094.93 2 0
github.com/ArubikU/polyloft-bvm/internal/compiler/compiler.go:1094.93,1095.58 1 0
github.com/ArubikU/polyloft-bvm/internal/compiler/compiler.go:1095.58,1097.5 1 0
github.com/ArubikU/polyloft-bvm/internal/compiler/compiler.go:1098.4,1098.39 1 0
github.com/ArubikU/polyloft-bvm/internal/compiler/compiler.go:1098.39,1099.90 1 0
github.com/ArubikU/polyloft-bvm/internal/compiler/compiler.go:1099.90,1101.6 1 0
github.com/ArubikU/polyloft-bvm/internal/compiler/compiler.go:1103.4,1105.14 3 0
github.com/ArubikU/polyloft-bvm/internal/compiler/compiler.go:1107.3,1107.58 1 0
github.com/ArubikU/polyloft-bvm/internal/compiler/compiler.go:1107.58,1108.107 1 0
github.com/ArubikU/polyloft-bvm/internal/compiler/compiler.go:1108.107,1114.5 5 0
github.com/ArubikU/polyloft-bvm/internal/compiler/compiler.go:1115.4,1115.75 1 0
github.com/ArubikU/polyloft-bvm/internal/compiler/compiler.go:1115.75,1116.117 1 0
github.com/ArubikU/polyloft-bvm/internal/compiler/compiler.go:1116.117,1124.6 7 0
github.com/ArubikU/polyloft-bvm/internal/compiler/compiler.go:1125.5,1125.71 1 0
github.com/ArubikU/polyloft-bvm/internal/compiler/compiler.go:1125.71,1126.41 1 0
github.com/ArubikU/polyloft-bvm/internal/compiler/compiler.go:1126.41,1127.92 1 0
github.com/ArubikU/polyloft-bvm/internal/compiler/compiler.go:1127.92,1129.8 1 0
github.com/ArubikU/polyloft-bvm/internal/compiler/compiler.go:1131.6,1135.16 5 0
github.com/ArubikU/polyloft-bvm/internal/compiler/compiler.go:1139.3,1139.58 1 0
github.com/ArubikU/polyloft-bvm/internal/compiler/compiler.go:1139.58,1140.63 1 0
github.com/ArubikU/polyloft-bvm/internal/compiler/compiler.go:1140.64,1142.5 0 0
github.com/ArubikU/polyloft-bvm/internal/compiler/compiler.go:1142.10,1142.64 1 0
github.com/ArubikU/polyloft-bvm/internal/compiler/compiler.go:1142.65,1144.5 0 0
github.com/ArubikU/polyloft-bvm/internal/compiler/compiler.go:1144.10,1144.66 1 0
github.com/ArubikU/polyloft-bvm/internal/compiler/compiler.go:1144.67,1146.5 0 0
github.com/ArubikU/polyloft-bvm/internal/compiler/compiler.go:1146.10,1146.80 1 0
github.com/ArubikU/polyloft-bvm/internal/compiler/compiler.go:1146.80,1147.40 1 0
github.com/ArubikU/polyloft-bvm/internal/compiler/compiler.go:1147.40,1148.91 1 0
github.com/ArubikU/polyloft-bvm/internal/compiler/compiler.go:1148.91,1150.7 1 0
github.com/ArubikU/polyloft-bvm/internal/compiler/compiler.go:1152.5,1155.15 4 0
github.com/ArubikU/polyloft-bvm/internal/compiler/compiler.go:1158.3,1158.48 1 0
github.com/ArubikU/polyloft-bvm/internal/compiler/compiler.go:1158.48,1159.39 1 0
github.com/ArubikU/polyloft-bvm/internal/compiler/compiler.go:1159.39,1160.90 1 0
github.com/ArubikU/polyloft-bvm/internal/compiler/compiler.go:1160.90,1162.6 1 0
github.com/ArubikU/polyloft-bvm/internal/compiler/compiler.go:1164.4,1166.14 3 0
github.com/ArubikU/polyloft-bvm/internal/compiler/compiler.go:1168.3,1168.51 1 0
github.com/ArubikU/polyloft-bvm/internal/compiler/compiler.go:1168.51,1169.61 1 0
github.com/ArubikU/polyloft-bvm/internal/compiler/compiler.go:1169.61,1170.40 1 0
github.com/ArubikU/polyloft-bvm/internal/compiler/compiler.go:1170.40,1171.91 1 0
github.com/ArubikU/polyloft-bvm/internal/compiler/compiler.go:1171.91,1173.7 1 0
github.com/ArubikU/polyloft-bvm/internal/compiler/compiler.go:1175.5,1179.15 5 0
github.com/ArubikU/polyloft-bvm/internal/compiler/compiler.go:1181.4,1181.78 1 0
github.com/ArubikU/polyloft-bvm/internal/compiler/compiler.go:1181.78,1182.56 1 0
github.com/ArubikU/polyloft-bvm/internal/compiler/compiler.go:1182.56,1184.6 1 0
github.com/ArubikU/polyloft-bvm/internal/compiler/compiler.go:1185.5,1185.40 1 0
github.com/ArubikU/polyloft-bvm/internal/compiler/compiler.go:1185.40,1186.91 1 0
github.com/ArubikU/polyloft-bvm/internal/compiler/compiler.go:1186.91,1188.7 1 0
github.com/ArubikU/polyloft-bvm/internal/compiler/compiler.go:1190.5,1193.15 4 0
github.com/ArubikU/polyloft-bvm/internal/compiler/compiler.go:1195.4,1195.55 1 0
github.com/ArubikU/polyloft-bvm/internal/compiler/compiler.go:1195.55,1197.5 1 0
github.com/ArubikU/polyloft-bvm/internal/compiler/compiler.go:1198.4,1198.39 1 0
github.com/ArubikU/polyloft-bvm/internal/compiler/compiler.go:1198.39,1199.90 1 0
github.com/ArubikU/polyloft-bvm/internal/compiler/compiler.go:1199.90,1201.6 1 0
github.com/ArubikU/polyloft-bvm/internal/compiler/compiler.go:1203.4,1207.14 5 0
github.com/ArubikU/polyloft-bvm/internal/compiler/compiler.go:1209.3,1209.52 1 0
github.com/ArubikU/polyloft-bvm/internal/compiler/compiler.go:1209.52,1211.4 1 0
github.com/ArubikU/polyloft-bvm/internal/compiler/compiler.go:1212.3,1212.38 1 0
github.com/ArubikU/polyloft-bvm/internal/compiler/compiler.go:1212.38,1213.89 1 0
github.com/ArubikU/polyloft-bvm/internal/compiler/compiler.go:1213.89,1215.5 1 0
github.com/ArubikU/polyloft-bvm/internal/compiler/compiler.go:1217.3,1219.13 3 0
github.com/ArubikU/polyloft-bvm/internal/compiler/compiler.go:1220.20,1221.61 1 0
github.com/ArubikU/polyloft-bvm/internal/compiler/compiler.go:1221.61,1224.4 2 0
github.com/ArubikU/polyloft-bvm/internal/compiler/compiler.go:1224.9,1228.4 3 0
github.com/ArubikU/polyloft-bvm/internal/compiler/compiler.go:1229.3,1229.38 1 0
github.com/ArubikU/polyloft-bvm/internal/compiler/compiler.go:1229.38,1230.45 1 0
github.com/ArubikU/polyloft-bvm/internal/compiler/compiler.go:1230.45,1232.5 1 0
github.com/ArubikU/polyloft-bvm/internal/compiler/compiler.go:1234.3,1236.13 3 0
github.com/ArubikU/polyloft-bvm/internal/compiler/compiler.go:1237.23,1241.17 4 0
github.com/ArubikU/polyloft-bvm/internal/compiler/compiler.go:1241.17,1243.4 1 0
github.com/ArubikU/polyloft-bvm/internal/compiler/compiler.go:1244.3,1245.13 2 0
github.com/ArubikU/polyloft-bvm/internal/compiler/compiler.go:1246.10,1247.55 1 0
github.com/ArubikU/polyloft-bvm/internal/compiler/compiler.go:1251.62,1252.40 1 0
github.com/ArubikU/polyloft-bvm/internal/compiler/compiler.go:1252.40,1253.50 1 0
github.com/ArubikU/polyloft-bvm/internal/compiler/compiler.go:1253.50,1255.4 1 0
github.com/ArubikU/polyloft-bvm/internal/compiler/compiler.go:1256.3,1258.51 3 0
github.com/ArubikU/polyloft-bvm/internal/compiler/compiler.go:1258.51,1260.4 1 0
github.com/ArubikU/polyloft-bvm/internal/compiler/compiler.go:1261.3,1270.13 10 0
github.com/ArubikU/polyloft-bvm/internal/compiler/compiler.go:1272.2,1272.38 1 0
github.com/ArubikU/polyloft-bvm/internal/compiler/compiler.go:1272.38,1273.50 1 0
github.com/ArubikU/polyloft-bvm/internal/compiler/compiler.go:1273.50,1275.4 1 0
github.com/ArubikU/polyloft-bvm/internal/compiler/compiler.go:1276.3,1282.51 7 0
github.com/ArubikU/polyloft-bvm/internal/compiler/compiler.go:1282.51,1284.4 1 0
github.com/ArubikU/polyloft-bvm/internal/compiler/compiler.go:1285.3,1294.13 10 0
github.com/ArubikU/polyloft-bvm/internal/compiler/compiler.go:1296.2,1296.49 1 0
github.com/ArubikU/polyloft-bvm/internal/compiler/compiler.go:1296.49,1298.3 1 0
github.com/ArubikU/polyloft-bvm/internal/compiler/compiler.go:1299.2,1299.50 1 0
github.com/ArubikU/polyloft-bvm/internal/compiler/compiler.go:1299.50,1301.3 1 0
github.com/ArubikU/polyloft-bvm/internal/compiler/compiler.go:1302.2,1302.28 1 0
github.com/ArubikU/polyloft-bvm/internal/compiler/compiler.go:1303.85,1304.91 1 0
github.com/ArubikU/polyloft-bvm/internal/compiler/compiler.go:1305.21,1306.102 1 0
github.com/ArubikU/polyloft-bvm/internal/compiler/compiler.go:1306.102,1308.4 1 0
github.com/ArubikU/polyloft-bvm/internal/compiler/compiler.go:1308.9,1310.4 1 0
github.com/ArubikU/polyloft-bvm/internal/compiler/compiler.go:1311.24,1312.47 1 0
github.com/ArubikU/polyloft-bvm/internal/compiler/compiler.go:1313.23,1315.45 2 0
github.com/ArubikU/polyloft-bvm/internal/compiler/compiler.go:1316.21,1317.102 1 0
github.com/ArubikU/polyloft-bvm/internal/compiler/compiler.go:1317.102,1319.4 1 0
github.com/ArubikU/polyloft-bvm/internal/compiler/compiler.go:1319.9,1321.4 1 0
github.com/ArubikU/polyloft-bvm/internal/compiler/compiler.go:1322.18,1323.102 1 0
github.com/ArubikU/polyloft-bvm/internal/compiler/compiler.go:1323.102,1325.4 1 0
github.com/ArubikU/polyloft-bvm/internal/compiler/compiler.go:1325.9,1327.4 1 0
github.com/ArubikU/polyloft-bvm/internal/compiler/compiler.go:1328.26,1329.102 1 0
github.com/ArubikU/polyloft-bvm/internal/compiler/compiler.go:1329.102,1331.4 1 0
github.com/ArubikU/polyloft-bvm/internal/compiler/compiler.go:1331.9,1333.4 1 0
github.com/ArubikU/polyloft-bvm/internal/compiler/compiler.go:1334.3,1334.45 1 0
github.com/ArubikU/polyloft-bvm/internal/compiler/compiler.go:1335.23,1336.102 1 0
github.com/ArubikU/polyloft-bvm/internal/compiler/compiler.go:1336.102,1338.4 1 0
github.com/ArubikU/polyloft-bvm/internal/compiler/compiler.go:1338.9,1340.4 1 0
github.com/ArubikU/polyloft-bvm/internal/compiler/compiler.go:1341.3,1341.45 1 0
github.com/ArubikU/polyloft-bvm/internal/compiler/compiler.go:1342.16,1343.49 1 0
github.com/ArubikU/polyloft-bvm/internal/compiler/compiler.go:1344.10,1345.74 1 0
github.com/ArubikU/polyloft-bvm/internal/compiler/compiler.go:1347.2,1347.12 1 0
github.com/ArubikU/polyloft-bvm/internal/compiler/compiler.go:1350.63,1351.36 1 0
github.com/ArubikU/polyloft-bvm/internal/compiler/compiler.go:1352.28,1353.41 1 0
github.com/ArubikU/polyloft-bvm/internal/compiler/compiler.go:1354.26,1355.39 1 0
github.com/ArubikU/polyloft-bvm/internal/compiler/compiler.go:1356.29,1357.42 1 0
github.com/ArubikU/polyloft-bvm/internal/compiler/compiler.go:1358.10,1359.36 1 0
github.com/ArubikU/polyloft-bvm/internal/compiler/compiler.go:1363.92,1364.23 1 0
github.com/ArubikU/polyloft-bvm/internal/compiler/compiler.go:1365.35,1366.66 1 0
github.com/ArubikU/polyloft-bvm/internal/compiler/compiler.go:1366.66,1368.4 1 0
github.com/ArubikU/polyloft-bvm/internal/compiler/compiler.go:1368.9,1370.4 1 0
github.com/ArubikU/polyloft-bvm/internal/compiler/compiler.go:1371.37,1372.66 1 0
github.com/ArubikU/polyloft-bvm/internal/compiler/compiler.go:1372.66,1374.4 1 0
github.com/ArubikU/polyloft-bvm/internal/compiler/compiler.go:1374.9,1376.4 1 0
github.com/ArubikU/polyloft-bvm/internal/compiler/compiler.go:1377.35,1378.66 1 0
github.com/ArubikU/polyloft-bvm/internal/compiler/compiler.go:1378.66,1380.4 1 0
github.com/ArubikU/polyloft-bvm/internal/compiler/compiler.go:1380.9,1382.4 1 0
github.com/ArubikU/polyloft-bvm/internal/compiler/compiler.go:1383.35,1384.66 1 0
github.com/ArubikU/polyloft-bvm/internal/compiler/compiler.go:1384.66,1386.4 1 0
github.com/ArubikU/polyloft-bvm/internal/compiler/compiler.go:1386.9,1388.4 1 0
github.com/ArubikU/polyloft-bvm/internal/compiler/compiler.go:1389.37,1390.66 1 0
github.com/ArubikU/polyloft-bvm/internal/compiler/compiler.go:1390.66,1392.4 1 0
github.com/ArubikU/polyloft-bvm/internal/compiler/compiler.go:1392.9,1394.4 1 0
github.com/ArubikU/polyloft-bvm/internal/compiler/compiler.go:1398.78,1399.33 1 0
github.com/ArubikU/polyloft-bvm/internal/compiler/compiler.go:1400.28,1401.41 1 0
github.com/ArubikU/polyloft-bvm/internal/compiler/compiler.go:1402.26,1403.39 1 0
github.com/ArubikU/polyloft-bvm/internal/compiler/compiler.go:1404.10,1405.36 1 0
github.com/ArubikU/polyloft-bvm/internal/compiler/compiler.go:1409.78,1410.33 1 0
github.com/ArubikU/polyloft-bvm/internal/compiler/compiler.go:1411.28,1412.41 1 0
github.com/ArubikU/polyloft-bvm/internal/compiler/compiler.go:1413.26,1414.39 1 0
github.com/ArubikU/polyloft-bvm/internal/compiler/compiler.go:1415.10,1416.36 1 0
github.com/ArubikU/polyloft-bvm/internal/compiler/compiler.go:1420.115,1423.48 3 0
github.com/ArubikU/polyloft-bvm/internal/compiler/compiler.go:1423.48,1425.3 1 0
github.com/ArubikU/polyloft-bvm/internal/compiler/compiler.go:1426.2,1427.52 2 0
github.com/ArubikU/polyloft-bvm/internal/compiler/compiler.go:1427.52,1429.3 1 0
github.com/ArubikU/polyloft-bvm/internal/compiler/compiler.go:1430.2,1431.9 2 0
github.com/ArubikU/polyloft-bvm/internal/compiler/compiler.go:1431.9,1433.3 1 0
github.com/ArubikU/polyloft-bvm/internal/compiler/compiler.go:1434.2,1438.13 5 0
github.com/ArubikU/polyloft-bvm/internal/compiler/compiler.go:1441.110,1442.57 1 0
github.com/ArubikU/polyloft-bvm/internal/compiler/compiler.go:1442.57,1444.3 1 0
github.com/ArubikU/polyloft-bvm/internal/compiler/compiler.go:1445.2,1445.55 1 0
github.com/ArubikU/polyloft-bvm/internal/compiler/compiler.go:1445.55,1447.3 1 0
github.com/ArubikU/polyloft-bvm/internal/compiler/compiler.go:1448.2,1449.48 2 0
github.com/ArubikU/polyloft-bvm/internal/compiler/compiler.go:1449.48,1451.3 1 0
github.com/ArubikU/polyloft-bvm/internal/compiler/compiler.go:1452.2,1453.52 2 0
github.com/ArubikU/polyloft-bvm/internal/compiler/compiler.go:1453.52,1455.3 1 0
github.com/ArubikU/polyloft-bvm/internal/compiler/compiler.go:1456.2,1456.53 1 0
github.com/ArubikU/polyloft-bvm/internal/compiler/compiler.go:1456.53,1458.3 1 0
github.com/ArubikU/polyloft-bvm/internal/compiler/compiler.go:1459.2,1461.13 3 0
github.com/ArubikU/polyloft-bvm/internal/compiler/compiler.go:1464.111,1465.105 1 0
github.com/ArubikU/polyloft-bvm/internal/compiler/compiler.go:1465.105,1467.3 1 0
github.com/ArubikU/polyloft-bvm/internal/compiler/compiler.go:1468.2,1469.43 2 0
github.com/ArubikU/polyloft-bvm/internal/compiler/compiler.go:1469.43,1471.3 1 0
github.com/ArubikU/polyloft-bvm/internal/compiler/compiler.go:1471.8,1471.46 1 0
github.com/ArubikU/polyloft-bvm/internal/compiler/compiler.go:1471.46,1473.49 2 0
github.com/ArubikU/polyloft-bvm/internal/compiler/compiler.go:1473.49,1475.4 1 0
github.com/ArubikU/polyloft-bvm/internal/compiler/compiler.go:1476.3,1476.101 1 0
github.com/ArubikU/polyloft-bvm/internal/compiler/compiler.go:1476.101,1478.4 1 0
github.com/ArubikU/polyloft-bvm/internal/compiler/compiler.go:1478.9,1478.111 1 0
github.com/ArubikU/polyloft-bvm/internal/compiler/compiler.go:1478.111,1480.4 1 0
github.com/ArubikU/polyloft-bvm/internal/compiler/compiler.go:1480.9,1482.4 1 0
github.com/ArubikU/polyloft-bvm/internal/compiler/compiler.go:1483.8,1485.3 1 0
github.com/ArubikU/polyloft-bvm/internal/compiler/compiler.go:1486.2,1487.94 2 0
github.com/ArubikU/polyloft-bvm/internal/compiler/compiler.go:1487.94,1489.3 1 0
github.com/ArubikU/polyloft-bvm/internal/compiler/compiler.go:1490.2,1494.13 5 0
github.com/ArubikU/polyloft-bvm/internal/compiler/compiler.go:1497.64,1498.63 1 0
github.com/ArubikU/polyloft-bvm/internal/compiler/compiler.go:1498.63,1500.3 1 0
github.com/ArubikU/polyloft-bvm/internal/compiler/compiler.go:1501.2,1501.45 1 0
github.com/ArubikU/polyloft-bvm/internal/compiler/compiler.go:1502.72,1503.24 1 0
github.com/ArubikU/polyloft-bvm/internal/compiler/compiler.go:1504.10,1505.20 1 0
github.com/ArubikU/polyloft-bvm/internal/compiler/compiler.go:1509.61,1510.66 1 0
github.com/ArubikU/polyloft-bvm/internal/compiler/compiler.go:1510.66,1512.3 1 0
github.com/ArubikU/polyloft-bvm/internal/compiler/compiler.go:1513.2,1513.91 1 0
github.com/ArubikU/polyloft-bvm/internal/compiler/compiler.go:1513.91,1515.3 1 0
github.com/ArubikU/polyloft-bvm/internal/compiler/compiler.go:1516.2,1516.88 1 0
github.com/ArubikU/polyloft-bvm/internal/compiler/compiler.go:1516.88,1518.51 2 0
github.com/ArubikU/polyloft-bvm/internal/compiler/compiler.go:1518.51,1520.4 1 0
github.com/ArubikU/polyloft-bvm/internal/compiler/compiler.go:1521.3,1523.23 3 0
github.com/ArubikU/polyloft-bvm/internal/compiler/compiler.go:1523.23,1524.52 1 0
github.com/ArubikU/polyloft-bvm/internal/compiler/compiler.go:1524.52,1526.5 1 0
github.com/ArubikU/polyloft-bvm/internal/compiler/compiler.go:1528.3,1529.14 2 0
github.com/ArubikU/polyloft-bvm/internal/compiler/compiler.go:1531.2,1531.87 1 0
github.com/ArubikU/polyloft-bvm/internal/compiler/compiler.go:1531.87,1533.51 2 0
github.com/ArubikU/polyloft-bvm/internal/compiler/compiler.go:1533.51,1535.4 1 0
github.com/ArubikU/polyloft-bvm/internal/compiler/compiler.go:1536.3,1538.23 3 0
github.com/ArubikU/polyloft-bvm/internal/compiler/compiler.go:1538.23,1539.52 1 0
github.com/ArubikU/polyloft-bvm/internal/compiler/compiler.go:1539.52,1541.5 1 0
github.com/ArubikU/polyloft-bvm/internal/compiler/compiler.go:1543.3,1544.14 2 0
github.com/ArubikU/polyloft-bvm/internal/compiler/compiler.go:1546.2,1546.14 1 0
github.com/ArubikU/polyloft-bvm/internal/compiler/compiler.go:1549.96,1555.2 5 0
github.com/ArubikU/polyloft-bvm/internal/compiler/compiler.go:1557.92,1559.56 2 0
github.com/ArubikU/polyloft-bvm/internal/compiler/compiler.go:1559.56,1561.3 1 0
github.com/ArubikU/polyloft-bvm/internal/compiler/compiler.go:1562.2,1563.9 2 0
github.com/ArubikU/polyloft-bvm/internal/compiler/compiler.go:1563.9,1565.3 1 0
github.com/ArubikU/polyloft-bvm/internal/compiler/compiler.go:1566.2,1567.9 2 0
github.com/ArubikU/polyloft-bvm/internal/compiler/compiler.go:1567.9,1569.3 1 0
github.com/ArubikU/polyloft-bvm/internal/compiler/compiler.go:1570.2,1571.94 2 0
github.com/ArubikU/polyloft-bvm/internal/compiler/compiler.go:1571.94,1573.3 1 0
github.com/ArubikU/polyloft-bvm/internal/compiler/compiler.go:1574.2,1574.45 1 0
github.com/ArubikU/polyloft-bvm/internal/compiler/compiler.go:1577.94,1579.57 2 0
github.com/ArubikU/polyloft-bvm/internal/compiler/compiler.go:1579.57,1581.3 1 0
github.com/ArubikU/polyloft-bvm/internal/compiler/compiler.go:1582.2,1584.109 3 0
github.com/ArubikU/polyloft-bvm/internal/compiler/compiler.go:1584.109,1588.66 4 0
github.com/ArubikU/polyloft-bvm/internal/compiler/compiler.go:1588.66,1590.4 1 0
github.com/ArubikU/polyloft-bvm/internal/compiler/compiler.go:1592.2,1593.53 2 0
github.com/ArubikU/polyloft-bvm/internal/compiler/compiler.go:1593.53,1595.3 1 0
github.com/ArubikU/polyloft-bvm/internal/compiler/compiler.go:1596.2,1597.9 2 0
github.com/ArubikU/polyloft-bvm/internal/compiler/compiler.go:1597.9,1599.3 1 0
github.com/ArubikU/polyloft-bvm/internal/compiler/compiler.go:1600.2,1601.9 2 0
github.com/ArubikU/polyloft-bvm/internal/compiler/compiler.go:1601.9,1603.3 1 0
github.com/ArubikU/polyloft-bvm/internal/compiler/compiler.go:1604.2,1605.94 2 0
github.com/ArubikU/polyloft-bvm/internal/compiler/compiler.go:1605.94,1607.3 1 0
github.com/ArubikU/polyloft-bvm/internal/compiler/compiler.go:1608.2,1608.45 1 0
github.com/ArubikU/polyloft-bvm/internal/compiler/compiler.go:1611.119,1612.20 1 0
github.com/ArubikU/polyloft-bvm/internal/compiler/compiler.go:1612.20,1614.3 1 0
github.com/ArubikU/polyloft-bvm/internal/compiler/compiler.go:1615.2,1616.9 2 0
github.com/ArubikU/polyloft-bvm/internal/compiler/compiler.go:1616.9,1618.3 1 0
github.com/ArubikU/polyloft-bvm/internal/compiler/compiler.go:1619.2,1620.52 2 0
github.com/ArubikU/polyloft-bvm/internal/compiler/compiler.go:1620.52,1622.3 1 0
github.com/ArubikU/polyloft-bvm/internal/compiler/compiler.go:1623.2,1624.9 2 0
github.com/ArubikU/polyloft-bvm/internal/compiler/compiler.go:1624.9,1626.3 1 0
github.com/ArubikU/polyloft-bvm/internal/compiler/compiler.go:1627.2,1628.9 2 0
github.com/ArubikU/polyloft-bvm/internal/compiler/compiler.go:1628.9,1630.3 1 0
github.com/ArubikU/polyloft-bvm/internal/compiler/compiler.go:1631.2,1632.90 2 0
github.com/ArubikU/polyloft-bvm/internal/compiler/compiler.go:1632.90,1634.3 1 0
github.com/ArubikU/polyloft-bvm/internal/compiler/compiler.go:1635.2,1635.58 1 0
github.com/ArubikU/polyloft-bvm/internal/compiler/compiler.go:1638.99,1639.74 1 0
github.com/ArubikU/polyloft-bvm/internal/compiler/compiler.go:1639.74,1641.3 1 0
github.com/ArubikU/polyloft-bvm/internal/compiler/compiler.go:1642.2,1642.20 1 0
github.com/ArubikU/polyloft-bvm/internal/compiler/compiler.go:1642.20,1644.3 1 0
github.com/ArubikU/polyloft-bvm/internal/compiler/compiler.go:1645.2,1646.52 2 0
github.com/ArubikU/polyloft-bvm/internal/compiler/compiler.go:1646.52,1648.3 1 0
github.com/ArubikU/polyloft-bvm/internal/compiler/compiler.go:1649.2,1650.9 2 0
github.com/ArubikU/polyloft-bvm/internal/compiler/compiler.go:1650.9,1652.3 1 0
github.com/ArubikU/polyloft-bvm/internal/compiler/compiler.go:1653.2,1654.9 2 0
github.com/ArubikU/polyloft-bvm/internal/compiler/compiler.go:1654.9,1656.3 1 0
github.com/ArubikU/polyloft-bvm/internal/compiler/compiler.go:1657.2,1658.90 2 0
github.com/ArubikU/polyloft-bvm/internal/compiler/compiler.go:1658.90,1660.3 1 0
github.com/ArubikU/polyloft-bvm/internal/compiler/compiler.go:1661.2,1661.43 1 0
github.com/ArubikU/polyloft-bvm/internal/compiler/compiler.go:1664.77,1667.48 3 0
github.com/ArubikU/polyloft-bvm/internal/compiler/compiler.go:1667.48,1669.3 1 0
github.com/ArubikU/polyloft-bvm/internal/compiler/compiler.go:1670.2,1670.91 1 0
github.com/ArubikU/polyloft-bvm/internal/compiler/compiler.go:1670.91,1672.3 1 0
github.com/ArubikU/polyloft-bvm/internal/compiler/compiler.go:1673.2,1673.62 1 0
github.com/ArubikU/polyloft-bvm/internal/compiler/compiler.go:1676.102,1680.9 4 0
github.com/ArubikU/polyloft-bvm/internal/compiler/compiler.go:1680.9,1682.3 1 0
github.com/ArubikU/polyloft-bvm/internal/compiler/compiler.go:1683.2,1684.9 2 0
github.com/ArubikU/polyloft-bvm/internal/compiler/compiler.go:1684.9,1686.3 1 0
github.com/ArubikU/polyloft-bvm/internal/compiler/compiler.go:1687.2,1688.9 2 0
github.com/ArubikU/polyloft-bvm/internal/compiler/compiler.go:1688.9,1690.3 1 0
github.com/ArubikU/polyloft-bvm/internal/compiler/compiler.go:1691.2,1691.57 1 0
github.com/ArubikU/polyloft-bvm/internal/compiler/compiler.go:1691.57,1693.3 1 0
github.com/ArubikU/polyloft-bvm/internal/compiler/compiler.go:1694.2,1695.9 2 0
github.com/ArubikU/polyloft-bvm/internal/compiler/compiler.go:1695.9,1697.3 1 0
github.com/ArubikU/polyloft-bvm/internal/compiler/compiler.go:1698.2,1698.41 1 0
github.com/ArubikU/polyloft-bvm/internal/compiler/compiler.go:1701.45,1702.6 1 0
github.com/ArubikU/polyloft-bvm/internal/compiler/compiler.go:1702.6,1704.10 2 0
github.com/ArubikU/polyloft-bvm/internal/compiler/compiler.go:1704.10,1706.4 1 0
github.com/ArubikU/polyloft-bvm/internal/compiler/compiler.go:1707.3,1707.23 1 0
github.com/ArubikU/polyloft-bvm/internal/compiler/compiler.go:1711.70,1712.6 1 0
github.com/ArubikU/polyloft-bvm/internal/compiler/compiler.go:1712.6,1714.10 2 0
github.com/ArubikU/polyloft-bvm/internal/compiler/compiler.go:1714.10,1715.9 1 0
github.com/ArubikU/polyloft-bvm/internal/compiler/compiler.go:1717.3,1717.23 1 0
github.com/ArubikU/polyloft-bvm/internal/compiler/compiler.go:1719.2,1720.22 2 0
github.com/ArubikU/polyloft-bvm/internal/compiler/compiler.go:1723.88,1724.6 1 0
github.com/ArubikU/polyloft-bvm/internal/compiler/compiler.go:1724.6,1726.10 2 0
github.com/ArubikU/polyloft-bvm/internal/compiler/compiler.go:1726.10,1727.9 1 0
github.com/ArubikU/polyloft-bvm/internal/compiler/compiler.go:1729.3,1729.23 1 0
github.com/ArubikU/polyloft-bvm/internal/compiler/compiler.go:1731.2,1732.49 2 0
github.com/ArubikU/polyloft-bvm/internal/compiler/compiler.go:1732.49,1734.3 1 0
github.com/ArubikU/polyloft-bvm/internal/compiler/compiler.go:1735.2,1736.37 2 0
github.com/ArubikU/polyloft-bvm/internal/compiler/compiler.go:1736.37,1738.3 1 0
github.com/ArubikU/polyloft-bvm/internal/compiler/compiler.go:1739.2,1739.38 1 0
github.com/ArubikU/polyloft-bvm/internal/compiler/compiler.go:1742.67,1744.20 2 0
github.com/ArubikU/polyloft-bvm/internal/compiler/compiler.go:1745.26,1746.35 1 0
github.com/ArubikU/polyloft-bvm/internal/compiler/compiler.go:1747.28,1748.37 1 0
github.com/ArubikU/polyloft-bvm/internal/compiler/compiler.go:1749.29,1749.29 0 0
github.com/ArubikU/polyloft-bvm/internal/compiler/compiler.go:1751.10,1754.27 3 0
github.com/ArubikU/polyloft-bvm/internal/compiler/compiler.go:1758.111,1763.54 5 0
github.com/ArubikU/polyloft-bvm/internal/compiler/compiler.go:1763.54,1765.3 1 0
github.com/ArubikU/polyloft-bvm/internal/compiler/compiler.go:1766.2,1783.18 18 0
github.com/ArubikU/polyloft-bvm/internal/compiler/compiler.go:1783.18,1784.46 1 0
github.com/ArubikU/polyloft-bvm/internal/compiler/compiler.go:1784.46,1786.4 1 0
github.com/ArubikU/polyloft-bvm/internal/compiler/compiler.go:1787.3,1789.61 3 0
github.com/ArubikU/polyloft-bvm/internal/compiler/compiler.go:1789.61,1791.4 1 0
github.com/ArubikU/polyloft-bvm/internal/compiler/compiler.go:1792.3,1795.23 4 0
github.com/ArubikU/polyloft-bvm/internal/compiler/compiler.go:1795.23,1796.52 1 0
github.com/ArubikU/polyloft-bvm/internal/compiler/compiler.go:1796.52,1798.5 1 0
github.com/ArubikU/polyloft-bvm/internal/compiler/compiler.go:1800.3,1801.13 2 0
github.com/ArubikU/polyloft-bvm/internal/compiler/compiler.go:1803.2,1803.60 1 0
github.com/ArubikU/polyloft-bvm/internal/compiler/compiler.go:1803.60,1805.3 1 0
github.com/ArubikU/polyloft-bvm/internal/compiler/compiler.go:1806.2,1809.22 4 0
github.com/ArubikU/polyloft-bvm/internal/compiler/compiler.go:1809.22,1810.51 1 0
github.com/ArubikU/polyloft-bvm/internal/compiler/compiler.go:1810.51,1812.4 1 0
github.com/ArubikU/polyloft-bvm/internal/compiler/compiler.go:1814.2,1815.12 2 0
github.com/ArubikU/polyloft-bvm/internal/compiler/compiler.go:1818.88,1820.2 1 0
github.com/ArubikU/polyloft-bvm/internal/compiler/compiler.go:1822.190,1835.23 4 0
github.com/ArubikU/polyloft-bvm/internal/compiler/compiler.go:1835.23,1837.3 1 0
github.com/ArubikU/polyloft-bvm/internal/compiler/compiler.go:1838.2,1838.17 1 0
github.com/ArubikU/polyloft-bvm/internal/compiler/compiler.go:1838.17,1840.3 1 0
github.com/ArubikU/polyloft-bvm/internal/compiler/compiler.go:1841.2,1841.31 1 0
github.com/ArubikU/polyloft-bvm/internal/compiler/compiler.go:1841.31,1845.3 3 0
github.com/ArubikU/polyloft-bvm/internal/compiler/compiler.go:1846.2,1846.43 1 0
github.com/ArubikU/polyloft-bvm/internal/compiler/compiler.go:1846.43,1847.61 1 0
github.com/ArubikU/polyloft-bvm/internal/compiler/compiler.go:1847.61,1849.4 1 0
github.com/ArubikU/polyloft-bvm/internal/compiler/compiler.go:1851.2,1854.41 4 0
github.com/ArubikU/polyloft-bvm/internal/compiler/compiler.go:1854.41,1856.3 1 0
github.com/ArubikU/polyloft-bvm/internal/compiler/compiler.go:1857.2,1857.28 1 0
github.com/ArubikU/polyloft-bvm/internal/compiler/compiler.go:1860.76,1862.28 2 0
github.com/ArubikU/polyloft-bvm/internal/compiler/compiler.go:1862.28,1864.10 2 0
github.com/ArubikU/polyloft-bvm/internal/compiler/compiler.go:1864.10,1866.4 1 0
github.com/ArubikU/polyloft-bvm/internal/compiler/compiler.go:1867.3,1867.24 1 0
github.com/ArubikU/polyloft-bvm/internal/compiler/compiler.go:1870.2,1903.40 2 0
github.com/ArubikU/polyloft-bvm/internal/compiler/compiler.go:1903.40,1905.3 1 0
github.com/ArubikU/polyloft-bvm/internal/compiler/compiler.go:1906.2,1906.38 1 0
github.com/ArubikU/polyloft-bvm/internal/compiler/compiler.go:1906.38,1908.3 1 0
github.com/ArubikU/polyloft-bvm/internal/compiler/compiler.go:1909.2,1909.23 1 0
github.com/ArubikU/polyloft-bvm/internal/compiler/compiler.go:1909.23,1911.48 2 0
github.com/ArubikU/polyloft-bvm/internal/compiler/compiler.go:1911.48,1913.4 1 0
github.com/ArubikU/polyloft-bvm/internal/compiler/compiler.go:1914.3,1914.44 1 0
github.com/ArubikU/polyloft-bvm/internal/compiler/compiler.go:1914.44,1916.4 1 0
github.com/ArubikU/polyloft-bvm/internal/compiler/compiler.go:1917.3,1918.49 2 0
github.com/ArubikU/polyloft-bvm/internal/compiler/compiler.go:1918.49,1920.4 1 0
github.com/ArubikU/polyloft-bvm/internal/compiler/compiler.go:1921.3,1923.44 3 0
github.com/ArubikU/polyloft-bvm/internal/compiler/compiler.go:1923.44,1925.4 1 0
github.com/ArubikU/polyloft-bvm/internal/compiler/compiler.go:1926.3,1926.61 1 0
github.com/ArubikU/polyloft-bvm/internal/compiler/compiler.go:1926.61,1928.4 1 0
github.com/ArubikU/polyloft-bvm/internal/compiler/compiler.go:1929.3,1929.61 1 0
github.com/ArubikU/polyloft-bvm/internal/compiler/compiler.go:1929.61,1931.4 1 0
github.com/ArubikU/polyloft-bvm/internal/compiler/compiler.go:1932.3,1932.63 1 0
github.com/ArubikU/polyloft-bvm/internal/compiler/compiler.go:1932.63,1934.4 1 0
github.com/ArubikU/polyloft-bvm/internal/compiler/compiler.go:1935.3,1935.59 1 0
github.com/ArubikU/polyloft-bvm/internal/compiler/compiler.go:1935.59,1937.4 1 0
github.com/ArubikU/polyloft-bvm/internal/compiler/compiler.go:1938.3,1938.65 1 0
github.com/ArubikU/polyloft-bvm/internal/compiler/compiler.go:1938.65,1940.4 1 0
github.com/ArubikU/polyloft-bvm/internal/compiler/compiler.go:1941.3,1941.36 1 0
github.com/ArubikU/polyloft-bvm/internal/compiler/compiler.go:1941.36,1943.4 1 0
github.com/ArubikU/polyloft-bvm/internal/compiler/compiler.go:1945.2,1947.17 2 0
github.com/ArubikU/polyloft-bvm/internal/compiler/compiler.go:1947.17,1954.3 6 0
github.com/ArubikU/polyloft-bvm/internal/compiler/compiler.go:1956.2,1958.36 2 0
github.com/ArubikU/polyloft-bvm/internal/compiler/compiler.go:1958.36,1960.25 2 0
github.com/ArubikU/polyloft-bvm/internal/compiler/compiler.go:1960.25,1962.11 2 0
github.com/ArubikU/polyloft-bvm/internal/compiler/compiler.go:1962.11,1963.21 1 0
github.com/ArubikU/polyloft-bvm/internal/compiler/compiler.go:1963.21,1965.6 1 0
github.com/ArubikU/polyloft-bvm/internal/compiler/compiler.go:1966.10,1967.75 1 0
github.com/ArubikU/polyloft-bvm/internal/compiler/compiler.go:1967.75,1969.6 1 0
github.com/ArubikU/polyloft-bvm/internal/compiler/compiler.go:1970.5,1970.33 1 0
github.com/ArubikU/polyloft-bvm/internal/compiler/compiler.go:1973.3,1975.19 3 0
github.com/ArubikU/polyloft-bvm/internal/compiler/compiler.go:1975.19,1979.12 4 0
github.com/ArubikU/polyloft-bvm/internal/compiler/compiler.go:1981.3,1981.69 1 0
github.com/ArubikU/polyloft-bvm/internal/compiler/compiler.go:1981.69,1984.4 2 0
github.com/ArubikU/polyloft-bvm/internal/compiler/compiler.go:1985.3,1985.45 1 0
github.com/ArubikU/polyloft-bvm/internal/compiler/compiler.go:1988.2,1992.38 4 0
github.com/ArubikU/polyloft-bvm/internal/compiler/compiler.go:1992.38,1993.27 1 0
github.com/ArubikU/polyloft-bvm/internal/compiler/compiler.go:1993.27,1995.4 1 0
github.com/ArubikU/polyloft-bvm/internal/compiler/compiler.go:1996.3,1996.98 1 0
github.com/ArubikU/polyloft-bvm/internal/compiler/compiler.go:1998.2,1998.75 1 0
github.com/ArubikU/polyloft-bvm/internal/compiler/compiler.go:1998.75,2000.3 1 0
github.com/ArubikU/polyloft-bvm/internal/compiler/compiler.go:2002.2,2002.33 1 0
github.com/ArubikU/polyloft-bvm/internal/compiler/compiler.go:2002.33,2003.24 1 0
github.com/ArubikU/polyloft-bvm/internal/compiler/compiler.go:2003.24,2004.12 1 0
github.com/ArubikU/polyloft-bvm/internal/compiler/compiler.go:2006.3,2006.27 1 0
github.com/ArubikU/polyloft-bvm/internal/compiler/compiler.go:2006.27,2007.19 1 0
github.com/ArubikU/polyloft-bvm/internal/compiler/compiler.go:2007.19,2010.13 3 0
github.com/ArubikU/polyloft-bvm/internal/compiler/compiler.go:2012.4,2012.76 1 0
github.com/ArubikU/polyloft-bvm/internal/compiler/compiler.go:2014.3,2014.22 1 0
github.com/ArubikU/polyloft-bvm/internal/compiler/compiler.go:2014.22,2018.12 1 0
github.com/ArubikU/polyloft-bvm/internal/compiler/compiler.go:2020.3,2021.17 2 0
github.com/ArubikU/polyloft-bvm/internal/compiler/compiler.go:2021.17,2023.4 1 0
github.com/ArubikU/polyloft-bvm/internal/compiler/compiler.go:2024.3,2024.21 1 0
github.com/ArubikU/polyloft-bvm/internal/compiler/compiler.go:2024.21,2025.30 1 0
github.com/ArubikU/polyloft-bvm/internal/compiler/compiler.go:2026.20,2027.71 1 0
github.com/ArubikU/polyloft-bvm/internal/compiler/compiler.go:2028.17,2030.65 2 0
github.com/ArubikU/polyloft-bvm/internal/compiler/compiler.go:2031.17,2032.65 1 0
github.com/ArubikU/polyloft-bvm/internal/compiler/compiler.go:2033.22,2034.65 1 0
github.com/ArubikU/polyloft-bvm/internal/compiler/compiler.go:2035.20,2036.63 1 0
github.com/ArubikU/polyloft-bvm/internal/compiler/compiler.go:2037.37,2038.65 1 0
github.com/ArubikU/polyloft-bvm/internal/compiler/compiler.go:2039.19,2040.62 1 0
github.com/ArubikU/polyloft-bvm/internal/compiler/compiler.go:2041.16,2042.63 1 0
github.com/ArubikU/polyloft-bvm/internal/compiler/compiler.go:2043.18,2044.61 1 0
github.com/ArubikU/polyloft-bvm/internal/compiler/compiler.go:2047.3,2047.49 1 0
github.com/ArubikU/polyloft-bvm/internal/compiler/compiler.go:2047.49,2050.22 3 0
github.com/ArubikU/polyloft-bvm/internal/compiler/compiler.go:2051.18,2052.63 1 0
github.com/ArubikU/polyloft-bvm/internal/compiler/compiler.go:2053.16,2054.61 1 0
github.com/ArubikU/polyloft-bvm/internal/compiler/compiler.go:2058.3,2058.27 1 0
github.com/ArubikU/polyloft-bvm/internal/compiler/compiler.go:2058.27,2062.12 4 0
github.com/ArubikU/polyloft-bvm/internal/compiler/compiler.go:2064.3,2064.20 1 0
github.com/ArubikU/polyloft-bvm/internal/compiler/compiler.go:2064.20,2068.12 4 0
github.com/ArubikU/polyloft-bvm/internal/compiler/compiler.go:2070.3,2073.73 4 0
github.com/ArubikU/polyloft-bvm/internal/compiler/compiler.go:2073.73,2075.42 2 0
github.com/ArubikU/polyloft-bvm/internal/compiler/compiler.go:2075.42,2077.5 1 0
github.com/ArubikU/polyloft-bvm/internal/compiler/compiler.go:2078.9,2083.4 4 0
github.com/ArubikU/polyloft-bvm/internal/compiler/compiler.go:2084.3,2084.46 1 0
github.com/ArubikU/polyloft-bvm/internal/compiler/compiler.go:2086.2,2086.17 1 0
github.com/ArubikU/polyloft-bvm/internal/compiler/compiler.go:2086.17,2087.82 1 0
github.com/ArubikU/polyloft-bvm/internal/compiler/compiler.go:2087.82,2089.4 1 0
github.com/ArubikU/polyloft-bvm/internal/compiler/compiler.go:2091.2,2091.24 1 0
github.com/ArubikU/polyloft-bvm/internal/compiler/compiler.go:2094.107,2095.70 1 0
github.com/ArubikU/polyloft-bvm/internal/compiler/compiler.go:2095.70,2097.3 1 0
github.com/ArubikU/polyloft-bvm/internal/compiler/compiler.go:2098.2,2098.38 1 0
github.com/ArubikU/polyloft-bvm/internal/compiler/compiler.go:2098.38,2100.3 1 0
github.com/ArubikU/polyloft-bvm/internal/compiler/compiler.go:2101.2,2102.29 2 0
github.com/ArubikU/polyloft-bvm/internal/compiler/compiler.go:2102.29,2104.3 1 0
github.com/ArubikU/polyloft-bvm/internal/compiler/compiler.go:2105.2,2106.17 2 0
github.com/ArubikU/polyloft-bvm/internal/compiler/compiler.go:2106.17,2108.3 1 0
github.com/ArubikU/polyloft-bvm/internal/compiler/compiler.go:2109.2,2109.52 1 0
github.com/ArubikU/polyloft-bvm/internal/compiler/compiler.go:2112.93,2114.31 2 0
github.com/ArubikU/polyloft-bvm/internal/compiler/compiler.go:2114.31,2115.41 1 0
github.com/ArubikU/polyloft-bvm/internal/compiler/compiler.go:2115.41,2116.12 1 0
github.com/ArubikU/polyloft-bvm/internal/compiler/compiler.go:2118.3,2118.48 1 0
github.com/ArubikU/polyloft-bvm/internal/compiler/compiler.go:2118.48,2119.12 1 0
github.com/ArubikU/polyloft-bvm/internal/compiler/compiler.go:2121.3,2126.5 1 0
github.com/ArubikU/polyloft-bvm/internal/compiler/compiler.go:2128.2,2128.21 1 0
github.com/ArubikU/polyloft-bvm/internal/compiler/compiler.go:2131.115,2132.53 1 0
github.com/ArubikU/polyloft-bvm/internal/compiler/compiler.go:2132.53,2134.3 1 0
github.com/ArubikU/polyloft-bvm/internal/compiler/compiler.go:2135.2,2136.90 2 0
github.com/ArubikU/polyloft-bvm/internal/compiler/compiler.go:2136.90,2140.3 3 0
github.com/ArubikU/polyloft-bvm/internal/compiler/compiler.go:2140.8,2143.3 2 0
github.com/ArubikU/polyloft-bvm/internal/compiler/compiler.go:2144.2,2145.15 2 0
github.com/ArubikU/polyloft-bvm/internal/compiler/compiler.go:2148.113,2157.2 3 0
github.com/ArubikU/polyloft-bvm/internal/compiler/compiler.go:2159.49,2161.9 2 0
github.com/ArubikU/polyloft-bvm/internal/compiler/compiler.go:2161.9,2163.3 1 0
github.com/ArubikU/polyloft-bvm/internal/compiler/compiler.go:2164.2,2165.9 2 0
github.com/ArubikU/polyloft-bvm/internal/compiler/compiler.go:2165.9,2167.3 1 0
github.com/ArubikU/polyloft-bvm/internal/compiler/compiler.go:2168.2,2169.11 2 0
github.com/ArubikU/polyloft-bvm/internal/compiler/compiler.go:2172.103,2174.29 2 0
github.com/ArubikU/polyloft-bvm/internal/compiler/compiler.go:2175.24,2176.45 1 0
github.com/ArubikU/polyloft-bvm/internal/compiler/compiler.go:2176.45,2178.4 1 0
github.com/ArubikU/polyloft-bvm/internal/compiler/compiler.go:2179.3,2179.43 1 0
github.com/ArubikU/polyloft-bvm/internal/compiler/compiler.go:2179.43,2181.4 1 0
github.com/ArubikU/polyloft-bvm/internal/compiler/compiler.go:2182.3,2182.13 1 0
github.com/ArubikU/polyloft-bvm/internal/compiler/compiler.go:2183.20,2184.56 1 0
github.com/ArubikU/polyloft-bvm/internal/compiler/compiler.go:2184.56,2186.4 1 0
github.com/ArubikU/polyloft-bvm/internal/compiler/compiler.go:2187.3,2188.10 2 0
github.com/ArubikU/polyloft-bvm/internal/compiler/compiler.go:2188.10,2190.4 1 0
github.com/ArubikU/polyloft-bvm/internal/compiler/compiler.go:2191.3,2191.86 1 0
github.com/ArubikU/polyloft-bvm/internal/compiler/compiler.go:2192.22,2193.40 1 0
github.com/ArubikU/polyloft-bvm/internal/compiler/compiler.go:2193.40,2195.4 1 0
github.com/ArubikU/polyloft-bvm/internal/compiler/compiler.go:2196.3,2197.19 2 0
github.com/ArubikU/polyloft-bvm/internal/compiler/compiler.go:2197.19,2199.4 1 0
github.com/ArubikU/polyloft-bvm/internal/compiler/compiler.go:2200.3,2200.78 1 0
github.com/ArubikU/polyloft-bvm/internal/compiler/compiler.go:2201.23,2204.34 3 0
github.com/ArubikU/polyloft-bvm/internal/compiler/compiler.go:2204.34,2206.4 1 0
github.com/ArubikU/polyloft-bvm/internal/compiler/compiler.go:2207.3,2208.29 2 0
github.com/ArubikU/polyloft-bvm/internal/compiler/compiler.go:2209.19,2210.34 1 0
github.com/ArubikU/polyloft-bvm/internal/compiler/compiler.go:2211.20,2212.34 1 0
github.com/ArubikU/polyloft-bvm/internal/compiler/compiler.go:2213.19,2214.34 1 0
github.com/ArubikU/polyloft-bvm/internal/compiler/compiler.go:2215.20,2216.34 1 0
github.com/ArubikU/polyloft-bvm/internal/compiler/compiler.go:2217.11,2218.14 1 0
github.com/ArubikU/polyloft-bvm/internal/compiler/compiler.go:2220.3,2220.69 1 0
github.com/ArubikU/polyloft-bvm/internal/compiler/compiler.go:2221.10,2222.13 1 0
github.com/ArubikU/polyloft-bvm/internal/compiler/compiler.go:2226.117,2227.34 1 0
github.com/ArubikU/polyloft-bvm/internal/compiler/compiler.go:2227.34,2229.3 1 0
github.com/ArubikU/polyloft-bvm/internal/compiler/compiler.go:2230.2,2230.44 1 0
github.com/ArubikU/polyloft-bvm/internal/compiler/compiler.go:2230.44,2232.3 1 0
github.com/ArubikU/polyloft-bvm/internal/compiler/compiler.go:2233.2,2233.38 1 0
github.com/ArubikU/polyloft-bvm/internal/compiler/compiler.go:2233.38,2235.3 1 0
github.com/ArubikU/polyloft-bvm/internal/compiler/compiler.go:2236.2,2237.38 2 0
github.com/ArubikU/polyloft-bvm/internal/compiler/compiler.go:2237.38,2239.3 1 0
github.com/ArubikU/polyloft-bvm/internal/compiler/compiler.go:2240.2,2243.46 4 0
github.com/ArubikU/polyloft-bvm/internal/compiler/compiler.go:2243.46,2245.10 2 0
github.com/ArubikU/polyloft-bvm/internal/compiler/compiler.go:2245.10,2247.4 1 0
github.com/ArubikU/polyloft-bvm/internal/compiler/compiler.go:2248.3,2249.47 2 0
github.com/ArubikU/polyloft-bvm/internal/compiler/compiler.go:2249.47,2251.4 1 0
github.com/ArubikU/polyloft-bvm/internal/compiler/compiler.go:2252.3,2253.10 2 0
github.com/ArubikU/polyloft-bvm/internal/compiler/compiler.go:2253.10,2255.4 1 0
github.com/ArubikU/polyloft-bvm/internal/compiler/compiler.go:2256.3,2257.10 2 0
github.com/ArubikU/polyloft-bvm/internal/compiler/compiler.go:2257.10,2259.4 1 0
github.com/ArubikU/polyloft-bvm/internal/compiler/compiler.go:2260.3,2261.34 2 0
github.com/ArubikU/polyloft-bvm/internal/compiler/compiler.go:2261.34,2263.4 1 0
github.com/ArubikU/polyloft-bvm/internal/compiler/compiler.go:2264.3,2266.44 3 0
github.com/ArubikU/polyloft-bvm/internal/compiler/compiler.go:2268.2,2268.110 1 0
github.com/ArubikU/polyloft-bvm/internal/compiler/compiler.go:2271.125,2274.50 3 0
github.com/ArubikU/polyloft-bvm/internal/compiler/compiler.go:2274.50,2276.48 2 0
github.com/ArubikU/polyloft-bvm/internal/compiler/compiler.go:2276.48,2278.11 2 0
github.com/ArubikU/polyloft-bvm/internal/compiler/compiler.go:2278.11,2280.5 1 0
github.com/ArubikU/polyloft-bvm/internal/compiler/compiler.go:2281.4,2281.27 1 0
github.com/ArubikU/polyloft-bvm/internal/compiler/compiler.go:2283.3,2284.17 2 0
github.com/ArubikU/polyloft-bvm/internal/compiler/compiler.go:2284.17,2286.4 1 0
github.com/ArubikU/polyloft-bvm/internal/compiler/compiler.go:2287.3,2293.74 7 0
github.com/ArubikU/polyloft-bvm/internal/compiler/compiler.go:2295.2,2295.62 1 0
github.com/ArubikU/polyloft-bvm/internal/compiler/compiler.go:2295.62,2296.169 1 0
github.com/ArubikU/polyloft-bvm/internal/compiler/compiler.go:2296.169,2297.54 1 0
github.com/ArubikU/polyloft-bvm/internal/compiler/compiler.go:2297.54,2299.5 1 0
github.com/ArubikU/polyloft-bvm/internal/compiler/compiler.go:2300.4,2301.11 2 0
github.com/ArubikU/polyloft-bvm/internal/compiler/compiler.go:2301.11,2303.5 1 0
github.com/ArubikU/polyloft-bvm/internal/compiler/compiler.go:2304.4,2304.22 1 0
github.com/ArubikU/polyloft-bvm/internal/compiler/compiler.go:2306.3,2306.72 1 0
github.com/ArubikU/polyloft-bvm/internal/compiler/compiler.go:2308.2,2308.61 1 0
github.com/ArubikU/polyloft-bvm/internal/compiler/compiler.go:2308.61,2309.167 1 0
github.com/ArubikU/polyloft-bvm/internal/compiler/compiler.go:2309.167,2313.4 3 0
github.com/ArubikU/polyloft-bvm/internal/compiler/compiler.go:2314.3,2314.71 1 0
github.com/ArubikU/polyloft-bvm/internal/compiler/compiler.go:2316.2,2316.60 1 0
github.com/ArubikU/polyloft-bvm/internal/compiler/compiler.go:2316.60,2317.165 1 0
github.com/ArubikU/polyloft-bvm/internal/compiler/compiler.go:2317.165,2321.4 3 0
github.com/ArubikU/polyloft-bvm/internal/compiler/compiler.go:2322.3,2322.70 1 0
github.com/ArubikU/polyloft-bvm/internal/compiler/compiler.go:2324.2,2324.59 1 0
github.com/ArubikU/polyloft-bvm/internal/compiler/compiler.go:2324.59,2325.163 1 0
github.com/ArubikU/polyloft-bvm/internal/compiler/compiler.go:2325.163,2327.4 1 0
github.com/ArubikU/polyloft-bvm/internal/compiler/compiler.go:2328.3,2328.69 1 0
github.com/ArubikU/polyloft-bvm/internal/compiler/compiler.go:2330.2,2330.12 1 0
github.com/ArubikU/polyloft-bvm/internal/compiler/compiler.go:2333.167,2335.63 2 0
github.com/ArubikU/polyloft-bvm/internal/compiler/compiler.go:2335.63,2337.3 1 0
github.com/ArubikU/polyloft-bvm/internal/compiler/compiler.go:2338.2,2338.69 1 0
github.com/ArubikU/polyloft-bvm/internal/compiler/compiler.go:2338.69,2340.3 1 0
github.com/ArubikU/polyloft-bvm/internal/compiler/compiler.go:2341.2,2341.28 1 0
github.com/ArubikU/polyloft-bvm/internal/compiler/compiler.go:2341.28,2342.20 1 0
github.com/ArubikU/polyloft-bvm/internal/compiler/compiler.go:2342.20,2344.4 1 0
github.com/ArubikU/polyloft-bvm/internal/compiler/compiler.go:2345.3,2346.23 2 0
github.com/ArubikU/polyloft-bvm/internal/compiler/compiler.go:2348.2,2348.46 1 0
github.com/ArubikU/polyloft-bvm/internal/compiler/compiler.go:2348.46,2350.3 1 0
github.com/ArubikU/polyloft-bvm/internal/compiler/compiler.go:2351.2,2352.47 2 0
github.com/ArubikU/polyloft-bvm/internal/compiler/compiler.go:2352.47,2354.3 1 0
github.com/ArubikU/polyloft-bvm/internal/compiler/compiler.go:2355.2,2355.55 1 0
github.com/ArubikU/polyloft-bvm/internal/compiler/compiler.go:2355.55,2357.10 2 0
github.com/ArubikU/polyloft-bvm/internal/compiler/compiler.go:2357.10,2359.4 1 0
github.com/ArubikU/polyloft-bvm/internal/compiler/compiler.go:2360.3,2360.51 1 0
github.com/ArubikU/polyloft-bvm/internal/compiler/compiler.go:2360.51,2362.4 1 0
github.com/ArubikU/polyloft-bvm/internal/compiler/compiler.go:2363.3,2364.10 2 0
github.com/ArubikU/polyloft-bvm/internal/compiler/compiler.go:2364.10,2366.4 1 0
github.com/ArubikU/polyloft-bvm/internal/compiler/compiler.go:2367.3,2368.10 2 0
github.com/ArubikU/polyloft-bvm/internal/compiler/compiler.go:2368.10,2370.4 1 0
github.com/ArubikU/polyloft-bvm/internal/compiler/compiler.go:2371.3,2371.42 1 0
github.com/ArubikU/polyloft-bvm/internal/compiler/compiler.go:2373.2,2374.22 2 0
github.com/ArubikU/polyloft-bvm/internal/compiler/compiler.go:2377.105,2378.29 1 0
github.com/ArubikU/polyloft-bvm/internal/compiler/compiler.go:2379.24,2380.33 1 0
github.com/ArubikU/polyloft-bvm/internal/compiler/compiler.go:2381.12,2382.33 1 0
github.com/ArubikU/polyloft-bvm/internal/compiler/compiler.go:2383.13,2384.35 1 0
github.com/ArubikU/polyloft-bvm/internal/compiler/compiler.go:2385.14,2386.34 1 0
github.com/ArubikU/polyloft-bvm/internal/compiler/compiler.go:2387.16,2388.36 1 0
github.com/ArubikU/polyloft-bvm/internal/compiler/compiler.go:2389.13,2390.35 1 0
github.com/ArubikU/polyloft-bvm/internal/compiler/compiler.go:2391.15,2392.37 1 0
github.com/ArubikU/polyloft-bvm/internal/compiler/compiler.go:2393.11,2394.34 1 0
github.com/ArubikU/polyloft-bvm/internal/compiler/compiler.go:2396.25,2397.49 1 0
github.com/ArubikU/polyloft-bvm/internal/compiler/compiler.go:2398.25,2399.50 1 0
github.com/ArubikU/polyloft-bvm/internal/compiler/compiler.go:2399.50,2401.4 1 0
github.com/ArubikU/polyloft-bvm/internal/compiler/compiler.go:2402.3,2402.70 1 0
github.com/ArubikU/polyloft-bvm/internal/compiler/compiler.go:2402.70,2404.4 1 0
github.com/ArubikU/polyloft-bvm/internal/compiler/compiler.go:2405.3,2405.33 1 0
github.com/ArubikU/polyloft-bvm/internal/compiler/compiler.go:2406.22,2408.10 2 0
github.com/ArubikU/polyloft-bvm/internal/compiler/compiler.go:2408.10,2410.4 1 0
github.com/ArubikU/polyloft-bvm/internal/compiler/compiler.go:2411.3,2411.29 1 0
github.com/ArubikU/polyloft-bvm/internal/compiler/compiler.go:2412.20,2413.34 1 0
github.com/ArubikU/polyloft-bvm/internal/compiler/compiler.go:2413.34,2415.5 1 0
github.com/ArubikU/polyloft-bvm/internal/compiler/compiler.go:2416.4,2416.43 1 0
github.com/ArubikU/polyloft-bvm/internal/compiler/compiler.go:2416.43,2418.5 1 0
github.com/ArubikU/polyloft-bvm/internal/compiler/compiler.go:2419.4,2419.45 1 0
github.com/ArubikU/polyloft-bvm/internal/compiler/compiler.go:2420.19,2421.51 1 0
github.com/ArubikU/polyloft-bvm/internal/compiler/compiler.go:2422.11,2423.34 1 0
github.com/ArubikU/polyloft-bvm/internal/compiler/compiler.go:2425.23,2427.10 2 0
github.com/ArubikU/polyloft-bvm/internal/compiler/compiler.go:2427.10,2429.4 1 0
github.com/ArubikU/polyloft-bvm/internal/compiler/compiler.go:2430.3,2431.10 2 0
github.com/ArubikU/polyloft-bvm/internal/compiler/compiler.go:2431.10,2433.4 1 0
github.com/ArubikU/polyloft-bvm/internal/compiler/compiler.go:2434.3,2434.29 1 0
github.com/ArubikU/polyloft-bvm/internal/compiler/compiler.go:2435.19,2436.63 1 0
github.com/ArubikU/polyloft-bvm/internal/compiler/compiler.go:2436.63,2438.5 1 0
github.com/ArubikU/polyloft-bvm/internal/compiler/compiler.go:2439.4,2439.118 1 0
github.com/ArubikU/polyloft-bvm/internal/compiler/compiler.go:2439.118,2441.5 1 0
github.com/ArubikU/polyloft-bvm/internal/compiler/compiler.go:2442.20,2443.63 1 0
github.com/ArubikU/polyloft-bvm/internal/compiler/compiler.go:2443.63,2445.5 1 0
github.com/ArubikU/polyloft-bvm/internal/compiler/compiler.go:2446.19,2447.63 1 0
github.com/ArubikU/polyloft-bvm/internal/compiler/compiler.go:2447.63,2449.5 1 0
github.com/ArubikU/polyloft-bvm/internal/compiler/compiler.go:2450.36,2451.63 1 0
github.com/ArubikU/polyloft-bvm/internal/compiler/compiler.go:2451.63,2453.5 1 0
github.com/ArubikU/polyloft-bvm/internal/compiler/compiler.go:2454.20,2455.63 1 0
github.com/ArubikU/polyloft-bvm/internal/compiler/compiler.go:2455.63,2457.5 1 0
github.com/ArubikU/polyloft-bvm/internal/compiler/compiler.go:2460.2,2460.32 1 0
github.com/ArubikU/polyloft-bvm/internal/compiler/compiler.go:2463.44,2464.28 1 0
github.com/ArubikU/polyloft-bvm/internal/compiler/compiler.go:2464.28,2467.3 2 0
github.com/ArubikU/polyloft-bvm/internal/compiler/compiler.go:2468.2,2469.53 2 0
github.com/ArubikU/polyloft-bvm/internal/compiler/compiler.go:2472.69,2473.29 1 0
github.com/ArubikU/polyloft-bvm/internal/compiler/compiler.go:2474.24,2475.33 1 0
github.com/ArubikU/polyloft-bvm/internal/compiler/compiler.go:2476.12,2477.33 1 0
github.com/ArubikU/polyloft-bvm/internal/compiler/compiler.go:2478.13,2479.35 1 0
github.com/ArubikU/polyloft-bvm/internal/compiler/compiler.go:2480.14,2481.34 1 0
github.com/ArubikU/polyloft-bvm/internal/compiler/compiler.go:2482.16,2483.36 1 0
github.com/ArubikU/polyloft-bvm/internal/compiler/compiler.go:2484.15,2485.37 1 0
github.com/ArubikU/polyloft-bvm/internal/compiler/compiler.go:2486.11,2487.34 1 0
github.com/ArubikU/polyloft-bvm/internal/compiler/compiler.go:2489.25,2490.36 1 0
github.com/ArubikU/polyloft-bvm/internal/compiler/compiler.go:2491.25,2492.70 1 0
github.com/ArubikU/polyloft-bvm/internal/compiler/compiler.go:2492.70,2494.4 1 0
github.com/ArubikU/polyloft-bvm/internal/compiler/compiler.go:2495.3,2496.15 2 0
github.com/ArubikU/polyloft-bvm/internal/compiler/compiler.go:2497.20,2499.10 2 0
github.com/ArubikU/polyloft-bvm/internal/compiler/compiler.go:2499.10,2501.4 1 0
github.com/ArubikU/polyloft-bvm/internal/compiler/compiler.go:2502.3,2503.10 2 0
github.com/ArubikU/polyloft-bvm/internal/compiler/compiler.go:2503.10,2505.4 1 0
github.com/ArubikU/polyloft-bvm/internal/compiler/compiler.go:2506.3,2506.66 1 0
github.com/ArubikU/polyloft-bvm/internal/compiler/compiler.go:2506.66,2508.4 1 0
github.com/ArubikU/polyloft-bvm/internal/compiler/compiler.go:2509.3,2509.67 1 0
github.com/ArubikU/polyloft-bvm/internal/compiler/compiler.go:2509.67,2511.4 1 0
github.com/ArubikU/polyloft-bvm/internal/compiler/compiler.go:2512.3,2512.33 1 0
github.com/ArubikU/polyloft-bvm/internal/compiler/compiler.go:2513.22,2515.10 2 0
github.com/ArubikU/polyloft-bvm/internal/compiler/compiler.go:2515.10,2517.4 1 0
github.com/ArubikU/polyloft-bvm/internal/compiler/compiler.go:2518.3,2518.29 1 0
github.com/ArubikU/polyloft-bvm/internal/compiler/compiler.go:2519.20,2520.34 1 0
github.com/ArubikU/polyloft-bvm/internal/compiler/compiler.go:2520.34,2522.5 1 0
github.com/ArubikU/polyloft-bvm/internal/compiler/compiler.go:2523.4,2523.43 1 0
github.com/ArubikU/polyloft-bvm/internal/compiler/compiler.go:2523.43,2525.5 1 0
github.com/ArubikU/polyloft-bvm/internal/compiler/compiler.go:2526.4,2526.45 1 0
github.com/ArubikU/polyloft-bvm/internal/compiler/compiler.go:2527.19,2528.51 1 0
github.com/ArubikU/polyloft-bvm/internal/compiler/compiler.go:2529.11,2530.34 1 0
github.com/ArubikU/polyloft-bvm/internal/compiler/compiler.go:2532.23,2534.10 2 0
github.com/ArubikU/polyloft-bvm/internal/compiler/compiler.go:2534.10,2536.4 1 0
github.com/ArubikU/polyloft-bvm/internal/compiler/compiler.go:2537.3,2538.10 2 0
github.com/ArubikU/polyloft-bvm/internal/compiler/compiler.go:2538.10,2540.4 1 0
github.com/ArubikU/polyloft-bvm/internal/compiler/compiler.go:2541.3,2541.29 1 0
github.com/ArubikU/polyloft-bvm/internal/compiler/compiler.go:2542.19,2543.63 1 0
github.com/ArubikU/polyloft-bvm/internal/compiler/compiler.go:2543.63,2545.5 1 0
github.com/ArubikU/polyloft-bvm/internal/compiler/compiler.go:2546.4,2546.118 1 0
github.com/ArubikU/polyloft-bvm/internal/compiler/compiler.go:2546.118,2548.5 1 0
github.com/ArubikU/polyloft-bvm/internal/compiler/compiler.go:2549.20,2550.63 1 0
github.com/ArubikU/polyloft-bvm/internal/compiler/compiler.go:2550.63,2552.5 1 0
github.com/ArubikU/polyloft-bvm/internal/compiler/compiler.go:2553.19,2554.63 1 0
github.com/ArubikU/polyloft-bvm/internal/compiler/compiler.go:2554.63,2556.5 1 0
github.com/ArubikU/polyloft-bvm/internal/compiler/compiler.go:2557.36,2558.63 1 0
github.com/ArubikU/polyloft-bvm/internal/compiler/compiler.go:2558.63,2560.5 1 0
github.com/ArubikU/polyloft-bvm/internal/compiler/compiler.go:2561.20,2562.63 1 0
github.com/ArubikU/polyloft-bvm/internal/compiler/compiler.go:2562.63,2564.5 1 0
github.com/ArubikU/polyloft-bvm/internal/compiler/compiler.go:2565.22,2566.63 1 0
github.com/ArubikU/polyloft-bvm/internal/compiler/compiler.go:2566.63,2568.5 1 0
github.com/ArubikU/polyloft-bvm/internal/compiler/compiler.go:2569.21,2570.69 1 0
github.com/ArubikU/polyloft-bvm/internal/compiler/compiler.go:2571.19,2572.69 1 0
github.com/ArubikU/polyloft-bvm/internal/compiler/compiler.go:2573.25,2574.60 1 0
github.com/ArubikU/polyloft-bvm/internal/compiler/compiler.go:2574.60,2576.5 1 0
github.com/ArubikU/polyloft-bvm/internal/compiler/compiler.go:2577.4,2577.58 1 0
github.com/ArubikU/polyloft-bvm/internal/compiler/compiler.go:2578.24,2579.60 1 0
github.com/ArubikU/polyloft-bvm/internal/compiler/compiler.go:2579.60,2581.5 1 0
github.com/ArubikU/polyloft-bvm/internal/compiler/compiler.go:2582.4,2582.59 1 0
github.com/ArubikU/polyloft-bvm/internal/compiler/compiler.go:2583.22,2584.60 1 0
github.com/ArubikU/polyloft-bvm/internal/compiler/compiler.go:2584.60,2586.5 1 0
github.com/ArubikU/polyloft-bvm/internal/compiler/compiler.go:2587.4,2587.63 1 0
github.com/ArubikU/polyloft-bvm/internal/compiler/compiler.go:2587.63,2589.5 1 0
github.com/ArubikU/polyloft-bvm/internal/compiler/compiler.go:2590.27,2591.60 1 0
github.com/ArubikU/polyloft-bvm/internal/compiler/compiler.go:2591.60,2593.5 1 0
github.com/ArubikU/polyloft-bvm/internal/compiler/compiler.go:2594.4,2594.63 1 0
github.com/ArubikU/polyloft-bvm/internal/compiler/compiler.go:2594.63,2596.5 1 0
github.com/ArubikU/polyloft-bvm/internal/compiler/compiler.go:2597.19,2598.60 1 0
github.com/ArubikU/polyloft-bvm/internal/compiler/compiler.go:2598.60,2600.5 1 0
github.com/ArubikU/polyloft-bvm/internal/compiler/compiler.go:2601.4,2601.63 1 0
github.com/ArubikU/polyloft-bvm/internal/compiler/compiler.go:2601.63,2603.5 1 0
github.com/ArubikU/polyloft-bvm/internal/compiler/compiler.go:2604.24,2605.60 1 0
github.com/ArubikU/polyloft-bvm/internal/compiler/compiler.go:2605.60,2607.5 1 0
github.com/ArubikU/polyloft-bvm/internal/compiler/compiler.go:2608.4,2608.63 1 0
github.com/ArubikU/polyloft-bvm/internal/compiler/compiler.go:2608.63,2610.5 1 0
github.com/ArubikU/polyloft-bvm/internal/compiler/compiler.go:2612.22,2614.36 2 0
github.com/ArubikU/polyloft-bvm/internal/compiler/compiler.go:2614.36,2616.11 2 0
github.com/ArubikU/polyloft-bvm/internal/compiler/compiler.go:2616.11,2618.5 1 0
github.com/ArubikU/polyloft-bvm/internal/compiler/compiler.go:2619.4,2619.21 1 0
github.com/ArubikU/polyloft-bvm/internal/compiler/compiler.go:2621.3,2621.67 1 0
github.com/ArubikU/polyloft-bvm/internal/compiler/compiler.go:2622.20,2624.38 2 0
github.com/ArubikU/polyloft-bvm/internal/compiler/compiler.go:2624.38,2626.11 2 0
github.com/ArubikU/polyloft-bvm/internal/compiler/compiler.go:2626.11,2628.5 1 0
github.com/ArubikU/polyloft-bvm/internal/compiler/compiler.go:2629.4,2629.28 1 0
github.com/ArubikU/polyloft-bvm/internal/compiler/compiler.go:2631.3,2631.63 1 0
github.com/ArubikU/polyloft-bvm/internal/compiler/compiler.go:2633.2,2633.32 1 0
github.com/ArubikU/polyloft-bvm/internal/compiler/compiler.go:2636.76,2638.9 2 0
github.com/ArubikU/polyloft-bvm/internal/compiler/compiler.go:2638.9,2640.3 1 0
github.com/ArubikU/polyloft-bvm/internal/compiler/compiler.go:2641.2,2642.9 2 0
github.com/ArubikU/polyloft-bvm/internal/compiler/compiler.go:2642.9,2644.3 1 0
github.com/ArubikU/polyloft-bvm/internal/compiler/compiler.go:2645.2,2645.26 1 0
github.com/ArubikU/polyloft-bvm/internal/compiler/compiler.go:2645.26,2647.3 1 0
github.com/ArubikU/polyloft-bvm/internal/compiler/compiler.go:2648.2,2648.26 1 0
github.com/ArubikU/polyloft-bvm/internal/compiler/compiler.go:2648.26,2650.3 1 0
github.com/ArubikU/polyloft-bvm/internal/compiler/compiler.go:2651.2,2651.16 1 0
github.com/ArubikU/polyloft-bvm/internal/compiler/compiler.go:2654.62,2655.24 1 0
github.com/ArubikU/polyloft-bvm/internal/compiler/compiler.go:2656.32,2657.29 1 0
github.com/ArubikU/polyloft-bvm/internal/compiler/compiler.go:2658.10,2659.19 1 0
github.com/ArubikU/polyloft-bvm/internal/compiler/compiler.go:2663.59,2664.40 1 0
github.com/ArubikU/polyloft-bvm/internal/compiler/compiler.go:2664.40,2666.3 1 0
github.com/ArubikU/polyloft-bvm/internal/compiler/compiler.go:2667.2,2667.10 1 0
github.com/ArubikU/polyloft-bvm/internal/compiler/compiler.go:2670.33,2672.2 1 0
github.com/ArubikU/polyloft-bvm/internal/compiler/compiler.go:2674.39,2675.94 1 0
github.com/ArubikU/polyloft-bvm/internal/compiler/compiler.go:2675.94,2677.3 1 0
github.com/ArubikU/polyloft-bvm/internal/compiler/compiler.go:2678.2,2678.17 1 0
github.com/ArubikU/polyloft-bvm/internal/compiler/compiler.go:2681.68,2684.54 3 0
github.com/ArubikU/polyloft-bvm/internal/compiler/compiler.go:2684.54,2686.3 1 0
github.com/ArubikU/polyloft-bvm/internal/compiler/compiler.go:2687.2,2687.13 1 0
github.com/ArubikU/polyloft-bvm/internal/compiler/compiler.go:2690.48,2691.32 1 0
github.com/ArubikU/polyloft-bvm/internal/compiler/compiler.go:2691.32,2692.37 1 0
github.com/ArubikU/polyloft-bvm/internal/compiler/compiler.go:2692.37,2694.4 1 0
github.com/ArubikU/polyloft-bvm/internal/compiler/compiler.go:2696.2,2696.11 1 0
github.com/ArubikU/polyloft-bvm/internal/compiler/compiler.go:2699.78,2700.32 1 0
github.com/ArubikU/polyloft-bvm/internal/compiler/compiler.go:2700.32,2701.37 1 0
github.com/ArubikU/polyloft-bvm/internal/compiler/compiler.go:2701.37,2705.4 3 0
github.com/ArubikU/polyloft-bvm/internal/compiler/compiler.go:2709.68,2710.32 1 0
github.com/ArubikU/polyloft-bvm/internal/compiler/compiler.go:2710.32,2711.37 1 0
github.com/ArubikU/polyloft-bvm/internal/compiler/compiler.go:2711.37,2713.4 1 0
github.com/ArubikU/polyloft-bvm/internal/compiler/compiler.go:2715.2,2715.32 1 0
github.com/ArubikU/polyloft-bvm/internal/compiler/compiler.go:2718.60,2721.42 3 0
github.com/ArubikU/polyloft-bvm/internal/compiler/compiler.go:2721.42,2723.3 1 0
github.com/ArubikU/polyloft-bvm/internal/compiler/compiler.go:2726.59,2727.48 1 0
github.com/ArubikU/polyloft-bvm/internal/compiler/compiler.go:2727.48,2728.37 1 0
github.com/ArubikU/polyloft-bvm/internal/compiler/compiler.go:2728.37,2730.4 1 0
github.com/ArubikU/polyloft-bvm/internal/compiler/compiler.go:2732.2,2732.17 1 0
github.com/ArubikU/polyloft-bvm/internal/compiler/compiler.go:2735.83,2736.42 1 0
github.com/ArubikU/polyloft-bvm/internal/compiler/compiler.go:2736.42,2737.31 1 0
github.com/ArubikU/polyloft-bvm/internal/compiler/compiler.go:2737.31,2739.4 1 0
github.com/ArubikU/polyloft-bvm/internal/compiler/compiler.go:2741.2,2741.46 1 0
github.com/ArubikU/polyloft-bvm/internal/compiler/compiler.go:2744.61,2747.2 2 0
github.com/ArubikU/polyloft-bvm/internal/compiler/compiler.go:2749.108,2750.27 1 0
github.com/ArubikU/polyloft-bvm/internal/compiler/compiler.go:2750.27,2752.3 1 0
github.com/ArubikU/polyloft-bvm/internal/compiler/compiler.go:2753.2,2753.85 1 0
github.com/ArubikU/polyloft-bvm/internal/compiler/compiler.go:2753.85,2755.3 1 0
github.com/ArubikU/polyloft-bvm/internal/compiler/compiler.go:2756.2,2756.94 1 0
github.com/ArubikU/polyloft-bvm/internal/compiler/compiler.go:2756.94,2758.3 1 0
github.com/ArubikU/polyloft-bvm/internal/compiler/compiler.go:2759.2,2759.46 1 0
github.com/ArubikU/polyloft-bvm/internal/compiler/compiler.go:2762.131,2763.43 1 0
github.com/ArubikU/polyloft-bvm/internal/compiler/compiler.go:2763.43,2764.58 1 0
github.com/ArubikU/polyloft-bvm/internal/compiler/compiler.go:2764.58,2766.4 1 0
github.com/ArubikU/polyloft-bvm/internal/compiler/compiler.go:2768.2,2769.40 2 0
github.com/ArubikU/polyloft-bvm/internal/compiler/compiler.go:2772.70,2773.40 1 0
github.com/ArubikU/polyloft-bvm/internal/compiler/compiler.go:2773.40,2775.3 1 0
github.com/ArubikU/polyloft-bvm/internal/compiler/compiler.go:2776.2,2777.48 2 0
github.com/ArubikU/polyloft-bvm/internal/compiler/compiler.go:2780.56,2781.15 1 0
github.com/ArubikU/polyloft-bvm/internal/compiler/compiler.go:2781.15,2783.3 1 0
github.com/ArubikU/polyloft-bvm/internal/compiler/compiler.go:2784.2,2784.32 1 0
github.com/ArubikU/polyloft-bvm/internal/compiler/compiler.go:2784.32,2785.37 1 0
github.com/ArubikU/polyloft-bvm/internal/compiler/compiler.go:2785.37,2788.4 2 0
github.com/ArubikU/polyloft-bvm/internal/compiler/compiler.go:2792.72,2793.42 1 0
github.com/ArubikU/polyloft-bvm/internal/compiler/compiler.go:2793.42,2794.56 1 0
github.com/ArubikU/polyloft-bvm/internal/compiler/compiler.go:2794.56,2796.4 1 0
github.com/ArubikU/polyloft-bvm/internal/compiler/compiler.go:2798.2,2798.44 1 0
github.com/ArubikU/polyloft-bvm/internal/compiler/compiler.go:2798.44,2799.58 1 0
github.com/ArubikU/polyloft-bvm/internal/compiler/compiler.go:2799.58,2801.4 1 0
github.com/ArubikU/polyloft-bvm/internal/compiler/compiler.go:2803.2,2804.26 2 0
github.com/ArubikU/polyloft-bvm/internal/compiler/compiler.go:2807.61,2808.16 1 0
github.com/ArubikU/polyloft-bvm/internal/compiler/compiler.go:2809.17,2810.31 1 0
github.com/ArubikU/polyloft-bvm/internal/compiler/compiler.go:2811.18,2812.13 1 0
github.com/ArubikU/polyloft-bvm/internal/compiler/compiler.go:2812.13,2814.4 1 0
github.com/ArubikU/polyloft-bvm/internal/compiler/compiler.go:2814.9,2816.4 1 0
github.com/ArubikU/polyloft-bvm/internal/compiler/compiler.go:2817.20,2819.38 2 0
github.com/ArubikU/polyloft-bvm/internal/compiler/compiler.go:2819.38,2821.4 1 0
github.com/ArubikU/polyloft-bvm/internal/compiler/compiler.go:2822.3,2823.31 2 0
github.com/ArubikU/polyloft-bvm/internal/compiler/compiler.go:2824.18,2827.31 3 0
github.com/ArubikU/polyloft-bvm/internal/compiler/compiler.go:2828.20,2831.31 3 0
github.com/ArubikU/polyloft-bvm/internal/compiler/compiler.go:2832.10,2834.35 2 0
github.com/ArubikU/polyloft-bvm/internal/compiler/compiler.go:2834.35,2836.4 1 0
github.com/ArubikU/polyloft-bvm/internal/compiler/compiler.go:2837.3,2839.26 3 0
github.com/ArubikU/polyloft-bvm/internal/compiler/compiler.go:2843.87,2844.20 1 0
github.com/ArubikU/polyloft-bvm/internal/compiler/compiler.go:2844.20,2846.3 1 0
github.com/ArubikU/polyloft-bvm/internal/compiler/compiler.go:2847.2,2847.35 1 0
github.com/ArubikU/polyloft-bvm/internal/compiler/compiler.go:2850.65,2852.2 1 0
github.com/ArubikU/polyloft-bvm/internal/compiler/compiler.go:2854.117,2855.20 1 0
github.com/ArubikU/polyloft-bvm/internal/compiler/compiler.go:2855.20,2857.3 1 0
github.com/ArubikU/polyloft-bvm/internal/compiler/compiler.go:2858.2,2858.28 1 0
github.com/ArubikU/polyloft-bvm/internal/compiler/compiler.go:2858.28,2860.40 2 0
github.com/ArubikU/polyloft-bvm/internal/compiler/compiler.go:2860.40,2862.4 1 0
github.com/ArubikU/polyloft-bvm/internal/compiler/compiler.go:2863.3,2863.43 1 0
github.com/ArubikU/polyloft-bvm/internal/compiler/compiler.go:2865.2,2865.22 1 0
github.com/ArubikU/polyloft-bvm/internal/compiler/compiler.go:2865.22,2867.3 1 0
github.com/ArubikU/polyloft-bvm/internal/compiler/compiler.go:2868.2,2868.20 1 0
github.com/ArubikU/polyloft-bvm/internal/compiler/compiler.go:2868.20,2869.52 1 0
github.com/ArubikU/polyloft-bvm/internal/compiler/compiler.go:2869.52,2870.33 1 0
github.com/ArubikU/polyloft-bvm/internal/compiler/compiler.go:2870.33,2872.5 1 0
github.com/ArubikU/polyloft-bvm/internal/compiler/compiler.go:2873.4,2875.63 3 0
github.com/ArubikU/polyloft-bvm/internal/compiler/compiler.go:2878.2,2879.28 2 0
github.com/ArubikU/polyloft-bvm/internal/compiler/compiler.go:2879.28,2881.3 1 0
github.com/ArubikU/polyloft-bvm/internal/compiler/compiler.go:2882.2,2883.35 2 0
github.com/ArubikU/polyloft-bvm/internal/compiler/compiler.go:2883.35,2885.3 1 0
github.com/ArubikU/polyloft-bvm/internal/compiler/compiler.go:2886.2,2886.59 1 0
github.com/ArubikU/polyloft-bvm/internal/compiler/compiler.go:2889.59,2891.33 2 0
github.com/ArubikU/polyloft-bvm/internal/compiler/compiler.go:2891.33,2893.3 1 0
github.com/ArubikU/polyloft-bvm/internal/compiler/compiler.go:2894.2,2894.15 1 0
github.com/ArubikU/polyloft-bvm/internal/compiler/compiler.go:2897.61,2898.21 1 0
github.com/ArubikU/polyloft-bvm/internal/compiler/compiler.go:2898.21,2900.3 1 0
github.com/ArubikU/polyloft-bvm/internal/compiler/compiler.go:2901.2,2902.34 2 0
github.com/ArubikU/polyloft-bvm/internal/compiler/compiler.go:2902.34,2904.3 1 0
github.com/ArubikU/polyloft-bvm/internal/compiler/compiler.go:2905.2,2905.15 1 0
github.com/ArubikU/polyloft-bvm/internal/compiler/compiler.go:2908.71,2910.42 2 0
github.com/ArubikU/polyloft-bvm/internal/compiler/compiler.go:2910.42,2911.49 1 0
github.com/ArubikU/polyloft-bvm/internal/compiler/compiler.go:2911.49,2913.4 1 0
github.com/ArubikU/polyloft-bvm/internal/compiler/compiler.go:2915.2,2915.16 1 0
github.com/ArubikU/polyloft-bvm/internal/compiler/compiler.go:2918.89,2919.23 1 0
github.com/ArubikU/polyloft-bvm/internal/compiler/compiler.go:2919.23,2921.3 1 0
github.com/ArubikU/polyloft-bvm/internal/compiler/compiler.go:2922.2,2922.27 1 0
github.com/ArubikU/polyloft-bvm/internal/compiler/compiler.go:2923.20,2924.31 1 0
github.com/ArubikU/polyloft-bvm/internal/compiler/compiler.go:2925.18,2926.29 1 0
github.com/ArubikU/polyloft-bvm/internal/compiler/compiler.go:2927.20,2928.31 1 0
github.com/ArubikU/polyloft-bvm/internal/compiler/compiler.go:2929.18,2930.29 1 0
github.com/ArubikU/polyloft-bvm/internal/compiler/compiler.go:2931.10,2932.25 1 0
github.com/ArubikU/polyloft-bvm/internal/compiler/compiler.go:2932.25,2934.4 1 0
github.com/ArubikU/polyloft-bvm/internal/compiler/compiler.go:2935.3,2935.12 1 0
github.com/ArubikU/polyloft-bvm/internal/compiler/compiler.go:2939.56,2940.29 1 0
github.com/ArubikU/polyloft-bvm/internal/compiler/compiler.go:2941.24,2942.28 1 0
github.com/ArubikU/polyloft-bvm/internal/compiler/compiler.go:2943.14,2944.29 1 0
github.com/ArubikU/polyloft-bvm/internal/compiler/compiler.go:2945.16,2946.31 1 0
github.com/ArubikU/polyloft-bvm/internal/compiler/compiler.go:2947.13,2948.30 1 0
github.com/ArubikU/polyloft-bvm/internal/compiler/compiler.go:2949.15,2950.32 1 0
github.com/ArubikU/polyloft-bvm/internal/compiler/compiler.go:2951.13,2952.30 1 0
github.com/ArubikU/polyloft-bvm/internal/compiler/compiler.go:2953.11,2954.13 1 0
github.com/ArubikU/polyloft-bvm/internal/compiler/compiler.go:2956.21,2957.40 1 0
github.com/ArubikU/polyloft-bvm/internal/compiler/compiler.go:2958.27,2959.29 1 0
github.com/ArubikU/polyloft-bvm/internal/compiler/compiler.go:2960.25,2961.36 1 0
github.com/ArubikU/polyloft-bvm/internal/compiler/compiler.go:2962.22,2963.30 1 0
github.com/ArubikU/polyloft-bvm/internal/compiler/compiler.go:2964.22,2965.30 1 0
github.com/ArubikU/polyloft-bvm/internal/compiler/compiler.go:2966.20,2967.28 1 0
github.com/ArubikU/polyloft-bvm/internal/compiler/compiler.go:2968.25,2969.49 1 0
github.com/ArubikU/polyloft-bvm/internal/compiler/compiler.go:2969.49,2970.50 1 0
github.com/ArubikU/polyloft-bvm/internal/compiler/compiler.go:2970.50,2972.5 1 0
github.com/ArubikU/polyloft-bvm/internal/compiler/compiler.go:2974.3,2974.78 1 0
github.com/ArubikU/polyloft-bvm/internal/compiler/compiler.go:2974.78,2976.4 1 0
github.com/ArubikU/polyloft-bvm/internal/compiler/compiler.go:2977.3,2977.41 1 0
github.com/ArubikU/polyloft-bvm/internal/compiler/compiler.go:2978.21,2979.32 1 0
github.com/ArubikU/polyloft-bvm/internal/compiler/compiler.go:2979.32,2981.4 1 0
github.com/ArubikU/polyloft-bvm/internal/compiler/compiler.go:2982.3,2982.12 1 0
github.com/ArubikU/polyloft-bvm/internal/compiler/compiler.go:2983.20,2984.61 1 0
github.com/ArubikU/polyloft-bvm/internal/compiler/compiler.go:2984.61,2985.60 1 0
github.com/ArubikU/polyloft-bvm/internal/compiler/compiler.go:2985.60,2987.5 1 0
github.com/ArubikU/polyloft-bvm/internal/compiler/compiler.go:2988.4,2988.61 1 0
github.com/ArubikU/polyloft-bvm/internal/compiler/compiler.go:2988.61,2990.5 1 0
github.com/ArubikU/polyloft-bvm/internal/compiler/compiler.go:2991.4,2991.58 1 0
github.com/ArubikU/polyloft-bvm/internal/compiler/compiler.go:2991.58,2993.5 1 0
github.com/ArubikU/polyloft-bvm/internal/compiler/compiler.go:2994.4,2994.13 1 0
github.com/ArubikU/polyloft-bvm/internal/compiler/compiler.go:2996.3,2996.12 1 0
github.com/ArubikU/polyloft-bvm/internal/compiler/compiler.go:2997.22,2998.28 1 0
github.com/ArubikU/polyloft-bvm/internal/compiler/compiler.go:2999.22,3000.38 1 0
github.com/ArubikU/polyloft-bvm/internal/compiler/compiler.go:3001.20,3002.27 1 0
github.com/ArubikU/polyloft-bvm/internal/compiler/compiler.go:3003.21,3004.39 1 0
github.com/ArubikU/polyloft-bvm/internal/compiler/compiler.go:3005.21,3006.64 1 0
github.com/ArubikU/polyloft-bvm/internal/compiler/compiler.go:3006.64,3007.68 1 0
github.com/ArubikU/polyloft-bvm/internal/compiler/compiler.go:3007.68,3009.6 1 0
github.com/ArubikU/polyloft-bvm/internal/compiler/compiler.go:3011.26,3012.37 1 0
github.com/ArubikU/polyloft-bvm/internal/compiler/compiler.go:3012.37,3014.5 1 0
github.com/ArubikU/polyloft-bvm/internal/compiler/compiler.go:3016.3,3016.12 1 0
github.com/ArubikU/polyloft-bvm/internal/compiler/compiler.go:3017.23,3018.33 1 0
github.com/ArubikU/polyloft-bvm/internal/compiler/compiler.go:3019.23,3022.29 3 0
github.com/ArubikU/polyloft-bvm/internal/compiler/compiler.go:3023.33,3024.30 1 0
github.com/ArubikU/polyloft-bvm/internal/compiler/compiler.go:3025.19,3026.59 1 0
github.com/ArubikU/polyloft-bvm/internal/compiler/compiler.go:3026.59,3028.5 1 0
github.com/ArubikU/polyloft-bvm/internal/compiler/compiler.go:3029.4,3029.71 1 0
github.com/ArubikU/polyloft-bvm/internal/compiler/compiler.go:3029.71,3031.5 1 0
github.com/ArubikU/polyloft-bvm/internal/compiler/compiler.go:3032.89,3033.59 1 0
github.com/ArubikU/polyloft-bvm/internal/compiler/compiler.go:3033.59,3035.5 1 0
github.com/ArubikU/polyloft-bvm/internal/compiler/compiler.go:3036.106,3037.30 1 0
github.com/ArubikU/polyloft-bvm/internal/compiler/compiler.go:3040.2,3040.11 1 0
github.com/ArubikU/polyloft-bvm/internal/compiler/compiler.go:3043.46,3044.18 1 0
github.com/ArubikU/polyloft-bvm/internal/compiler/compiler.go:3045.92,3046.14 1 0
github.com/ArubikU/polyloft-bvm/internal/compiler/compiler.go:3047.10,3048.15 1 0
github.com/ArubikU/polyloft-bvm/internal/compiler/compiler.go:3052.82,3053.29 1 0
github.com/ArubikU/polyloft-bvm/internal/compiler/compiler.go:3053.29,3055.3 1 0
github.com/ArubikU/polyloft-bvm/internal/compiler/compiler.go:3056.2,3056.63 1 0
github.com/ArubikU/polyloft-bvm/internal/compiler/compiler.go:3056.63,3058.3 1 0
github.com/ArubikU/polyloft-bvm/internal/compiler/compiler.go:3059.2,3059.67 1 0
github.com/ArubikU/polyloft-bvm/internal/compiler/compiler.go:3059.67,3061.3 1 0
github.com/ArubikU/polyloft-bvm/internal/compiler/compiler.go:3062.2,3062.69 1 0
github.com/ArubikU/polyloft-bvm/internal/compiler/compiler.go:3062.69,3064.3 1 0
github.com/ArubikU/polyloft-bvm/internal/compiler/compiler.go:3065.2,3065.30 1 0
github.com/ArubikU/polyloft-bvm/internal/compiler/compiler.go:3068.94,3069.18 1 0
github.com/ArubikU/polyloft-bvm/internal/compiler/compiler.go:3070.18,3071.80 1 0
github.com/ArubikU/polyloft-bvm/internal/compiler/compiler.go:3071.80,3073.4 1 0
github.com/ArubikU/polyloft-bvm/internal/compiler/compiler.go:3074.3,3074.48 1 0
github.com/ArubikU/polyloft-bvm/internal/compiler/compiler.go:3075.19,3076.80 1 0
github.com/ArubikU/polyloft-bvm/internal/compiler/compiler.go:3076.80,3078.4 1 0
github.com/ArubikU/polyloft-bvm/internal/compiler/compiler.go:3079.3,3079.48 1 0
github.com/ArubikU/polyloft-bvm/internal/compiler/compiler.go:3080.18,3081.80 1 0
github.com/ArubikU/polyloft-bvm/internal/compiler/compiler.go:3081.80,3083.4 1 0
github.com/ArubikU/polyloft-bvm/internal/compiler/compiler.go:3084.3,3084.48 1 0
github.com/ArubikU/polyloft-bvm/internal/compiler/compiler.go:3085.35,3087.98 2 0
github.com/ArubikU/polyloft-bvm/internal/compiler/compiler.go:3087.98,3089.4 1 0
github.com/ArubikU/polyloft-bvm/internal/compiler/compiler.go:3090.3,3090.34 1 0
github.com/ArubikU/polyloft-bvm/internal/compiler/compiler.go:3091.21,3092.80 1 0
github.com/ArubikU/polyloft-bvm/internal/compiler/compiler.go:3092.80,3094.4 1 0
github.com/ArubikU/polyloft-bvm/internal/compiler/compiler.go:3095.3,3095.57 1 0
github.com/ArubikU/polyloft-bvm/internal/compiler/compiler.go:3096.10,3097.36 1 0
github.com/ArubikU/polyloft-bvm/internal/compiler/compiler.go:3101.52,3103.9 2 0
github.com/ArubikU/polyloft-bvm/internal/compiler/compiler.go:3103.9,3105.3 1 0
github.com/ArubikU/polyloft-bvm/internal/compiler/compiler.go:3106.2,3107.42 2 0
github.com/ArubikU/polyloft-bvm/internal/compiler/compiler.go:3107.42,3109.3 1 0
github.com/ArubikU/polyloft-bvm/internal/compiler/compiler.go:3110.2,3110.61 1 0
github.com/ArubikU/polyloft-bvm/internal/compiler/compiler.go:3113.65,3121.37 8 0
github.com/ArubikU/polyloft-bvm/internal/compiler/compiler.go:3121.37,3122.44 1 0
github.com/ArubikU/polyloft-bvm/internal/compiler/compiler.go:3122.44,3124.4 1 0
github.com/ArubikU/polyloft-bvm/internal/compiler/compiler.go:3126.2,3134.27 9 0
github.com/ArubikU/polyloft-bvm/internal/compiler/compiler.go:3134.27,3135.79 1 0
github.com/ArubikU/polyloft-bvm/internal/compiler/compiler.go:3135.79,3139.56 4 0
github.com/ArubikU/polyloft-bvm/internal/compiler/compiler.go:3139.56,3141.5 1 0
github.com/ArubikU/polyloft-bvm/internal/compiler/compiler.go:3142.4,3158.47 17 0
github.com/ArubikU/polyloft-bvm/internal/compiler/compiler.go:3158.47,3160.5 1 0
github.com/ArubikU/polyloft-bvm/internal/compiler/compiler.go:3161.4,3163.52 3 0
github.com/ArubikU/polyloft-bvm/internal/compiler/compiler.go:3163.52,3165.5 1 0
github.com/ArubikU/polyloft-bvm/internal/compiler/compiler.go:3166.4,3172.38 7 0
github.com/ArubikU/polyloft-bvm/internal/compiler/compiler.go:3173.9,3173.99 1 0
github.com/ArubikU/polyloft-bvm/internal/compiler/compiler.go:3173.99,3177.56 4 0
github.com/ArubikU/polyloft-bvm/internal/compiler/compiler.go:3177.56,3179.5 1 0
github.com/ArubikU/polyloft-bvm/internal/compiler/compiler.go:3180.4,3196.52 17 0
github.com/ArubikU/polyloft-bvm/internal/compiler/compiler.go:3196.52,3198.5 1 0
github.com/ArubikU/polyloft-bvm/internal/compiler/compiler.go:3199.4,3202.38 4 0
github.com/ArubikU/polyloft-bvm/internal/compiler/compiler.go:3203.9,3204.56 1 0
github.com/ArubikU/polyloft-bvm/internal/compiler/compiler.go:3204.56,3206.5 1 0
github.com/ArubikU/polyloft-bvm/internal/compiler/compiler.go:3207.4,3209.52 3 0
github.com/ArubikU/polyloft-bvm/internal/compiler/compiler.go:3209.52,3211.5 1 0
github.com/ArubikU/polyloft-bvm/internal/compiler/compiler.go:3212.4,3215.38 4 0
github.com/ArubikU/polyloft-bvm/internal/compiler/compiler.go:3217.8,3218.51 1 0
github.com/ArubikU/polyloft-bvm/internal/compiler/compiler.go:3218.51,3220.4 1 0
github.com/ArubikU/polyloft-bvm/internal/compiler/compiler.go:3221.3,3221.37 1 0
github.com/ArubikU/polyloft-bvm/internal/compiler/compiler.go:3223.2,3227.12 5 0
github.com/ArubikU/polyloft-bvm/internal/compiler/compiler.go:3230.58,3232.27 2 0
github.com/ArubikU/polyloft-bvm/internal/compiler/compiler.go:3232.27,3233.55 1 0
github.com/ArubikU/polyloft-bvm/internal/compiler/compiler.go:3233.55,3235.4 1 0
github.com/ArubikU/polyloft-bvm/internal/compiler/compiler.go:3236.3,3239.51 4 0
github.com/ArubikU/polyloft-bvm/internal/compiler/compiler.go:3239.51,3241.4 1 0
github.com/ArubikU/polyloft-bvm/internal/compiler/compiler.go:3242.3,3247.13 6 0
github.com/ArubikU/polyloft-bvm/internal/compiler/compiler.go:3249.2,3250.50 2 0
github.com/ArubikU/polyloft-bvm/internal/compiler/compiler.go:3250.50,3252.3 1 0
github.com/ArubikU/polyloft-bvm/internal/compiler/compiler.go:3253.2,3256.12 4 0
github.com/ArubikU/polyloft-bvm/internal/compiler/compiler.go:3259.60,3262.50 3 0
github.com/ArubikU/polyloft-bvm/internal/compiler/compiler.go:3262.50,3264.3 1 0
github.com/ArubikU/polyloft-bvm/internal/compiler/compiler.go:3265.2,3269.27 5 0
github.com/ArubikU/polyloft-bvm/internal/compiler/compiler.go:3269.27,3270.55 1 0
github.com/ArubikU/polyloft-bvm/internal/compiler/compiler.go:3270.55,3272.4 1 0
github.com/ArubikU/polyloft-bvm/internal/compiler/compiler.go:3273.3,3277.44 5 0
github.com/ArubikU/polyloft-bvm/internal/compiler/compiler.go:3278.8,3280.3 1 0
github.com/ArubikU/polyloft-bvm/internal/compiler/compiler.go:3281.2,3283.12 3 0
github.com/ArubikU/polyloft-bvm/internal/compiler/compiler.go:3286.64,3289.2 2 0
github.com/ArubikU/polyloft-bvm/internal/compiler/compiler.go:3291.38,3292.23 1 0
github.com/ArubikU/polyloft-bvm/internal/compiler/compiler.go:3292.23,3294.3 1 0
github.com/ArubikU/polyloft-bvm/internal/compiler/compiler.go:3295.2,3296.38 2 0
github.com/ArubikU/polyloft-bvm/internal/compiler/compiler.go:3296.38,3298.3 1 0
github.com/ArubikU/polyloft-bvm/internal/compiler/compiler.go:3299.2,3299.22 1 0
github.com/ArubikU/polyloft-bvm/internal/compiler/compiler.go:3302.41,3303.23 1 0
github.com/ArubikU/polyloft-bvm/internal/compiler/compiler.go:3303.23,3305.3 1 0
github.com/ArubikU/polyloft-bvm/internal/compiler/compiler.go:3306.2,3307.41 2 0
github.com/ArubikU/polyloft-bvm/internal/compiler/compiler.go:3307.41,3309.3 1 0
github.com/ArubikU/polyloft-bvm/internal/compiler/compiler.go:3310.2,3310.25 1 0
github.com/ArubikU/polyloft-bvm/internal/compiler/compiler.go:3313.77,3316.41 3 0
github.com/ArubikU/polyloft-bvm/internal/compiler/compiler.go:3316.41,3318.3 1 0
github.com/ArubikU/polyloft-bvm/internal/compiler/compiler.go:3319.2,3319.41 1 0
github.com/ArubikU/polyloft-bvm/internal/compiler/compiler.go:3319.41,3321.3 1 0
github.com/ArubikU/polyloft-bvm/internal/compiler/compiler.go:3322.2,3322.14 1 0
github.com/ArubikU/polyloft-bvm/internal/compiler/compiler.go:3325.65,3327.21 2 0
github.com/ArubikU/polyloft-bvm/internal/compiler/compiler.go:3327.21,3329.3 1 0
github.com/ArubikU/polyloft-bvm/internal/compiler/compiler.go:3330.2,3331.9 2 0
github.com/ArubikU/polyloft-bvm/internal/compiler/compiler.go:3331.9,3333.3 1 0
github.com/ArubikU/polyloft-bvm/internal/compiler/compiler.go:3334.2,3334.19 1 0
github.com/ArubikU/polyloft-bvm/internal/compiler/compiler.go:3337.82,3339.23 2 0
github.com/ArubikU/polyloft-bvm/internal/compiler/compiler.go:3339.23,3341.3 1 0
github.com/ArubikU/polyloft-bvm/internal/compiler/compiler.go:3342.2,3343.17 2 0
github.com/ArubikU/polyloft-bvm/internal/compiler/compiler.go:3346.84,3348.23 2 0
github.com/ArubikU/polyloft-bvm/internal/compiler/compiler.go:3348.23,3350.3 1 0
github.com/ArubikU/polyloft-bvm/internal/compiler/compiler.go:3351.2,3352.17 2 0
github.com/ArubikU/polyloft-bvm/internal/compiler/compiler.go:3355.64,3358.2 2 0
github.com/ArubikU/polyloft-bvm/internal/compiler/compiler.go:3360.65,3364.2 3 0
github.com/ArubikU/polyloft-bvm/internal/compiler/compiler.go:3366.69,3367.23 1 0
github.com/ArubikU/polyloft-bvm/internal/compiler/compiler.go:3367.23,3369.3 1 0
github.com/ArubikU/polyloft-bvm/internal/compiler/compiler.go:3370.2,3371.20 2 0
github.com/ArubikU/polyloft-bvm/internal/compiler/compiler.go:3371.20,3372.62 1 0
github.com/ArubikU/polyloft-bvm/internal/compiler/compiler.go:3372.62,3374.4 1 0
github.com/ArubikU/polyloft-bvm/internal/compiler/compiler.go:3376.2,3376.42 1 0
github.com/ArubikU/polyloft-bvm/internal/compiler/compiler.go:3379.106,3380.43 1 0
github.com/ArubikU/polyloft-bvm/internal/compiler/compiler.go:3380.43,3382.3 1 0
github.com/ArubikU/polyloft-bvm/internal/compiler/compiler.go:3383.2,3383.34 1 0
github.com/ArubikU/polyloft-bvm/internal/compiler/compiler.go:3383.34,3385.3 1 0
github.com/ArubikU/polyloft-bvm/internal/compiler/compiler.go:3386.2,3387.74 2 0
github.com/ArubikU/polyloft-bvm/internal/compiler/compiler.go:3387.74,3389.3 1 0
github.com/ArubikU/polyloft-bvm/internal/compiler/compiler.go:3390.2,3390.51 1 0
github.com/ArubikU/polyloft-bvm/internal/compiler/compiler.go:3393.96,3394.20 1 0
github.com/ArubikU/polyloft-bvm/internal/compiler/compiler.go:3394.20,3396.3 1 0
github.com/ArubikU/polyloft-bvm/internal/compiler/compiler.go:3397.2,3397.73 1 0
github.com/ArubikU/polyloft-bvm/internal/compiler/compiler.go:3400.91,3402.32 2 0
github.com/ArubikU/polyloft-bvm/internal/compiler/compiler.go:3402.32,3404.3 1 0
github.com/ArubikU/polyloft-bvm/internal/compiler/compiler.go:3405.2,3406.41 2 0
github.com/ArubikU/polyloft-bvm/internal/compiler/compiler.go:3406.41,3408.3 1 0
github.com/ArubikU/polyloft-bvm/internal/compiler/compiler.go:3409.2,3414.12 6 0
github.com/ArubikU/polyloft-bvm/internal/compiler/compiler.go:3417.58,3418.29 1 0
github.com/ArubikU/polyloft-bvm/internal/compiler/compiler.go:3419.23,3420.14 1 0
github.com/ArubikU/polyloft-bvm/internal/compiler/compiler.go:3421.25,3422.54 1 0
github.com/ArubikU/polyloft-bvm/internal/compiler/compiler.go:3422.54,3424.4 1 0
github.com/ArubikU/polyloft-bvm/internal/compiler/compiler.go:3425.3,3425.45 1 0
github.com/ArubikU/polyloft-bvm/internal/compiler/compiler.go:3426.20,3427.45 1 0
github.com/ArubikU/polyloft-bvm/internal/compiler/compiler.go:3428.10,3429.45 1 0
github.com/ArubikU/polyloft-bvm/internal/compiler/compiler.go:3433.75,3434.43 1 0
github.com/ArubikU/polyloft-bvm/internal/compiler/compiler.go:3434.43,3435.67 1 0
github.com/ArubikU/polyloft-bvm/internal/compiler/compiler.go:3435.67,3437.4 1 0
github.com/ArubikU/polyloft-bvm/internal/compiler/compiler.go:3439.2,3439.17 1 0
github.com/ArubikU/polyloft-bvm/internal/compiler/compiler.go:3439.17,3441.3 1 0
github.com/ArubikU/polyloft-bvm/internal/compiler/compiler.go:3442.2,3443.31 2 0
github.com/ArubikU/polyloft-bvm/internal/compiler/compiler.go:3444.25,3445.54 1 0
github.com/ArubikU/polyloft-bvm/internal/compiler/compiler.go:3445.54,3447.4 1 0
github.com/ArubikU/polyloft-bvm/internal/compiler/compiler.go:3448.20,3449.61 1 0
github.com/ArubikU/polyloft-bvm/internal/compiler/compiler.go:3449.61,3450.65 1 0
github.com/ArubikU/polyloft-bvm/internal/compiler/compiler.go:3450.65,3452.5 1 0
github.com/ArubikU/polyloft-bvm/internal/compiler/compiler.go:3455.2,3455.12 1 0
github.com/ArubikU/polyloft-bvm/internal/compiler/compiler.go:3458.75,3459.44 1 0
github.com/ArubikU/polyloft-bvm/internal/compiler/compiler.go:3459.44,3461.3 1 0
github.com/ArubikU/polyloft-bvm/internal/compiler/compiler.go:3462.2,3462.38 1 0
github.com/ArubikU/polyloft-bvm/internal/compiler/compiler.go:3463.25,3464.56 1 0
github.com/ArubikU/polyloft-bvm/internal/compiler/compiler.go:3464.56,3466.4 1 0
github.com/ArubikU/polyloft-bvm/internal/compiler/compiler.go:3467.3,3467.60 1 0
github.com/ArubikU/polyloft-bvm/internal/compiler/compiler.go:3467.60,3469.4 1 0
github.com/ArubikU/polyloft-bvm/internal/compiler/compiler.go:3471.2,3471.12 1 0
github.com/ArubikU/polyloft-bvm/internal/compiler/compiler.go:3474.110,3475.81 1 0
github.com/ArubikU/polyloft-bvm/internal/compiler/compiler.go:3475.81,3477.3 1 0
github.com/ArubikU/polyloft-bvm/internal/compiler/compiler.go:3478.2,3479.38 2 0
github.com/ArubikU/polyloft-bvm/internal/compiler/compiler.go:3479.38,3481.3 1 0
github.com/ArubikU/polyloft-bvm/internal/compiler/compiler.go:3482.2,3483.34 2 0
github.com/ArubikU/polyloft-bvm/internal/compiler/compiler.go:3483.34,3484.24 1 0
github.com/ArubikU/polyloft-bvm/internal/compiler/compiler.go:3484.24,3486.12 2 0
github.com/ArubikU/polyloft-bvm/internal/compiler/compiler.go:3488.3,3488.78 1 0
github.com/ArubikU/polyloft-bvm/internal/compiler/compiler.go:3490.2,3490.15 1 0
github.com/ArubikU/polyloft-bvm/internal/compiler/compiler.go:3493.122,3494.102 1 0
github.com/ArubikU/polyloft-bvm/internal/compiler/compiler.go:3494.102,3496.3 1 0
github.com/ArubikU/polyloft-bvm/internal/compiler/compiler.go:3497.2,3498.45 2 0
github.com/ArubikU/polyloft-bvm/internal/compiler/compiler.go:3498.45,3500.3 1 0
github.com/ArubikU/polyloft-bvm/internal/compiler/compiler.go:3501.2,3501.43 1 0
github.com/ArubikU/polyloft-bvm/internal/compiler/compiler.go:3501.43,3502.59 1 0
github.com/ArubikU/polyloft-bvm/internal/compiler/compiler.go:3502.59,3503.12 1 0
github.com/ArubikU/polyloft-bvm/internal/compiler/compiler.go:3505.3,3506.39 2 0
github.com/ArubikU/polyloft-bvm/internal/compiler/compiler.go:3506.39,3507.25 1 0
github.com/ArubikU/polyloft-bvm/internal/compiler/compiler.go:3507.25,3509.13 2 0
github.com/ArubikU/polyloft-bvm/internal/compiler/compiler.go:3511.4,3511.79 1 0
github.com/ArubikU/polyloft-bvm/internal/compiler/compiler.go:3513.3,3513.16 1 0
github.com/ArubikU/polyloft-bvm/internal/compiler/compiler.go:3515.2,3515.12 1 0
github.com/ArubikU/polyloft-bvm/internal/compiler/compiler.go:3518.98,3519.20 1 0
github.com/ArubikU/polyloft-bvm/internal/compiler/compiler.go:3519.20,3521.3 1 0
github.com/ArubikU/polyloft-bvm/internal/compiler/compiler.go:3522.2,3522.131 1 0
github.com/ArubikU/polyloft-bvm/internal/compiler/compiler.go:3522.131,3524.3 1 0
github.com/ArubikU/polyloft-bvm/internal/compiler/compiler.go:3525.2,3526.26 2 0
github.com/ArubikU/polyloft-bvm/internal/compiler/compiler.go:3526.26,3528.3 1 0
github.com/ArubikU/polyloft-bvm/internal/compiler/compiler.go:3529.2,3529.27 1 0
github.com/ArubikU/polyloft-bvm/internal/compiler/compiler.go:3529.27,3531.36 2 0
github.com/ArubikU/polyloft-bvm/internal/compiler/compiler.go:3531.36,3533.4 1 0
github.com/ArubikU/polyloft-bvm/internal/compiler/compiler.go:3535.2,3535.28 1 0
github.com/ArubikU/polyloft-bvm/internal/compiler/compiler.go:3535.28,3537.40 2 0
github.com/ArubikU/polyloft-bvm/internal/compiler/compiler.go:3537.40,3539.4 1 0
github.com/ArubikU/polyloft-bvm/internal/compiler/compiler.go:3541.2,3541.15 1 0
github.com/ArubikU/polyloft-bvm/internal/compiler/compiler.go:3544.74,3546.93 2 0
github.com/ArubikU/polyloft-bvm/internal/compiler/compiler.go:3546.93,3548.3 1 0
github.com/ArubikU/polyloft-bvm/internal/compiler/compiler.go:3549.2,3549.18 1 0
github.com/ArubikU/polyloft-bvm/internal/compiler/compiler.go:3550.26,3551.35 1 0
github.com/ArubikU/polyloft-bvm/internal/compiler/compiler.go:3552.28,3553.37 1 0
github.com/ArubikU/polyloft-bvm/internal/compiler/compiler.go:3554.29,3555.13 1 0
github.com/ArubikU/polyloft-bvm/internal/compiler/compiler.go:3556.10,3559.27 3 0
github.com/ArubikU/polyloft-bvm/internal/compiler/compiler.go:3561.2,3561.12 1 0
github.com/ArubikU/polyloft-bvm/internal/compiler/compiler.go:3564.115,3567.42 3 0
github.com/ArubikU/polyloft-bvm/internal/compiler/compiler.go:3567.42,3569.10 2 0
github.com/ArubikU/polyloft-bvm/internal/compiler/compiler.go:3569.10,3570.12 1 0
github.com/ArubikU/polyloft-bvm/internal/compiler/compiler.go:3572.3,3574.40 3 0
github.com/ArubikU/polyloft-bvm/internal/compiler/compiler.go:3574.40,3576.40 2 0
github.com/ArubikU/polyloft-bvm/internal/compiler/compiler.go:3576.40,3577.26 1 0
github.com/ArubikU/polyloft-bvm/internal/compiler/compiler.go:3577.26,3579.6 1 0
github.com/ArubikU/polyloft-bvm/internal/compiler/compiler.go:3579.11,3581.6 1 0
github.com/ArubikU/polyloft-bvm/internal/compiler/compiler.go:3583.4,3584.32 2 0
github.com/ArubikU/polyloft-bvm/internal/compiler/compiler.go:3584.32,3586.5 1 0
github.com/ArubikU/polyloft-bvm/internal/compiler/compiler.go:3587.4,3588.24 2 0
github.com/ArubikU/polyloft-bvm/internal/compiler/compiler.go:3588.24,3590.5 1 0
github.com/ArubikU/polyloft-bvm/internal/compiler/compiler.go:3590.10,3592.5 1 0
github.com/ArubikU/polyloft-bvm/internal/compiler/compiler.go:3594.3,3594.125 1 0
github.com/ArubikU/polyloft-bvm/internal/compiler/compiler.go:3596.2,3596.21 1 0
github.com/ArubikU/polyloft-bvm/internal/compiler/compiler.go:3596.21,3597.44 1 0
github.com/ArubikU/polyloft-bvm/internal/compiler/compiler.go:3597.44,3598.51 1 0
github.com/ArubikU/polyloft-bvm/internal/compiler/compiler.go:3598.51,3599.13 1 0
github.com/ArubikU/polyloft-bvm/internal/compiler/compiler.go:3601.4,3601.40 1 0
github.com/ArubikU/polyloft-bvm/internal/compiler/compiler.go:3601.40,3602.13 1 0
github.com/ArubikU/polyloft-bvm/internal/compiler/compiler.go:3604.4,3606.49 3 0
github.com/ArubikU/polyloft-bvm/internal/compiler/compiler.go:3606.49,3607.31 1 0
github.com/ArubikU/polyloft-bvm/internal/compiler/compiler.go:3607.31,3609.14 2 0
github.com/ArubikU/polyloft-bvm/internal/compiler/compiler.go:3611.5,3612.25 2 0
github.com/ArubikU/polyloft-bvm/internal/compiler/compiler.go:3612.25,3614.6 1 0
github.com/ArubikU/polyloft-bvm/internal/compiler/compiler.go:3614.11,3616.6 1 0
github.com/ArubikU/polyloft-bvm/internal/compiler/compiler.go:3618.4,3618.100 1 0
github.com/ArubikU/polyloft-bvm/internal/compiler/compiler.go:3621.2,3621.14 1 0
github.com/ArubikU/polyloft-bvm/internal/compiler/compiler.go:3624.83,3627.42 3 0
github.com/ArubikU/polyloft-bvm/internal/compiler/compiler.go:3627.42,3629.10 2 0
github.com/ArubikU/polyloft-bvm/internal/compiler/compiler.go:3629.10,3630.12 1 0
github.com/ArubikU/polyloft-bvm/internal/compiler/compiler.go:3632.3,3633.35 2 0
github.com/ArubikU/polyloft-bvm/internal/compiler/compiler.go:3633.35,3634.25 1 0
github.com/ArubikU/polyloft-bvm/internal/compiler/compiler.go:3634.25,3636.5 1 0
github.com/ArubikU/polyloft-bvm/internal/compiler/compiler.go:3636.10,3638.5 1 0
github.com/ArubikU/polyloft-bvm/internal/compiler/compiler.go:3640.3,3641.27 2 0
github.com/ArubikU/polyloft-bvm/internal/compiler/compiler.go:3641.27,3643.4 1 0
github.com/ArubikU/polyloft-bvm/internal/compiler/compiler.go:3644.3,3645.39 2 0
github.com/ArubikU/polyloft-bvm/internal/compiler/compiler.go:3645.39,3647.4 1 0
github.com/ArubikU/polyloft-bvm/internal/compiler/compiler.go:3648.3,3648.93 1 0
github.com/ArubikU/polyloft-bvm/internal/compiler/compiler.go:3650.2,3650.13 1 0
github.com/ArubikU/polyloft-bvm/internal/compiler/compiler.go:3653.85,3655.42 2 0
github.com/ArubikU/polyloft-bvm/internal/compiler/compiler.go:3655.42,3656.45 1 0
github.com/ArubikU/polyloft-bvm/internal/compiler/compiler.go:3656.45,3658.4 1 0
github.com/ArubikU/polyloft-bvm/internal/compiler/compiler.go:3660.2,3660.14 1 0
github.com/ArubikU/polyloft-bvm/internal/compiler/compiler.go:3663.79,3665.42 2 0
github.com/ArubikU/polyloft-bvm/internal/compiler/compiler.go:3665.42,3666.49 1 0
github.com/ArubikU/polyloft-bvm/internal/compiler/compiler.go:3666.49,3668.4 1 0
github.com/ArubikU/polyloft-bvm/internal/compiler/compiler.go:3670.2,3670.14 1 0
github.com/ArubikU/polyloft-bvm/internal/compiler/compiler.go:3673.44,3674.14 1 0
github.com/ArubikU/polyloft-bvm/internal/compiler/compiler.go:3675.13,3676.28 1 0
github.com/ArubikU/polyloft-bvm/internal/compiler/compiler.go:3677.13,3678.28 1 0
github.com/ArubikU/polyloft-bvm/internal/compiler/compiler.go:3679.15,3680.30 1 0
github.com/ArubikU/polyloft-bvm/internal/compiler/compiler.go:3681.15,3682.30 1 0
github.com/ArubikU/polyloft-bvm/internal/compiler/compiler.go:3683.16,3684.31 1 0
github.com/ArubikU/polyloft-bvm/internal/compiler/compiler.go:3685.16,3686.31 1 0
github.com/ArubikU/polyloft-bvm/internal/compiler/compiler.go:3687.14,3688.29 1 0
github.com/ArubikU/polyloft-bvm/internal/compiler/compiler.go:3689.14,3690.29 1 0
github.com/ArubikU/polyloft-bvm/internal/compiler/compiler.go:3691.14,3692.29 1 0
github.com/ArubikU/polyloft-bvm/internal/compiler/compiler.go:3693.14,3694.29 1 0
github.com/ArubikU/polyloft-bvm/internal/compiler/compiler.go:3695.16,3696.31 1 0
github.com/ArubikU/polyloft-bvm/internal/compiler/compiler.go:3697.16,3698.31 1 0
github.com/ArubikU/polyloft-bvm/internal/compiler/compiler.go:3699.15,3700.30 1 0
github.com/ArubikU/polyloft-bvm/internal/compiler/compiler.go:3701.15,3702.30 1 0
github.com/ArubikU/polyloft-bvm/internal/compiler/compiler.go:3703.13,3704.28 1 0
github.com/ArubikU/polyloft-bvm/internal/compiler/compiler.go:3705.13,3706.28 1 0
github.com/ArubikU/polyloft-bvm/internal/compiler/compiler.go:3707.15,3708.30 1 0
github.com/ArubikU/polyloft-bvm/internal/compiler/compiler.go:3709.15,3710.30 1 0
github.com/ArubikU/polyloft-bvm/internal/compiler/compiler.go:3711.15,3712.30 1 0
github.com/ArubikU/polyloft-bvm/internal/compiler/compiler.go:3713.15,3714.30 1 0
github.com/ArubikU/polyloft-bvm/internal/compiler/compiler.go:3715.18,3716.33 1 0
github.com/ArubikU/polyloft-bvm/internal/compiler/compiler.go:3717.13,3718.28 1 0
github.com/ArubikU/polyloft-bvm/internal/compiler/compiler.go:3719.14,3720.29 1 0
github.com/ArubikU/polyloft-bvm/internal/compiler/compiler.go:3721.13,3722.28 1 0
github.com/ArubikU/polyloft-bvm/internal/compiler/compiler.go:3723.13,3724.28 1 0
github.com/ArubikU/polyloft-bvm/internal/compiler/compiler.go:3725.10,3726.17 1 0
github.com/ArubikU/polyloft-bvm/internal/compiler/compiler.go:3726.17,3728.4 1 0
github.com/ArubikU/polyloft-bvm/internal/compiler/compiler.go:3729.3,3729.14 1 0
github.com/ArubikU/polyloft-bvm/internal/compiler/compiler.go:3733.41,3735.2 1 0
github.com/ArubikU/polyloft-bvm/internal/compiler/compiler.go:3737.59,3739.39 2 0
github.com/ArubikU/polyloft-bvm/internal/compiler/compiler.go:3739.39,3741.3 1 0
github.com/ArubikU/polyloft-bvm/internal/compiler/compiler.go:3742.2,3744.30 3 0
github.com/ArubikU/polyloft-bvm/internal/compiler/compiler.go:3744.30,3745.13 1 0
github.com/ArubikU/polyloft-bvm/internal/compiler/compiler.go:3746.12,3747.18 1 0
github.com/ArubikU/polyloft-bvm/internal/compiler/compiler.go:3747.18,3749.5 1 0
github.com/ArubikU/polyloft-bvm/internal/compiler/compiler.go:3750.4,3750.11 1 0
github.com/ArubikU/polyloft-bvm/internal/compiler/compiler.go:3751.12,3752.11 1 0
github.com/ArubikU/polyloft-bvm/internal/compiler/compiler.go:3755.2,3755.15 1 0
github.com/ArubikU/polyloft-bvm/internal/compiler/compiler.go:3755.15,3757.3 1 0
github.com/ArubikU/polyloft-bvm/internal/compiler/compiler.go:3758.2,3758.103 1 0
github.com/ArubikU/polyloft-bvm/internal/compiler/compiler.go:3761.67,3765.27 4 0
github.com/ArubikU/polyloft-bvm/internal/compiler/compiler.go:3765.27,3766.13 1 0
github.com/ArubikU/polyloft-bvm/internal/compiler/compiler.go:3767.12,3768.11 1 0
github.com/ArubikU/polyloft-bvm/internal/compiler/compiler.go:3769.12,3770.17 1 0
github.com/ArubikU/polyloft-bvm/internal/compiler/compiler.go:3770.17,3772.5 1 0
github.com/ArubikU/polyloft-bvm/internal/compiler/compiler.go:3773.11,3774.37 1 0
github.com/ArubikU/polyloft-bvm/internal/compiler/compiler.go:3774.37,3777.5 2 0
github.com/ArubikU/polyloft-bvm/internal/compiler/compiler.go:3780.2,3781.14 2 0
github.com/ArubikU/polyloft-bvm/internal/compiler/compiler.go:3784.50,3787.72 3 0
github.com/ArubikU/polyloft-bvm/internal/compiler/compiler.go:3787.72,3789.3 1 0
github.com/ArubikU/polyloft-bvm/internal/compiler/compiler.go:3790.2,3790.40 1 0
github.com/ArubikU/polyloft-bvm/internal/compiler/compiler.go:3793.56,3794.33 1 0
github.com/ArubikU/polyloft-bvm/internal/compiler/compiler.go:3795.13,3796.28 1 0
github.com/ArubikU/polyloft-bvm/internal/compiler/compiler.go:3797.15,3798.30 1 0
github.com/ArubikU/polyloft-bvm/internal/compiler/compiler.go:3799.16,3800.31 1 0
github.com/ArubikU/polyloft-bvm/internal/compiler/compiler.go:3801.14,3802.29 1 0
github.com/ArubikU/polyloft-bvm/internal/compiler/compiler.go:3803.14,3804.29 1 0
github.com/ArubikU/polyloft-bvm/internal/compiler/compiler.go:3805.26,3806.31 1 0
github.com/ArubikU/polyloft-bvm/internal/compiler/compiler.go:3807.24,3808.30 1 0
github.com/ArubikU/polyloft-bvm/internal/compiler/compiler.go:3809.20,3810.28 1 0
github.com/ArubikU/polyloft-bvm/internal/compiler/compiler.go:3811.24,3812.30 1 0
github.com/ArubikU/polyloft-bvm/internal/compiler/compiler.go:3813.24,3814.30 1 0
github.com/ArubikU/polyloft-bvm/internal/compiler/compiler.go:3815.18,3816.33 1 0
github.com/ArubikU/polyloft-bvm/internal/compiler/compiler.go:3817.24,3818.28 1 0
github.com/ArubikU/polyloft-bvm/internal/compiler/compiler.go:3819.10,3820.33 1 0
github.com/ArubikU/polyloft-bvm/internal/compiler/compiler.go:3824.54,3826.43 2 0
github.com/ArubikU/polyloft-bvm/internal/compiler/compiler.go:3826.43,3828.3 1 0
github.com/ArubikU/polyloft-bvm/internal/compiler/compiler.go:3829.2,3829.33 1 0
github.com/ArubikU/polyloft-bvm/internal/compiler/compiler.go:3829.33,3830.17 1 0
github.com/ArubikU/polyloft-bvm/internal/compiler/compiler.go:3830.17,3831.28 1 0
github.com/ArubikU/polyloft-bvm/internal/compiler/compiler.go:3831.28,3833.5 1 0
github.com/ArubikU/polyloft-bvm/internal/compiler/compiler.go:3834.4,3834.12 1 0
github.com/ArubikU/polyloft-bvm/internal/compiler/compiler.go:3836.3,3836.27 1 0
github.com/ArubikU/polyloft-bvm/internal/compiler/compiler.go:3836.27,3838.4 1 0
github.com/ArubikU/polyloft-bvm/internal/compiler/compiler.go:3840.2,3840.13 1 0
github.com/ArubikU/polyloft-bvm/internal/compiler/compiler.go:3843.43,3844.29 1 0
github.com/ArubikU/polyloft-bvm/internal/compiler/compiler.go:3844.29,3845.27 1 0
github.com/ArubikU/polyloft-bvm/internal/compiler/compiler.go:3845.27,3847.4 1 0
github.com/ArubikU/polyloft-bvm/internal/compiler/compiler.go:3849.2,3849.17 1 0
github.com/ArubikU/polyloft-bvm/internal/compiler/compiler.go:3852.59,3853.20 1 0
github.com/ArubikU/polyloft-bvm/internal/compiler/compiler.go:3853.20,3855.3 1 0
github.com/ArubikU/polyloft-bvm/internal/compiler/compiler.go:3856.2,3856.57 1 0
github.com/ArubikU/polyloft-bvm/internal/compiler/compiler.go:3856.57,3858.3 1 0
github.com/ArubikU/polyloft-bvm/internal/compiler/compiler.go:3859.2,3859.33 1 0
github.com/ArubikU/polyloft-bvm/internal/compiler/compiler.go:3862.70,3863.20 1 0
github.com/ArubikU/polyloft-bvm/internal/compiler/compiler.go:3863.20,3865.3 1 0
github.com/ArubikU/polyloft-bvm/internal/compiler/compiler.go:3866.2,3866.57 1 0
github.com/ArubikU/polyloft-bvm/internal/compiler/compiler.go:3866.57,3868.3 1 0
github.com/ArubikU/polyloft-bvm/internal/compiler/compiler.go:3869.2,3869.33 1 0
github.com/ArubikU/polyloft-bvm/internal/compiler/compiler.go:3869.33,3870.39 1 0
github.com/ArubikU/polyloft-bvm/internal/compiler/compiler.go:3870.39,3872.4 1 0
github.com/ArubikU/polyloft-bvm/internal/compiler/compiler.go:3874.2,3874.13 1 0
github.com/ArubikU/polyloft-bvm/internal/compiler/compiler.go:3877.67,3879.42 2 0
github.com/ArubikU/polyloft-bvm/internal/compiler/compiler.go:3879.42,3881.3 1 0
github.com/ArubikU/polyloft-bvm/internal/compiler/compiler.go:3882.2,3882.17 1 0
github.com/ArubikU/polyloft-bvm/internal/compiler/compiler.go:3885.75,3889.31 4 0
github.com/ArubikU/polyloft-bvm/internal/compiler/compiler.go:3889.31,3890.39 1 0
github.com/ArubikU/polyloft-bvm/internal/compiler/compiler.go:3890.39,3892.4 1 0
github.com/ArubikU/polyloft-bvm/internal/compiler/compiler.go:3893.3,3895.9 3 0
github.com/ArubikU/polyloft-bvm/internal/compiler/compiler.go:3897.2,3897.50 1 0
github.com/ArubikU/polyloft-bvm/internal/compiler/compiler.go:3897.50,3899.3 1 0
github.com/ArubikU/polyloft-bvm/internal/compiler/compiler.go:3900.2,3900.42 1 0
github.com/ArubikU/polyloft-bvm/internal/compiler/compiler.go:3900.42,3901.30 1 0
github.com/ArubikU/polyloft-bvm/internal/compiler/compiler.go:3902.21,3903.29 1 0
github.com/ArubikU/polyloft-bvm/internal/compiler/compiler.go:3904.32,3905.40 1 0
github.com/ArubikU/polyloft-bvm/internal/compiler/compiler.go:3905.40,3907.5 1 0
github.com/ArubikU/polyloft-bvm/internal/compiler/compiler.go:3908.26,3909.29 1 0
github.com/ArubikU/polyloft-bvm/internal/compiler/compiler.go:3910.23,3911.29 1 0
github.com/ArubikU/polyloft-bvm/internal/compiler/compiler.go:3912.27,3913.12 1 0
github.com/ArubikU/polyloft-bvm/internal/compiler/compiler.go:3916.2,3916.21 1 0
github.com/ArubikU/polyloft-bvm/internal/compiler/compiler.go:3919.42,3923.39 4 0
github.com/ArubikU/polyloft-bvm/internal/compiler/compiler.go:3923.39,3925.3 1 0
github.com/ArubikU/polyloft-bvm/internal/compiler/compiler.go:3926.2,3926.14 1 0
github.com/ArubikU/polyloft-bvm/internal/compiler/compiler.go:3929.114,3930.29 1 0
github.com/ArubikU/polyloft-bvm/internal/compiler/compiler.go:3931.20,3932.19 1 0
github.com/ArubikU/polyloft-bvm/internal/compiler/compiler.go:3932.19,3934.4 1 0
github.com/ArubikU/polyloft-bvm/internal/compiler/compiler.go:3935.3,3935.70 1 0
github.com/ArubikU/polyloft-bvm/internal/compiler/compiler.go:3936.31,3937.19 1 0
github.com/ArubikU/polyloft-bvm/internal/compiler/compiler.go:3937.19,3938.40 1 0
github.com/ArubikU/polyloft-bvm/internal/compiler/compiler.go:3938.40,3940.5 1 0
github.com/ArubikU/polyloft-bvm/internal/compiler/compiler.go:3942.3,3942.70 1 0
github.com/ArubikU/polyloft-bvm/internal/compiler/compiler.go:3943.23,3944.63 1 0
github.com/ArubikU/polyloft-bvm/internal/compiler/compiler.go:3944.63,3946.4 1 0
github.com/ArubikU/polyloft-bvm/internal/compiler/compiler.go:3947.3,3947.70 1 0
github.com/ArubikU/polyloft-bvm/internal/compiler/compiler.go:3948.20,3950.70 2 0
github.com/ArubikU/polyloft-bvm/internal/compiler/compiler.go:3951.25,3954.70 3 0
github.com/ArubikU/polyloft-bvm/internal/compiler/compiler.go:3955.21,3956.69 1 0
github.com/ArubikU/polyloft-bvm/internal/compiler/compiler.go:3957.26,3958.9 1 0
github.com/ArubikU/polyloft-bvm/internal/compiler/compiler.go:3959.19,3962.23 3 0
github.com/ArubikU/polyloft-bvm/internal/compiler/compiler.go:3962.23,3964.4 1 0
github.com/ArubikU/polyloft-bvm/internal/compiler/compiler.go:3965.23,3967.33 2 0
github.com/ArubikU/polyloft-bvm/internal/compiler/compiler.go:3967.33,3969.41 2 0
github.com/ArubikU/polyloft-bvm/internal/compiler/compiler.go:3969.41,3970.29 1 0
github.com/ArubikU/polyloft-bvm/internal/compiler/compiler.go:3970.29,3972.6 1 0
github.com/ArubikU/polyloft-bvm/internal/compiler/compiler.go:3973.5,3973.28 1 0
github.com/ArubikU/polyloft-bvm/internal/compiler/compiler.go:3973.28,3975.6 1 0
github.com/ArubikU/polyloft-bvm/internal/compiler/compiler.go:3977.4,3977.73 1 0
github.com/ArubikU/polyloft-bvm/internal/compiler/compiler.go:3979.3,3979.26 1 0
github.com/ArubikU/polyloft-bvm/internal/compiler/compiler.go:3979.26,3981.4 1 0
github.com/ArubikU/polyloft-bvm/internal/compiler/compiler.go:3982.23,3983.24 1 0
github.com/ArubikU/polyloft-bvm/internal/compiler/compiler.go:3983.24,3985.4 1 0
github.com/ArubikU/polyloft-bvm/internal/compiler/compiler.go:3986.20,3989.39 3 0
github.com/ArubikU/polyloft-bvm/internal/compiler/compiler.go:3989.39,3991.4 1 0
github.com/ArubikU/polyloft-bvm/internal/compiler/compiler.go:3992.3,3992.28 1 0
github.com/ArubikU/polyloft-bvm/internal/compiler/compiler.go:3992.28,3994.4 1 0
github.com/ArubikU/polyloft-bvm/internal/compiler/compiler.go:3995.3,3995.74 1 0
github.com/ArubikU/polyloft-bvm/internal/compiler/compiler.go:3996.21,3998.28 2 0
github.com/ArubikU/polyloft-bvm/internal/compiler/compiler.go:3998.28,4000.4 1 0
github.com/ArubikU/polyloft-bvm/internal/compiler/compiler.go:4001.3,4001.74 1 0
github.com/ArubikU/polyloft-bvm/internal/compiler/compiler.go:4002.20,4004.39 2 0
github.com/ArubikU/polyloft-bvm/internal/compiler/compiler.go:4004.39,4006.33 2 0
github.com/ArubikU/polyloft-bvm/internal/compiler/compiler.go:4006.33,4008.5 1 0
github.com/ArubikU/polyloft-bvm/internal/compiler/compiler.go:4009.4,4009.78 1 0
github.com/ArubikU/polyloft-bvm/internal/compiler/compiler.go:4011.22,4012.70 1 0
github.com/ArubikU/polyloft-bvm/internal/compiler/compiler.go:4013.41,4014.9 1 0
github.com/ArubikU/polyloft-bvm/internal/compiler/compiler.go:4015.22,4016.77 1 0
github.com/ArubikU/polyloft-bvm/internal/compiler/compiler.go:4017.25,4019.37 2 0
github.com/ArubikU/polyloft-bvm/internal/compiler/compiler.go:4019.37,4021.4 1 0
github.com/ArubikU/polyloft-bvm/internal/compiler/compiler.go:4022.3,4022.41 1 0
github.com/ArubikU/polyloft-bvm/internal/compiler/compiler.go:4022.41,4024.4 1 0
github.com/ArubikU/polyloft-bvm/internal/compiler/compiler.go:4025.22,4026.39 1 0
github.com/ArubikU/polyloft-bvm/internal/compiler/compiler.go:4026.39,4027.26 1 0
github.com/ArubikU/polyloft-bvm/internal/compiler/compiler.go:4027.26,4028.13 1 0
github.com/ArubikU/polyloft-bvm/internal/compiler/compiler.go:4030.4,4031.22 2 0
github.com/ArubikU/polyloft-bvm/internal/compiler/compiler.go:4031.22,4033.5 1 0
github.com/ArubikU/polyloft-bvm/internal/compiler/compiler.go:4034.4,4034.40 1 0
github.com/ArubikU/polyloft-bvm/internal/compiler/compiler.go:4034.40,4036.5 1 0
github.com/ArubikU/polyloft-bvm/internal/compiler/compiler.go:4037.4,4037.72 1 0
github.com/ArubikU/polyloft-bvm/internal/compiler/compiler.go:4039.26,4040.9 1 0
github.com/ArubikU/polyloft-bvm/internal/compiler/compiler.go:4044.122,4045.40 1 0
github.com/ArubikU/polyloft-bvm/internal/compiler/compiler.go:4045.40,4047.3 1 0
github.com/ArubikU/polyloft-bvm/internal/compiler/compiler.go:4050.114,4051.29 1 0
github.com/ArubikU/polyloft-bvm/internal/compiler/compiler.go:4052.25,4053.63 1 0
github.com/ArubikU/polyloft-bvm/internal/compiler/compiler.go:4053.63,4055.4 1 0
github.com/ArubikU/polyloft-bvm/internal/compiler/compiler.go:4056.25,4057.69 1 0
github.com/ArubikU/polyloft-bvm/internal/compiler/compiler.go:4058.22,4059.41 1 0
github.com/ArubikU/polyloft-bvm/internal/compiler/compiler.go:4059.41,4061.4 1 0
github.com/ArubikU/polyloft-bvm/internal/compiler/compiler.go:4062.22,4063.41 1 0
github.com/ArubikU/polyloft-bvm/internal/compiler/compiler.go:4063.41,4065.4 1 0
github.com/ArubikU/polyloft-bvm/internal/compiler/compiler.go:4066.20,4067.38 1 0
github.com/ArubikU/polyloft-bvm/internal/compiler/compiler.go:4067.38,4069.4 1 0
github.com/ArubikU/polyloft-bvm/internal/compiler/compiler.go:4070.22,4071.70 1 0
github.com/ArubikU/polyloft-bvm/internal/compiler/compiler.go:4072.23,4074.70 2 0
github.com/ArubikU/polyloft-bvm/internal/compiler/compiler.go:4075.21,4077.38 2 0
github.com/ArubikU/polyloft-bvm/internal/compiler/compiler.go:4077.38,4079.4 1 0
github.com/ArubikU/polyloft-bvm/internal/compiler/compiler.go:4080.20,4081.64 1 0
github.com/ArubikU/polyloft-bvm/internal/compiler/compiler.go:4081.64,4083.4 1 0
github.com/ArubikU/polyloft-bvm/internal/compiler/compiler.go:4084.3,4084.38 1 0
github.com/ArubikU/polyloft-bvm/internal/compiler/compiler.go:4084.38,4086.4 1 0
github.com/ArubikU/polyloft-bvm/internal/compiler/compiler.go:4087.20,4088.71 1 0
github.com/ArubikU/polyloft-bvm/internal/compiler/compiler.go:4089.22,4091.70 2 0
github.com/ArubikU/polyloft-bvm/internal/compiler/compiler.go:4092.22,4095.68 3 0
github.com/ArubikU/polyloft-bvm/internal/compiler/compiler.go:4096.23,4098.37 2 0
github.com/ArubikU/polyloft-bvm/internal/compiler/compiler.go:4098.37,4100.4 1 0
github.com/ArubikU/polyloft-bvm/internal/compiler/compiler.go:4101.3,4101.68 1 0
github.com/ArubikU/polyloft-bvm/internal/compiler/compiler.go:4105.56,4106.18 1 0
github.com/ArubikU/polyloft-bvm/internal/compiler/compiler.go:4106.18,4108.3 1 0
github.com/ArubikU/polyloft-bvm/internal/compiler/compiler.go:4109.2,4110.36 2 0
github.com/ArubikU/polyloft-bvm/internal/compiler/compiler.go:4110.36,4112.3 1 0
github.com/ArubikU/polyloft-bvm/internal/compiler/compiler.go:4113.2,4113.18 1 0
github.com/ArubikU/polyloft-bvm/internal/compiler/compiler.go:4116.46,4117.14 1 0
github.com/ArubikU/polyloft-bvm/internal/compiler/compiler.go:4118.36,4119.18 1 0
github.com/ArubikU/polyloft-bvm/internal/compiler/compiler.go:4120.30,4121.16 1 0
github.com/ArubikU/polyloft-bvm/internal/compiler/compiler.go:4122.42,4123.20 1 0
github.com/ArubikU/polyloft-bvm/internal/compiler/compiler.go:4124.10,4125.14 1 0
github.com/ArubikU/polyloft-bvm/internal/compiler/compiler.go:4129.51,4131.2 1 0
github.com/ArubikU/polyloft-bvm/internal/compiler/compiler.go:4133.47,4135.2 1 0
github.com/ArubikU/polyloft-bvm/internal/compiler/compiler.go:4137.51,4139.2 1 0
github.com/ArubikU/polyloft-bvm/internal/compiler/compiler.go:4141.59,4146.2 4 0
github.com/ArubikU/polyloft-bvm/internal/compiler/compiler.go:4148.54,4152.2 3 0
github.com/ArubikU/polyloft-bvm/internal/compiler/compiler.go:4154.42,4157.2 2 0
github.com/ArubikU/polyloft-bvm/internal/compiler/compiler.go:4159.73,4166.2 6 0
github.com/ArubikU/polyloft-bvm/internal/compiler/compiler.go:4168.100,4177.2 8 0
github.com/ArubikU/polyloft-bvm/internal/compiler/compiler.go:4179.43,4181.2 1 0
github.com/ArubikU/polyloft-bvm/internal/token/token.go:162.40,163.40 1 0
github.com/ArubikU/polyloft-bvm/internal/token/token.go:163.40,165.3 1 0
github.com/ArubikU/polyloft-bvm/internal/token/token.go:166.2,166.19 1 0
github.com/ArubikU/polyloft-bvm/internal/modules/loader.go:52.89,54.16 2 0
github.com/ArubikU/polyloft-bvm/internal/modules/loader.go:54.16,56.3 1 0
github.com/ArubikU/polyloft-bvm/internal/modules/loader.go:57.2,58.16 2 0
github.com/ArubikU/polyloft-bvm/internal/modules/loader.go:58.16,60.3 1 0
github.com/ArubikU/polyloft-bvm/internal/modules/loader.go:61.2,67.32 2 0
github.com/ArubikU/polyloft-bvm/internal/modules/loader.go:70.86,72.16 2 0
github.com/ArubikU/polyloft-bvm/internal/modules/loader.go:72.16,74.3 1 0
github.com/ArubikU/polyloft-bvm/internal/modules/loader.go:75.2,77.78 3 0
github.com/ArubikU/polyloft-bvm/internal/modules/loader.go:77.78,79.3 1 0
github.com/ArubikU/polyloft-bvm/internal/modules/loader.go:80.2,80.31 1 0
github.com/ArubikU/polyloft-bvm/internal/modules/loader.go:83.107,85.16 2 0
github.com/ArubikU/polyloft-bvm/internal/modules/loader.go:85.16,87.3 1 0
github.com/ArubikU/polyloft-bvm/internal/modules/loader.go:88.2,90.78 3 0
github.com/ArubikU/polyloft-bvm/internal/modules/loader.go:90.78,92.3 1 0
github.com/ArubikU/polyloft-bvm/internal/modules/loader.go:93.2,93.31 1 0
github.com/ArubikU/polyloft-bvm/internal/modules/loader.go:96.105,114.30 7 0
github.com/ArubikU/polyloft-bvm/internal/modules/loader.go:114.30,115.41 1 0
github.com/ArubikU/polyloft-bvm/internal/modules/loader.go:115.41,119.35 2 0
github.com/ArubikU/polyloft-bvm/internal/modules/loader.go:119.35,120.13 1 0
github.com/ArubikU/polyloft-bvm/internal/modules/loader.go:123.4,124.18 2 0
github.com/ArubikU/polyloft-bvm/internal/modules/loader.go:124.18,125.13 1 0
github.com/ArubikU/polyloft-bvm/internal/modules/loader.go:129.4,138.31 9 0
github.com/ArubikU/polyloft-bvm/internal/modules/loader.go:138.31,139.16 1 0
github.com/ArubikU/polyloft-bvm/internal/modules/loader.go:139.16,141.6 1 0
github.com/ArubikU/polyloft-bvm/internal/modules/loader.go:143.4,143.23 1 0
github.com/ArubikU/polyloft-bvm/internal/modules/loader.go:143.23,144.13 1 0
github.com/ArubikU/polyloft-bvm/internal/modules/loader.go:147.4,147.78 1 0
github.com/ArubikU/polyloft-bvm/internal/modules/loader.go:152.2,152.30 1 0
github.com/ArubikU/polyloft-bvm/internal/modules/loader.go:152.30,155.49 3 0
github.com/ArubikU/polyloft-bvm/internal/modules/loader.go:155.49,157.4 1 0
github.com/ArubikU/polyloft-bvm/internal/modules/loader.go:157.9,159.4 1 0
github.com/ArubikU/polyloft-bvm/internal/modules/loader.go:163.2,164.30 2 0
github.com/ArubikU/polyloft-bvm/internal/modules/loader.go:164.30,166.38 2 0
github.com/ArubikU/polyloft-bvm/internal/modules/loader.go:166.38,168.12 1 0
github.com/ArubikU/polyloft-bvm/internal/modules/loader.go:171.3,171.59 1 0
github.com/ArubikU/polyloft-bvm/internal/modules/loader.go:171.59,173.4 1 0
github.com/ArubikU/polyloft-bvm/internal/modules/loader.go:179.3,180.58 2 0
github.com/ArubikU/polyloft-bvm/internal/modules/loader.go:180.58,182.11 2 0
github.com/ArubikU/polyloft-bvm/internal/modules/loader.go:182.11,183.13 1 0
github.com/ArubikU/polyloft-bvm/internal/modules/loader.go:185.4,185.49 1 0
github.com/ArubikU/polyloft-bvm/internal/modules/loader.go:185.49,186.47 1 0
github.com/ArubikU/polyloft-bvm/internal/modules/loader.go:186.47,187.14 1 0
github.com/ArubikU/polyloft-bvm/internal/modules/loader.go:190.4,192.53 3 0
github.com/ArubikU/polyloft-bvm/internal/modules/loader.go:192.53,195.5 2 0
github.com/ArubikU/polyloft-bvm/internal/modules/loader.go:195.10,197.5 1 0
github.com/ArubikU/polyloft-bvm/internal/modules/loader.go:202.3,203.43 2 0
github.com/ArubikU/polyloft-bvm/internal/modules/loader.go:203.43,204.60 1 0
github.com/ArubikU/polyloft-bvm/internal/modules/loader.go:204.60,205.13 1 0
github.com/ArubikU/polyloft-bvm/internal/modules/loader.go:207.4,207.63 1 0
github.com/ArubikU/polyloft-bvm/internal/modules/loader.go:207.63,210.44 3 0
github.com/ArubikU/polyloft-bvm/internal/modules/loader.go:210.44,212.6 1 0
github.com/ArubikU/polyloft-bvm/internal/modules/loader.go:217.3,218.49 2 0
github.com/ArubikU/polyloft-bvm/internal/modules/loader.go:222.2,224.48 3 0
github.com/ArubikU/polyloft-bvm/internal/modules/loader.go:224.48,225.33 1 0
github.com/ArubikU/polyloft-bvm/internal/modules/loader.go:225.33,227.4 1 0
github.com/ArubikU/polyloft-bvm/internal/modules/loader.go:228.3,229.17 2 0
github.com/ArubikU/polyloft-bvm/internal/modules/loader.go:229.17,231.4 1 0
github.com/ArubikU/polyloft-bvm/internal/modules/loader.go:232.3,232.40 1 0
github.com/ArubikU/polyloft-bvm/internal/modules/loader.go:232.40,233.36 1 0
github.com/ArubikU/polyloft-bvm/internal/modules/loader.go:233.36,234.54 1 0
github.com/ArubikU/polyloft-bvm/internal/modules/loader.go:234.54,236.6 1 0
github.com/ArubikU/polyloft-bvm/internal/modules/loader.go:239.3,239.71 1 0
github.com/ArubikU/polyloft-bvm/internal/modules/loader.go:239.71,241.4 1 0
github.com/ArubikU/polyloft-bvm/internal/modules/loader.go:242.3,242.54 1 0
github.com/ArubikU/polyloft-bvm/internal/modules/loader.go:242.54,244.4 1 0
github.com/ArubikU/polyloft-bvm/internal/modules/loader.go:245.3,246.53 2 0
github.com/ArubikU/polyloft-bvm/internal/modules/loader.go:246.53,248.11 2 0
github.com/ArubikU/polyloft-bvm/internal/modules/loader.go:248.11,249.13 1 0
github.com/ArubikU/polyloft-bvm/internal/modules/loader.go:251.4,253.48 3 0
github.com/ArubikU/polyloft-bvm/internal/modules/loader.go:253.48,256.5 2 0
github.com/ArubikU/polyloft-bvm/internal/modules/loader.go:258.3,258.38 1 0
github.com/ArubikU/polyloft-bvm/internal/modules/loader.go:258.38,259.60 1 0
github.com/ArubikU/polyloft-bvm/internal/modules/loader.go:259.60,260.13 1 0
github.com/ArubikU/polyloft-bvm/internal/modules/loader.go:262.4,262.71 1 0
github.com/ArubikU/polyloft-bvm/internal/modules/loader.go:262.71,266.5 3 0
github.com/ArubikU/polyloft-bvm/internal/modules/loader.go:268.3,269.21 2 0
github.com/ArubikU/polyloft-bvm/internal/modules/loader.go:269.21,272.4 2 0
github.com/ArubikU/polyloft-bvm/internal/modules/loader.go:273.3,274.13 2 0
github.com/ArubikU/polyloft-bvm/internal/modules/loader.go:276.2,276.30 1 0
github.com/ArubikU/polyloft-bvm/internal/modules/loader.go:276.30,277.45 1 0
github.com/ArubikU/polyloft-bvm/internal/modules/loader.go:277.45,278.37 1 0
github.com/ArubikU/polyloft-bvm/internal/modules/loader.go:278.37,279.13 1 0
github.com/ArubikU/polyloft-bvm/internal/modules/loader.go:281.4,281.53 1 0
github.com/ArubikU/polyloft-bvm/internal/modules/loader.go:281.53,283.5 1 0
github.com/ArubikU/polyloft-bvm/internal/modules/loader.go:287.2,288.16 2 0
github.com/ArubikU/polyloft-bvm/internal/modules/loader.go:288.16,290.3 1 0
github.com/ArubikU/polyloft-bvm/internal/modules/loader.go:292.2,292.39 1 0
github.com/ArubikU/polyloft-bvm/internal/modules/loader.go:295.71,297.16 2 0
github.com/ArubikU/polyloft-bvm/internal/modules/loader.go:297.16,299.3 1 0
github.com/ArubikU/polyloft-bvm/internal/modules/loader.go:300.2,300.36 1 0
github.com/ArubikU/polyloft-bvm/internal/modules/loader.go:303.88,305.16 2 0
github.com/ArubikU/polyloft-bvm/internal/modules/loader.go:305.16,307.3 1 0
github.com/ArubikU/polyloft-bvm/internal/modules/loader.go:308.2,309.16 2 0
github.com/ArubikU/polyloft-bvm/internal/modules/loader.go:309.16,311.3 1 0
github.com/ArubikU/polyloft-bvm/internal/modules/loader.go:312.2,312.29 1 0
github.com/ArubikU/polyloft-bvm/internal/modules/loader.go:315.52,320.30 2 0
github.com/ArubikU/polyloft-bvm/internal/modules/loader.go:320.30,322.3 1 0
github.com/ArubikU/polyloft-bvm/internal/modules/loader.go:322.8,324.3 1 0
github.com/ArubikU/polyloft-bvm/internal/modules/loader.go:325.2,325.16 1 0
github.com/ArubikU/polyloft-bvm/internal/modules/loader.go:325.16,327.3 1 0
github.com/ArubikU/polyloft-bvm/internal/modules/loader.go:328.2,328.26 1 0
github.com/ArubikU/polyloft-bvm/internal/modules/loader.go:331.121,332.42 1 0
github.com/ArubikU/polyloft-bvm/internal/modules/loader.go:332.42,334.10 2 0
github.com/ArubikU/polyloft-bvm/internal/modules/loader.go:334.10,335.12 1 0
github.com/ArubikU/polyloft-bvm/internal/modules/loader.go:337.3,338.17 2 0
github.com/ArubikU/polyloft-bvm/internal/modules/loader.go:338.17,340.4 1 0
github.com/ArubikU/polyloft-bvm/internal/modules/loader.go:341.3,342.17 2 0
github.com/ArubikU/polyloft-bvm/internal/modules/loader.go:342.17,344.4 1 0
github.com/ArubikU/polyloft-bvm/internal/modules/loader.go:345.3,345.81 1 0
github.com/ArubikU/polyloft-bvm/internal/modules/loader.go:345.81,347.4 1 0
github.com/ArubikU/polyloft-bvm/internal/modules/loader.go:349.2,349.12 1 0
github.com/ArubikU/polyloft-bvm/internal/modules/loader.go:352.96,354.39 2 0
github.com/ArubikU/polyloft-bvm/internal/modules/loader.go:354.39,356.3 1 0
github.com/ArubikU/polyloft-bvm/internal/modules/loader.go:357.2,357.27 1 0
github.com/ArubikU/polyloft-bvm/internal/modules/loader.go:357.27,358.55 1 0
github.com/ArubikU/polyloft-bvm/internal/modules/loader.go:358.55,360.4 1 0
github.com/ArubikU/polyloft-bvm/internal/modules/loader.go:363.2,363.22 1 0
github.com/ArubikU/polyloft-bvm/internal/modules/loader.go:363.22,366.31 2 0
github.com/ArubikU/polyloft-bvm/internal/modules/loader.go:366.31,368.63 2 0
github.com/ArubikU/polyloft-bvm/internal/modules/loader.go:368.63,370.5 1 0
github.com/ArubikU/polyloft-bvm/internal/modules/loader.go:376.2,376.68 1 0
github.com/ArubikU/polyloft-bvm/internal/modules/loader.go:376.68,377.67 1 0
github.com/ArubikU/polyloft-bvm/internal/modules/loader.go:377.67,379.4 1 0
github.com/ArubikU/polyloft-bvm/internal/modules/loader.go:381.2,381.73 1 0
github.com/ArubikU/polyloft-bvm/internal/modules/loader.go:384.81,390.29 6 0
github.com/ArubikU/polyloft-bvm/internal/modules/loader.go:390.29,395.5 1 0
github.com/ArubikU/polyloft-bvm/internal/modules/loader.go:395.5,396.23 1 0
github.com/ArubikU/polyloft-bvm/internal/modules/loader.go:396.23,397.13 1 0
github.com/ArubikU/polyloft-bvm/internal/modules/loader.go:399.4,400.46 2 0
github.com/ArubikU/polyloft-bvm/internal/modules/loader.go:403.2,403.19 1 0
github.com/ArubikU/polyloft-bvm/internal/modules/loader.go:406.60,410.31 4 0
github.com/ArubikU/polyloft-bvm/internal/modules/loader.go:410.31,411.17 1 0
github.com/ArubikU/polyloft-bvm/internal/modules/loader.go:411.17,413.4 1 0
github.com/ArubikU/polyloft-bvm/internal/modules/loader.go:414.3,415.18 2 0
github.com/ArubikU/polyloft-bvm/internal/modules/loader.go:415.18,417.4 1 0
github.com/ArubikU/polyloft-bvm/internal/modules/loader.go:418.3,419.31 2 0
github.com/ArubikU/polyloft-bvm/internal/modules/loader.go:421.2,421.58 1 0
github.com/ArubikU/polyloft-bvm/internal/modules/loader.go:421.58,426.3 4 0
github.com/ArubikU/polyloft-bvm/internal/modules/loader.go:427.2,427.60 1 0
github.com/ArubikU/polyloft-bvm/internal/modules/loader.go:427.60,433.20 6 0
github.com/ArubikU/polyloft-bvm/internal/modules/loader.go:433.20,434.9 1 0
github.com/ArubikU/polyloft-bvm/internal/modules/loader.go:437.2,441.14 5 0
github.com/ArubikU/polyloft-bvm/internal/modules/loader.go:444.66,445.58 1 0
github.com/ArubikU/polyloft-bvm/internal/modules/loader.go:445.58,447.67 2 0
github.com/ArubikU/polyloft-bvm/internal/modules/loader.go:447.67,449.4 1 0
github.com/ArubikU/polyloft-bvm/internal/modules/loader.go:450.3,451.20 2 0
github.com/ArubikU/polyloft-bvm/internal/modules/loader.go:451.20,452.9 1 0
github.com/ArubikU/polyloft-bvm/internal/modules/loader.go:455.2,455.18 1 0
github.com/ArubikU/polyloft-bvm/internal/modules/loader.go:458.65,459.37 1 0
github.com/ArubikU/polyloft-bvm/internal/modules/loader.go:459.37,461.3 1 0
github.com/ArubikU/polyloft-bvm/internal/modules/loader.go:462.2,462.21 1 0
github.com/ArubikU/polyloft-bvm/internal/modules/loader.go:462.21,464.3 1 0
github.com/ArubikU/polyloft-bvm/internal/modules/loader.go:465.2,467.22 2 0
github.com/ArubikU/polyloft-bvm/internal/modules/loader.go:467.22,469.36 2 0
github.com/ArubikU/polyloft-bvm/internal/modules/loader.go:469.36,471.4 1 0
github.com/ArubikU/polyloft-bvm/internal/modules/loader.go:472.3,475.31 3 0
github.com/ArubikU/polyloft-bvm/internal/modules/loader.go:475.31,476.35 1 0
github.com/ArubikU/polyloft-bvm/internal/modules/loader.go:476.35,478.10 2 0
github.com/ArubikU/polyloft-bvm/internal/modules/loader.go:482.3,482.20 1 0
github.com/ArubikU/polyloft-bvm/internal/modules/loader.go:482.20,484.18 2 0
github.com/ArubikU/polyloft-bvm/internal/modules/loader.go:484.18,486.5 1 0
github.com/ArubikU/polyloft-bvm/internal/modules/loader.go:487.4,490.18 3 0
github.com/ArubikU/polyloft-bvm/internal/modules/loader.go:490.18,492.5 1 0
github.com/ArubikU/polyloft-bvm/internal/modules/loader.go:494.4,495.18 2 0
github.com/ArubikU/polyloft-bvm/internal/modules/loader.go:495.18,497.5 1 0
github.com/ArubikU/polyloft-bvm/internal/modules/loader.go:499.4,499.22 1 0
github.com/ArubikU/polyloft-bvm/internal/modules/loader.go:499.22,501.5 1 0
github.com/ArubikU/polyloft-bvm/internal/modules/loader.go:503.4,511.22 3 0
github.com/ArubikU/polyloft-bvm/internal/modules/loader.go:515.3,515.32 1 0
github.com/ArubikU/polyloft-bvm/internal/modules/loader.go:515.32,518.4 1 0
github.com/ArubikU/polyloft-bvm/internal/modules/loader.go:522.2,525.16 3 0
github.com/ArubikU/polyloft-bvm/internal/modules/loader.go:525.16,527.3 1 0
github.com/ArubikU/polyloft-bvm/internal/modules/loader.go:528.2,529.16 2 0
github.com/ArubikU/polyloft-bvm/internal/modules/loader.go:529.16,531.3 1 0
github.com/ArubikU/polyloft-bvm/internal/modules/loader.go:532.2,534.75 3 0
github.com/ArubikU/polyloft-bvm/internal/modules/loader.go:534.75,536.3 1 0
github.com/ArubikU/polyloft-bvm/internal/modules/loader.go:537.2,537.54 1 0
github.com/ArubikU/polyloft-bvm/internal/modules/loader.go:537.54,539.3 1 0
github.com/ArubikU/polyloft-bvm/internal/modules/loader.go:540.2,541.16 2 0
github.com/ArubikU/polyloft-bvm/internal/modules/loader.go:541.16,543.3 1 0
github.com/ArubikU/polyloft-bvm/internal/modules/loader.go:544.2,545.30 2 0
github.com/ArubikU/polyloft-bvm/internal/modules/loader.go:545.30,548.72 3 0
github.com/ArubikU/polyloft-bvm/internal/modules/loader.go:548.72,551.56 3 0
github.com/ArubikU/polyloft-bvm/internal/modules/loader.go:551.56,552.50 1 0
github.com/ArubikU/polyloft-bvm/internal/modules/loader.go:552.50,553.42 1 0
github.com/ArubikU/polyloft-bvm/internal/modules/loader.go:553.42,555.7 1 0
github.com/ArubikU/polyloft-bvm/internal/modules/loader.go:561.2,561.43 1 0
github.com/ArubikU/polyloft-bvm/internal/modules/loader.go:561.43,563.3 1 0
github.com/ArubikU/polyloft-bvm/internal/modules/loader.go:564.2,565.16 2 0
github.com/ArubikU/polyloft-bvm/internal/modules/loader.go:565.16,567.3 1 0
github.com/ArubikU/polyloft-bvm/internal/modules/loader.go:568.2,568.56 1 0
github.com/ArubikU/polyloft-bvm/internal/modules/loader.go:568.56,569.71 1 0
github.com/ArubikU/polyloft-bvm/internal/modules/loader.go:569.71,571.4 1 0
github.com/ArubikU/polyloft-bvm/internal/modules/loader.go:573.2,575.20 3 0
github.com/ArubikU/polyloft-bvm/internal/modules/loader.go:578.121,579.42 1 0
github.com/ArubikU/polyloft-bvm/internal/modules/loader.go:579.42,581.40 2 0
github.com/ArubikU/polyloft-bvm/internal/modules/loader.go:581.40,582.12 1 0
github.com/ArubikU/polyloft-bvm/internal/modules/loader.go:584.3,585.17 2 0
github.com/ArubikU/polyloft-bvm/internal/modules/loader.go:585.17,587.4 1 0
github.com/ArubikU/polyloft-bvm/internal/modules/loader.go:588.3,589.17 2 0
github.com/ArubikU/polyloft-bvm/internal/modules/loader.go:589.17,591.4 1 0
github.com/ArubikU/polyloft-bvm/internal/modules/loader.go:592.3,593.41 2 0
github.com/ArubikU/polyloft-bvm/internal/modules/loader.go:593.41,594.49 1 0
github.com/ArubikU/polyloft-bvm/internal/modules/loader.go:594.49,595.13 1 0
github.com/ArubikU/polyloft-bvm/internal/modules/loader.go:597.4,598.11 2 0
github.com/ArubikU/polyloft-bvm/internal/modules/loader.go:598.11,600.5 1 0
github.com/ArubikU/polyloft-bvm/internal/modules/loader.go:601.4,601.35 1 0
github.com/ArubikU/polyloft-bvm/internal/modules/loader.go:604.2,604.12 1 0
github.com/ArubikU/polyloft-bvm/internal/modules/loader.go:607.99,610.42 3 0
github.com/ArubikU/polyloft-bvm/internal/modules/loader.go:610.42,612.10 2 0
github.com/ArubikU/polyloft-bvm/internal/modules/loader.go:612.10,613.12 1 0
github.com/ArubikU/polyloft-bvm/internal/modules/loader.go:615.3,616.17 2 0
github.com/ArubikU/polyloft-bvm/internal/modules/loader.go:616.17,618.4 1 0
github.com/ArubikU/polyloft-bvm/internal/modules/loader.go:619.3,619.21 1 0
github.com/ArubikU/polyloft-bvm/internal/modules/loader.go:619.21,620.12 1 0
github.com/ArubikU/polyloft-bvm/internal/modules/loader.go:622.3,623.38 2 0
github.com/ArubikU/polyloft-bvm/internal/modules/loader.go:625.2,625.21 1 0
github.com/ArubikU/polyloft-bvm/internal/modules/loader.go:628.55,630.37 2 0
github.com/ArubikU/polyloft-bvm/internal/modules/loader.go:630.37,632.3 1 0
github.com/ArubikU/polyloft-bvm/internal/modules/loader.go:633.2,641.29 9 0
github.com/ArubikU/polyloft-bvm/internal/modules/loader.go:641.29,642.14 1 0
github.com/ArubikU/polyloft-bvm/internal/modules/loader.go:642.14,644.4 1 0
github.com/ArubikU/polyloft-bvm/internal/modules/loader.go:646.2,646.14 1 0
github.com/ArubikU/polyloft-bvm/internal/modules/loader.go:649.175,652.42 3 0
github.com/ArubikU/polyloft-bvm/internal/modules/loader.go:652.42,653.30 1 0
github.com/ArubikU/polyloft-bvm/internal/modules/loader.go:654.21,656.22 2 0
github.com/ArubikU/polyloft-bvm/internal/modules/loader.go:656.22,659.12 3 0
github.com/ArubikU/polyloft-bvm/internal/modules/loader.go:659.12,661.6 1 0
github.com/ArubikU/polyloft-bvm/internal/modules/loader.go:662.10,664.5 1 0
github.com/ArubikU/polyloft-bvm/internal/modules/loader.go:665.4,666.63 2 0
github.com/ArubikU/polyloft-bvm/internal/modules/loader.go:666.63,668.5 1 0
github.com/ArubikU/polyloft-bvm/internal/modules/loader.go:669.4,669.104 1 0
github.com/ArubikU/polyloft-bvm/internal/modules/loader.go:670.32,671.40 1 0
github.com/ArubikU/polyloft-bvm/internal/modules/loader.go:671.40,673.23 2 0
github.com/ArubikU/polyloft-bvm/internal/modules/loader.go:673.23,676.13 3 0
github.com/ArubikU/polyloft-bvm/internal/modules/loader.go:676.13,678.7 1 0
github.com/ArubikU/polyloft-bvm/internal/modules/loader.go:679.11,681.6 1 0
github.com/ArubikU/polyloft-bvm/internal/modules/loader.go:682.5,682.143 1 0
github.com/ArubikU/polyloft-bvm/internal/modules/loader.go:684.26,686.22 2 0
github.com/ArubikU/polyloft-bvm/internal/modules/loader.go:686.22,689.12 3 0
github.com/ArubikU/polyloft-bvm/internal/modules/loader.go:689.12,691.6 1 0
github.com/ArubikU/polyloft-bvm/internal/modules/loader.go:692.10,694.5 1 0
github.com/ArubikU/polyloft-bvm/internal/modules/loader.go:695.4,697.28 3 0
github.com/ArubikU/polyloft-bvm/internal/modules/loader.go:697.28,699.5 1 0
github.com/ArubikU/polyloft-bvm/internal/modules/loader.go:700.4,701.38 2 0
github.com/ArubikU/polyloft-bvm/internal/modules/loader.go:701.38,703.5 1 0
github.com/ArubikU/polyloft-bvm/internal/modules/loader.go:704.4,705.54 2 0
github.com/ArubikU/polyloft-bvm/internal/modules/loader.go:705.54,707.79 2 0
github.com/ArubikU/polyloft-bvm/internal/modules/loader.go:707.79,708.45 1 0
github.com/ArubikU/polyloft-bvm/internal/modules/loader.go:708.45,710.7 1 0
github.com/ArubikU/polyloft-bvm/internal/modules/loader.go:710.12,710.44 1 0
github.com/ArubikU/polyloft-bvm/internal/modules/loader.go:710.44,712.7 1 0
github.com/ArubikU/polyloft-bvm/internal/modules/loader.go:715.4,722.5 1 0
github.com/ArubikU/polyloft-bvm/internal/modules/loader.go:723.23,725.22 2 0
github.com/ArubikU/polyloft-bvm/internal/modules/loader.go:725.22,728.12 3 0
github.com/ArubikU/polyloft-bvm/internal/modules/loader.go:728.12,730.6 1 0
github.com/ArubikU/polyloft-bvm/internal/modules/loader.go:731.10,733.5 1 0
github.com/ArubikU/polyloft-bvm/internal/modules/loader.go:734.4,735.18 2 0
github.com/ArubikU/polyloft-bvm/internal/modules/loader.go:735.18,737.5 1 0
github.com/ArubikU/polyloft-bvm/internal/modules/loader.go:738.4,738.220 1 0
github.com/ArubikU/polyloft-bvm/internal/modules/loader.go:739.27,741.18 2 0
github.com/ArubikU/polyloft-bvm/internal/modules/loader.go:741.18,743.5 1 0
github.com/ArubikU/polyloft-bvm/internal/modules/loader.go:744.4,744.232 1 0
github.com/ArubikU/polyloft-bvm/internal/modules/loader.go:745.27,746.12 1 0
github.com/ArubikU/polyloft-bvm/internal/modules/loader.go:749.2,749.21 1 0
github.com/ArubikU/polyloft-bvm/internal/modules/loader.go:752.69,753.15 1 0
github.com/ArubikU/polyloft-bvm/internal/modules/loader.go:753.15,755.3 1 0
github.com/ArubikU/polyloft-bvm/internal/modules/loader.go:756.2,756.17 1 0
github.com/ArubikU/polyloft-bvm/internal/modules/loader.go:756.17,758.3 1 0
github.com/ArubikU/polyloft-bvm/internal/modules/loader.go:759.2,759.64 1 0
github.com/ArubikU/polyloft-bvm/internal/modules/loader.go:762.58,763.15 1 0
github.com/ArubikU/polyloft-bvm/internal/modules/loader.go:763.15,765.3 1 0
github.com/ArubikU/polyloft-bvm/internal/modules/loader.go:766.2,766.17 1 0
github.com/ArubikU/polyloft-bvm/internal/modules/loader.go:766.17,768.3 1 0
github.com/ArubikU/polyloft-bvm/internal/modules/loader.go:769.2,769.48 1 0
github.com/ArubikU/polyloft-bvm/internal/modules/loader.go:769.48,771.3 1 0
github.com/ArubikU/polyloft-bvm/internal/modules/loader.go:772.2,772.11 1 0
github.com/ArubikU/polyloft-bvm/internal/modules/loader.go:775.59,776.76 1 0
github.com/ArubikU/polyloft-bvm/internal/modules/loader.go:776.76,778.3 1 0
github.com/ArubikU/polyloft-bvm/internal/modules/loader.go:779.2,779.9 1 0
github.com/ArubikU/polyloft-bvm/internal/modules/loader.go:780.24,781.23 1 0
github.com/ArubikU/polyloft-bvm/internal/modules/loader.go:782.26,783.25 1 0
github.com/ArubikU/polyloft-bvm/internal/modules/loader.go:784.10,785.24 1 0
github.com/ArubikU/polyloft-bvm/internal/modules/loader.go:789.63,790.68 1 0
github.com/ArubikU/polyloft-bvm/internal/modules/loader.go:790.68,792.3 1 0
github.com/ArubikU/polyloft-bvm/internal/modules/loader.go:793.2,793.27 1 0
github.com/ArubikU/polyloft-bvm/internal/modules/loader.go:796.60,797.31 1 0
github.com/ArubikU/polyloft-bvm/internal/modules/loader.go:797.31,799.3 1 0
github.com/ArubikU/polyloft-bvm/internal/modules/loader.go:800.2,801.23 2 0
github.com/ArubikU/polyloft-bvm/internal/modules/loader.go:802.28,803.33 1 0
github.com/ArubikU/polyloft-bvm/internal/modules/loader.go:804.31,805.36 1 0
github.com/ArubikU/polyloft-bvm/internal/modules/loader.go:807.2,810.34 4 0
github.com/ArubikU/polyloft-bvm/internal/modules/loader.go:810.34,811.12 1 0
github.com/ArubikU/polyloft-bvm/internal/modules/loader.go:811.12,813.4 1 0
github.com/ArubikU/polyloft-bvm/internal/modules/loader.go:814.3,815.24 2 0
github.com/ArubikU/polyloft-bvm/internal/modules/loader.go:815.24,818.4 2 0
github.com/ArubikU/polyloft-bvm/internal/modules/loader.go:820.2,821.26 2 0
github.com/ArubikU/polyloft-bvm/internal/modules/loader.go:821.26,824.3 2 0
github.com/ArubikU/polyloft-bvm/internal/modules/loader.go:825.2,825.25 1 0
github.com/ArubikU/polyloft-bvm/internal/modules/loader.go:828.96,829.118 1 0
github.com/ArubikU/polyloft-bvm/internal/modules/loader.go:829.118,831.3 1 0
github.com/ArubikU/polyloft-bvm/internal/modules/loader.go:832.2,833.52 2 0
github.com/ArubikU/polyloft-bvm/internal/modules/loader.go:833.52,835.3 1 0
github.com/ArubikU/polyloft-bvm/internal/modules/loader.go:836.2,837.22 2 0
github.com/ArubikU/polyloft-bvm/internal/modules/loader.go:837.22,839.3 1 0
github.com/ArubikU/polyloft-bvm/internal/modules/loader.go:840.2,841.72 2 0
github.com/ArubikU/polyloft-bvm/internal/modules/loader.go:844.63,847.14 3 0
github.com/ArubikU/polyloft-bvm/internal/modules/loader.go:847.14,849.10 2 0
github.com/ArubikU/polyloft-bvm/internal/modules/loader.go:850.22,851.19 1 0
github.com/ArubikU/polyloft-bvm/internal/modules/loader.go:851.19,853.5 1 0
github.com/ArubikU/polyloft-bvm/internal/modules/loader.go:854.4,854.9 1 0
github.com/ArubikU/polyloft-bvm/internal/modules/loader.go:855.142,857.9 2 0
github.com/ArubikU/polyloft-bvm/internal/modules/loader.go:858.11,859.18 1 0
github.com/ArubikU/polyloft-bvm/internal/modules/loader.go:862.2,862.10 1 0
github.com/ArubikU/polyloft-bvm/internal/modules/loader.go:865.68,866.41 1 0
github.com/ArubikU/polyloft-bvm/internal/modules/loader.go:866.41,867.54 1 0
github.com/ArubikU/polyloft-bvm/internal/modules/loader.go:867.54,869.4 1 0
github.com/ArubikU/polyloft-bvm/internal/modules/loader.go:871.2,871.14 1 0
github.com/ArubikU/polyloft-bvm/internal/modules/loader.go:874.47,875.20 1 0
github.com/ArubikU/polyloft-bvm/internal/modules/loader.go:875.20,877.3 1 0
github.com/ArubikU/polyloft-bvm/internal/modules/loader.go:878.2,878.28 1 0
github.com/ArubikU/polyloft-bvm/internal/modules/loader.go:878.28,880.40 2 0
github.com/ArubikU/polyloft-bvm/internal/modules/loader.go:880.40,882.4 1 0
github.com/ArubikU/polyloft-bvm/internal/modules/loader.go:883.3,883.36 1 0
github.com/ArubikU/polyloft-bvm/internal/modules/loader.go:885.2,885.22 1 0
github.com/ArubikU/polyloft-bvm/internal/modules/loader.go:885.22,886.27 1 0
github.com/ArubikU/polyloft-bvm/internal/modules/loader.go:886.27,888.4 1 0
github.com/ArubikU/polyloft-bvm/internal/modules/loader.go:889.3,889.39 1 0
github.com/ArubikU/polyloft-bvm/internal/modules/loader.go:889.39,891.4 1 0
github.com/ArubikU/polyloft-bvm/internal/modules/loader.go:892.3,892.51 1 0
github.com/ArubikU/polyloft-bvm/internal/modules/loader.go:894.2,894.28 1 0
github.com/ArubikU/polyloft-bvm/internal/modules/loader.go:894.28,896.3 1 0
github.com/ArubikU/polyloft-bvm/internal/modules/loader.go:897.2,898.35 2 0
github.com/ArubikU/polyloft-bvm/internal/modules/loader.go:898.35,900.3 1 0
github.com/ArubikU/polyloft-bvm/internal/modules/loader.go:901.2,901.67 1 0
github.com/ArubikU/polyloft-bvm/internal/modules/loader.go:914.126,924.2 1 0
github.com/ArubikU/polyloft-bvm/internal/modules/loader.go:926.93,927.20 1 0
github.com/ArubikU/polyloft-bvm/internal/modules/loader.go:927.20,929.3 1 0
github.com/ArubikU/polyloft-bvm/internal/modules/loader.go:930.2,930.57 1 0
github.com/ArubikU/polyloft-bvm/internal/modules/loader.go:930.57,932.3 1 0
github.com/ArubikU/polyloft-bvm/internal/modules/loader.go:933.2,933.44 1 0
github.com/ArubikU/polyloft-bvm/internal/modules/loader.go:933.44,934.30 1 0
github.com/ArubikU/polyloft-bvm/internal/modules/loader.go:935.23,936.47 1 0
github.com/ArubikU/polyloft-bvm/internal/modules/loader.go:936.47,937.13 1 0
github.com/ArubikU/polyloft-bvm/internal/modules/loader.go:939.4,940.11 2 0
github.com/ArubikU/polyloft-bvm/internal/modules/loader.go:940.11,942.5 1 0
github.com/ArubikU/polyloft-bvm/internal/modules/loader.go:943.4,944.18 2 0
github.com/ArubikU/polyloft-bvm/internal/modules/loader.go:944.18,946.5 1 0
github.com/ArubikU/polyloft-bvm/internal/modules/loader.go:947.4,947.21 1 0
github.com/ArubikU/polyloft-bvm/internal/modules/loader.go:948.27,949.47 1 0
github.com/ArubikU/polyloft-bvm/internal/modules/loader.go:949.47,950.13 1 0
github.com/ArubikU/polyloft-bvm/internal/modules/loader.go:952.4,953.18 2 0
github.com/ArubikU/polyloft-bvm/internal/modules/loader.go:953.18,955.5 1 0
github.com/ArubikU/polyloft-bvm/internal/modules/loader.go:956.4,956.21 1 0
github.com/ArubikU/polyloft-bvm/internal/modules/loader.go:959.2,959.23 1 0
github.com/ArubikU/polyloft-bvm/internal/modules/loader.go:959.23,961.3 1 0
github.com/ArubikU/polyloft-bvm/internal/modules/loader.go:962.2,963.17 2 0
github.com/ArubikU/polyloft-bvm/internal/modules/loader.go:966.137,969.73 3 0
github.com/ArubikU/polyloft-bvm/internal/modules/loader.go:969.73,971.3 1 0
github.com/ArubikU/polyloft-bvm/internal/modules/loader.go:972.2,972.37 1 0
github.com/ArubikU/polyloft-bvm/internal/modules/loader.go:972.37,973.39 1 0
github.com/ArubikU/polyloft-bvm/internal/modules/loader.go:973.39,975.4 1 0
github.com/ArubikU/polyloft-bvm/internal/modules/loader.go:977.2,977.31 1 0
github.com/ArubikU/polyloft-bvm/internal/modules/loader.go:977.31,978.41 1 0
github.com/ArubikU/polyloft-bvm/internal/modules/loader.go:978.41,980.11 2 0
github.com/ArubikU/polyloft-bvm/internal/modules/loader.go:980.11,982.5 1 0
github.com/ArubikU/polyloft-bvm/internal/modules/loader.go:983.4,983.71 1 0
github.com/ArubikU/polyloft-bvm/internal/modules/loader.go:985.3,985.13 1 0
github.com/ArubikU/polyloft-bvm/internal/modules/loader.go:989.2,989.63 1 0
github.com/ArubikU/polyloft-bvm/internal/modules/loader.go:989.63,992.3 2 0
github.com/ArubikU/polyloft-bvm/internal/modules/loader.go:994.2,995.58 2 0
github.com/ArubikU/polyloft-bvm/internal/modules/loader.go:998.88,999.37 1 0
github.com/ArubikU/polyloft-bvm/internal/modules/loader.go:999.37,1001.3 1 0
github.com/ArubikU/polyloft-bvm/internal/modules/loader.go:1002.2,1004.70 3 0
github.com/ArubikU/polyloft-bvm/internal/modules/loader.go:1004.70,1006.3 1 0
github.com/ArubikU/polyloft-bvm/internal/modules/loader.go:1007.2,1008.16 2 0
github.com/ArubikU/polyloft-bvm/internal/modules/loader.go:1008.16,1010.3 1 0
github.com/ArubikU/polyloft-bvm/internal/modules/loader.go:1011.2,1013.9 3 0
github.com/ArubikU/polyloft-bvm/internal/modules/loader.go:1013.9,1015.3 1 0
github.com/ArubikU/polyloft-bvm/internal/modules/loader.go:1016.2,1017.9 2 0
github.com/ArubikU/polyloft-bvm/internal/modules/loader.go:1017.9,1019.3 1 0
github.com/ArubikU/polyloft-bvm/internal/modules/loader.go:1020.2,1021.46 2 0
github.com/ArubikU/polyloft-bvm/internal/modules/loader.go:1021.46,1023.31 2 0
github.com/ArubikU/polyloft-bvm/internal/modules/loader.go:1023.31,1024.61 1 0
github.com/ArubikU/polyloft-bvm/internal/modules/loader.go:1024.61,1026.5 1 0
github.com/ArubikU/polyloft-bvm/internal/modules/loader.go:1028.3,1028.46 1 0
github.com/ArubikU/polyloft-bvm/internal/modules/loader.go:1030.2,1030.12 1 0
github.com/ArubikU/polyloft-bvm/internal/modules/loader.go:1033.102,1036.45 3 0
github.com/ArubikU/polyloft-bvm/internal/modules/loader.go:1036.45,1037.30 1 0
github.com/ArubikU/polyloft-bvm/internal/modules/loader.go:1038.29,1039.28 1 0
github.com/ArubikU/polyloft-bvm/internal/modules/loader.go:1040.32,1041.48 1 0
github.com/ArubikU/polyloft-bvm/internal/modules/loader.go:1041.48,1043.5 1 0
github.com/ArubikU/polyloft-bvm/internal/modules/loader.go:1044.30,1045.35 1 0
github.com/ArubikU/polyloft-bvm/internal/modules/loader.go:1045.35,1047.5 1 0
github.com/ArubikU/polyloft-bvm/internal/modules/loader.go:1050.2,1050.16 1 0
github.com/ArubikU/polyloft-bvm/internal/modules/loader.go:1053.64,1054.59 1 0
github.com/ArubikU/polyloft-bvm/internal/modules/loader.go:1054.59,1058.3 3 0
github.com/ArubikU/polyloft-bvm/internal/modules/loader.go:1059.2,1061.77 3 0
github.com/ArubikU/polyloft-bvm/internal/modules/loader.go:1064.48,1066.31 2 0
github.com/ArubikU/polyloft-bvm/internal/modules/loader.go:1066.31,1068.3 1 0
github.com/ArubikU/polyloft-bvm/internal/modules/loader.go:1069.2,1069.14 1 0
github.com/ArubikU/polyloft-bvm/internal/modules/loader.go:1072.124,1075.38 3 0
github.com/ArubikU/polyloft-bvm/internal/modules/loader.go:1075.38,1078.3 2 0
github.com/ArubikU/polyloft-bvm/internal/modules/loader.go:1079.2,1081.39 3 0
github.com/ArubikU/polyloft-bvm/internal/modules/loader.go:1081.39,1086.3 4 0
github.com/ArubikU/polyloft-bvm/internal/modules/loader.go:1087.2,1087.34 1 0
github.com/ArubikU/polyloft-bvm/internal/modules/loader.go:1090.105,1092.54 2 0
github.com/ArubikU/polyloft-bvm/internal/modules/loader.go:1092.54,1094.16 2 0
github.com/ArubikU/polyloft-bvm/internal/modules/loader.go:1094.16,1096.4 1 0
github.com/ArubikU/polyloft-bvm/internal/modules/loader.go:1097.3,1101.13 5 0
github.com/ArubikU/polyloft-bvm/internal/modules/loader.go:1103.2,1104.12 2 0
github.com/ArubikU/polyloft-bvm/internal/modules/loader.go:1107.61,1108.40 1 0
github.com/ArubikU/polyloft-bvm/internal/modules/loader.go:1108.40,1109.44 1 0
github.com/ArubikU/polyloft-bvm/internal/modules/loader.go:1109.44,1112.39 3 0
github.com/ArubikU/polyloft-bvm/internal/modules/loader.go:1112.39,1114.13 2 0
github.com/ArubikU/polyloft-bvm/internal/modules/loader.go:1117.3,1117.29 1 0
github.com/ArubikU/polyloft-bvm/internal/modules/loader.go:1121.78,1122.30 1 0
github.com/ArubikU/polyloft-bvm/internal/modules/loader.go:1122.30,1124.3 1 0
github.com/ArubikU/polyloft-bvm/internal/modules/loader.go:1125.2,1125.40 1 0
github.com/ArubikU/polyloft-bvm/internal/modules/loader.go:1125.40,1127.59 2 0
github.com/ArubikU/polyloft-bvm/internal/modules/loader.go:1127.59,1130.12 3 0
github.com/ArubikU/polyloft-bvm/internal/modules/loader.go:1132.3,1132.29 1 0
github.com/ArubikU/polyloft-bvm/internal/modules/loader.go:1136.92,1137.59 1 0
github.com/ArubikU/polyloft-bvm/internal/modules/loader.go:1137.59,1139.3 1 0
github.com/ArubikU/polyloft-bvm/internal/modules/loader.go:1140.2,1150.37 3 0
github.com/ArubikU/polyloft-bvm/internal/modules/loader.go:1150.37,1152.10 2 0
github.com/ArubikU/polyloft-bvm/internal/modules/loader.go:1152.10,1153.12 1 0
github.com/ArubikU/polyloft-bvm/internal/modules/loader.go:1155.3,1156.46 2 0
github.com/ArubikU/polyloft-bvm/internal/modules/loader.go:1156.46,1158.4 1 0
github.com/ArubikU/polyloft-bvm/internal/modules/loader.go:1160.2,1160.39 1 0
github.com/ArubikU/polyloft-bvm/internal/modules/loader.go:1160.39,1162.39 2 0
github.com/ArubikU/polyloft-bvm/internal/modules/loader.go:1162.39,1164.4 1 0
github.com/ArubikU/polyloft-bvm/internal/modules/loader.go:1165.3,1169.4 1 0
github.com/ArubikU/polyloft-bvm/internal/modules/loader.go:1171.2,1172.18 2 0
github.com/ArubikU/polyloft-bvm/internal/modules/loader.go:1175.100,1176.49 1 0
github.com/ArubikU/polyloft-bvm/internal/modules/loader.go:1176.49,1178.3 1 0
github.com/ArubikU/polyloft-bvm/internal/modules/loader.go:1179.2,1180.40 2 0
github.com/ArubikU/polyloft-bvm/internal/modules/loader.go:1180.40,1181.21 1 0
github.com/ArubikU/polyloft-bvm/internal/modules/loader.go:1181.21,1182.9 1 0
github.com/ArubikU/polyloft-bvm/internal/modules/loader.go:1184.3,1184.47 1 0
github.com/ArubikU/polyloft-bvm/internal/modules/loader.go:1186.2,1186.48 1 0
github.com/ArubikU/polyloft-bvm/internal/modules/loader.go:1189.96,1190.23 1 0
github.com/ArubikU/polyloft-bvm/internal/modules/loader.go:1190.23,1192.3 1 0
github.com/ArubikU/polyloft-bvm/internal/modules/loader.go:1193.2,1196.30 4 0
github.com/ArubikU/polyloft-bvm/internal/modules/loader.go:1196.30,1198.50 2 0
github.com/ArubikU/polyloft-bvm/internal/modules/loader.go:1198.50,1200.4 1 0
github.com/ArubikU/polyloft-bvm/internal/modules/loader.go:1201.3,1207.43 2 0
github.com/ArubikU/polyloft-bvm/internal/modules/loader.go:1207.43,1209.57 2 0
github.com/ArubikU/polyloft-bvm/internal/modules/loader.go:1209.57,1210.24 1 0
github.com/ArubikU/polyloft-bvm/internal/modules/loader.go:1210.24,1211.14 1 0
github.com/ArubikU/polyloft-bvm/internal/modules/loader.go:1213.5,1214.43 2 0
github.com/ArubikU/polyloft-bvm/internal/modules/loader.go:1214.43,1216.6 1 0
github.com/ArubikU/polyloft-bvm/internal/modules/loader.go:1217.5,1222.7 1 0
github.com/ArubikU/polyloft-bvm/internal/modules/loader.go:1225.3,1225.35 1 0
github.com/ArubikU/polyloft-bvm/internal/modules/loader.go:1227.2,1227.44 1 0
github.com/ArubikU/polyloft-bvm/internal/modules/loader.go:1227.44,1229.58 2 0
github.com/ArubikU/polyloft-bvm/internal/modules/loader.go:1229.58,1230.23 1 0
github.com/ArubikU/polyloft-bvm/internal/modules/loader.go:1230.23,1231.13 1 0
github.com/ArubikU/polyloft-bvm/internal/modules/loader.go:1233.4,1234.42 2 0
github.com/ArubikU/polyloft-bvm/internal/modules/loader.go:1234.42,1236.5 1 0
github.com/ArubikU/polyloft-bvm/internal/modules/loader.go:1237.4,1241.6 1 0
github.com/ArubikU/polyloft-bvm/internal/modules/loader.go:1243.3,1243.44 1 0
github.com/ArubikU/polyloft-bvm/internal/modules/loader.go:1245.2,1245.31 1 0
github.com/ArubikU/polyloft-bvm/internal/modules/loader.go:1245.31,1247.46 2 0
github.com/ArubikU/polyloft-bvm/internal/modules/loader.go:1247.46,1249.4 1 0
github.com/ArubikU/polyloft-bvm/internal/modules/loader.go:1250.3,1250.29 1 0
github.com/ArubikU/polyloft-bvm/internal/modules/loader.go:1252.2,1252.39 1 0
github.com/ArubikU/polyloft-bvm/internal/modules/loader.go:1252.39,1254.54 2 0
github.com/ArubikU/polyloft-bvm/internal/modules/loader.go:1254.54,1256.4 1 0
github.com/ArubikU/polyloft-bvm/internal/modules/loader.go:1257.3,1257.37 1 0
github.com/ArubikU/polyloft-bvm/internal/modules/loader.go:1259.2,1259.64 1 0
github.com/ArubikU/polyloft-bvm/internal/modules/loader.go:1259.64,1261.53 2 0
github.com/ArubikU/polyloft-bvm/internal/modules/loader.go:1261.53,1263.4 1 0
github.com/ArubikU/polyloft-bvm/internal/modules/loader.go:1264.3,1264.95 1 0
github.com/ArubikU/polyloft-bvm/internal/modules/loader.go:1266.2,1266.17 1 0
github.com/ArubikU/polyloft-bvm/internal/modules/loader.go:1269.80,1271.19 2 0
github.com/ArubikU/polyloft-bvm/internal/modules/loader.go:1271.19,1273.3 1 0
github.com/ArubikU/polyloft-bvm/internal/modules/loader.go:1274.2,1274.45 1 0
github.com/ArubikU/polyloft-bvm/internal/modules/loader.go:1274.45,1276.3 1 0
github.com/ArubikU/polyloft-bvm/internal/modules/loader.go:1277.2,1277.46 1 0
github.com/ArubikU/polyloft-bvm/internal/modules/loader.go:1277.46,1279.3 1 0
github.com/ArubikU/polyloft-bvm/internal/modules/loader.go:1280.2,1280.44 1 0
github.com/ArubikU/polyloft-bvm/internal/modules/loader.go:1280.44,1282.3 1 0
github.com/ArubikU/polyloft-bvm/internal/modules/loader.go:1283.2,1283.20 1 0
github.com/ArubikU/polyloft-bvm/internal/modules/loader.go:1283.20,1285.3 1 0
github.com/ArubikU/polyloft-bvm/internal/modules/loader.go:1286.2,1286.66 1 0
github.com/ArubikU/polyloft-bvm/internal/modules/loader.go:1286.66,1288.30 2 0
github.com/ArubikU/polyloft-bvm/internal/modules/loader.go:1288.30,1290.4 1 0
github.com/ArubikU/polyloft-bvm/internal/modules/loader.go:1291.3,1291.40 1 0
github.com/ArubikU/polyloft-bvm/internal/modules/loader.go:1293.2,1294.20 2 0
github.com/ArubikU/polyloft-bvm/internal/modules/loader.go:1294.20,1296.3 1 0
github.com/ArubikU/polyloft-bvm/internal/modules/loader.go:1297.2,1298.27 2 0
github.com/ArubikU/polyloft-bvm/internal/modules/loader.go:1298.27,1300.3 1 0
github.com/ArubikU/polyloft-bvm/internal/modules/loader.go:1301.2,1301.61 1 0
github.com/ArubikU/polyloft-bvm/internal/modules/loader.go:1304.110,1305.59 1 0
github.com/ArubikU/polyloft-bvm/internal/modules/loader.go:1305.59,1307.3 1 0
github.com/ArubikU/polyloft-bvm/internal/modules/loader.go:1308.2,1315.25 8 0
github.com/ArubikU/polyloft-bvm/internal/modules/loader.go:1315.25,1317.3 1 0
github.com/ArubikU/polyloft-bvm/internal/modules/loader.go:1318.2,1318.33 1 0
github.com/ArubikU/polyloft-bvm/internal/modules/loader.go:1318.33,1320.3 1 0
github.com/ArubikU/polyloft-bvm/internal/modules/loader.go:1321.2,1322.43 2 0
github.com/ArubikU/polyloft-bvm/internal/modules/loader.go:1322.43,1323.27 1 0
github.com/ArubikU/polyloft-bvm/internal/modules/loader.go:1323.27,1325.12 2 0
github.com/ArubikU/polyloft-bvm/internal/modules/loader.go:1327.3,1328.39 2 0
github.com/ArubikU/polyloft-bvm/internal/modules/loader.go:1328.39,1330.4 1 0
github.com/ArubikU/polyloft-bvm/internal/modules/loader.go:1331.3,1337.73 2 0
github.com/ArubikU/polyloft-bvm/internal/modules/loader.go:1337.73,1338.43 1 0
github.com/ArubikU/polyloft-bvm/internal/modules/loader.go:1338.43,1340.5 1 0
github.com/ArubikU/polyloft-bvm/internal/modules/loader.go:1340.10,1340.42 1 0
github.com/ArubikU/polyloft-bvm/internal/modules/loader.go:1340.42,1342.5 1 0
github.com/ArubikU/polyloft-bvm/internal/modules/loader.go:1344.3,1344.20 1 0
github.com/ArubikU/polyloft-bvm/internal/modules/loader.go:1344.20,1345.60 1 0
github.com/ArubikU/polyloft-bvm/internal/modules/loader.go:1345.60,1347.5 1 0
github.com/ArubikU/polyloft-bvm/internal/modules/loader.go:1348.4,1349.12 2 0
github.com/ArubikU/polyloft-bvm/internal/modules/loader.go:1351.3,1351.67 1 0
github.com/ArubikU/polyloft-bvm/internal/modules/loader.go:1351.67,1353.4 1 0
github.com/ArubikU/polyloft-bvm/internal/modules/loader.go:1354.3,1354.56 1 0
github.com/ArubikU/polyloft-bvm/internal/modules/loader.go:1356.2,1356.18 1 0
github.com/ArubikU/polyloft-bvm/internal/modules/loader.go:1359.80,1360.17 1 0
github.com/ArubikU/polyloft-bvm/internal/modules/loader.go:1360.17,1362.3 1 0
github.com/ArubikU/polyloft-bvm/internal/modules/loader.go:1363.2,1369.29 2 0
github.com/ArubikU/polyloft-bvm/internal/modules/loader.go:1369.29,1371.43 2 0
github.com/ArubikU/polyloft-bvm/internal/modules/loader.go:1371.43,1372.23 1 0
github.com/ArubikU/polyloft-bvm/internal/modules/loader.go:1372.23,1373.13 1 0
github.com/ArubikU/polyloft-bvm/internal/modules/loader.go:1375.4,1380.6 1 0
github.com/ArubikU/polyloft-bvm/internal/modules/loader.go:1383.2,1383.17 1 0
github.com/ArubikU/polyloft-bvm/internal/modules/loader.go:1386.99,1387.57 1 0
github.com/ArubikU/polyloft-bvm/internal/modules/loader.go:1387.57,1389.3 1 0
github.com/ArubikU/polyloft-bvm/internal/modules/loader.go:1390.2,1391.42 2 0
github.com/ArubikU/polyloft-bvm/internal/modules/loader.go:1391.42,1392.56 1 0
github.com/ArubikU/polyloft-bvm/internal/modules/loader.go:1392.56,1393.23 1 0
github.com/ArubikU/polyloft-bvm/internal/modules/loader.go:1393.23,1394.13 1 0
github.com/ArubikU/polyloft-bvm/internal/modules/loader.go:1396.4,1396.62 1 0
github.com/ArubikU/polyloft-bvm/internal/modules/loader.go:1398.8,1400.3 1 0
github.com/ArubikU/polyloft-bvm/internal/modules/loader.go:1401.2,1401.41 1 0
github.com/ArubikU/polyloft-bvm/internal/modules/loader.go:1401.41,1402.55 1 0
github.com/ArubikU/polyloft-bvm/internal/modules/loader.go:1402.55,1403.23 1 0
github.com/ArubikU/polyloft-bvm/internal/modules/loader.go:1403.23,1404.13 1 0
github.com/ArubikU/polyloft-bvm/internal/modules/loader.go:1406.4,1406.62 1 0
github.com/ArubikU/polyloft-bvm/internal/modules/loader.go:1408.8,1410.3 1 0
github.com/ArubikU/polyloft-bvm/internal/modules/loader.go:1411.2,1414.16 4 0
github.com/ArubikU/polyloft-bvm/internal/modules/loader.go:1417.51,1418.23 1 0
github.com/ArubikU/polyloft-bvm/internal/modules/loader.go:1418.23,1420.3 1 0
github.com/ArubikU/polyloft-bvm/internal/modules/loader.go:1421.2,1422.33 2 0
github.com/ArubikU/polyloft-bvm/internal/modules/loader.go:1422.33,1424.3 1 0
github.com/ArubikU/polyloft-bvm/internal/modules/loader.go:1425.2,1425.14 1 0
github.com/ArubikU/polyloft-bvm/internal/modules/loader.go:1428.78,1430.42 2 0
github.com/ArubikU/polyloft-bvm/internal/modules/loader.go:1430.42,1431.49 1 0
github.com/ArubikU/polyloft-bvm/internal/modules/loader.go:1431.49,1433.4 1 0
github.com/ArubikU/polyloft-bvm/internal/modules/loader.go:1435.2,1435.16 1 0
github.com/ArubikU/polyloft-bvm/internal/modules/loader.go:1438.69,1439.20 1 0
github.com/ArubikU/polyloft-bvm/internal/modules/loader.go:1439.20,1441.3 1 0
github.com/ArubikU/polyloft-bvm/internal/modules/loader.go:1442.2,1442.28 1 0
github.com/ArubikU/polyloft-bvm/internal/modules/loader.go:1442.28,1444.40 2 0
github.com/ArubikU/polyloft-bvm/internal/modules/loader.go:1444.40,1446.4 1 0
github.com/ArubikU/polyloft-bvm/internal/modules/loader.go:1447.3,1447.37 1 0
github.com/ArubikU/polyloft-bvm/internal/modules/loader.go:1449.2,1449.22 1 0
github.com/ArubikU/polyloft-bvm/internal/modules/loader.go:1449.22,1451.3 1 0
github.com/ArubikU/polyloft-bvm/internal/modules/loader.go:1452.2,1452.57 1 0
github.com/ArubikU/polyloft-bvm/internal/modules/loader.go:1452.57,1454.3 1 0
github.com/ArubikU/polyloft-bvm/internal/modules/loader.go:1455.2,1456.28 2 0
github.com/ArubikU/polyloft-bvm/internal/modules/loader.go:1456.28,1458.3 1 0
github.com/ArubikU/polyloft-bvm/internal/modules/loader.go:1459.2,1460.35 2 0
github.com/ArubikU/polyloft-bvm/internal/modules/loader.go:1460.35,1462.3 1 0
github.com/ArubikU/polyloft-bvm/internal/modules/loader.go:1463.2,1463.53 1 0
github.com/ArubikU/polyloft-bvm/internal/modules/loader.go:1466.50,1467.14 1 0
github.com/ArubikU/polyloft-bvm/internal/modules/loader.go:1468.13,1469.28 1 0
github.com/ArubikU/polyloft-bvm/internal/modules/loader.go:1470.15,1471.30 1 0
github.com/ArubikU/polyloft-bvm/internal/modules/loader.go:1472.16,1473.31 1 0
github.com/ArubikU/polyloft-bvm/internal/modules/loader.go:1474.14,1475.29 1 0
github.com/ArubikU/polyloft-bvm/internal/modules/loader.go:1476.14,1477.29 1 0
github.com/ArubikU/polyloft-bvm/internal/modules/loader.go:1478.16,1479.31 1 0
github.com/ArubikU/polyloft-bvm/internal/modules/loader.go:1480.16,1481.31 1 0
github.com/ArubikU/polyloft-bvm/internal/modules/loader.go:1482.14,1483.29 1 0
github.com/ArubikU/polyloft-bvm/internal/modules/loader.go:1484.13,1485.28 1 0
github.com/ArubikU/polyloft-bvm/internal/modules/loader.go:1486.15,1487.30 1 0
github.com/ArubikU/polyloft-bvm/internal/modules/loader.go:1488.13,1489.28 1 0
github.com/ArubikU/polyloft-bvm/internal/modules/loader.go:1490.15,1491.30 1 0
github.com/ArubikU/polyloft-bvm/internal/modules/loader.go:1492.15,1493.30 1 0
github.com/ArubikU/polyloft-bvm/internal/modules/loader.go:1494.17,1495.28 1 0
github.com/ArubikU/polyloft-bvm/internal/modules/loader.go:1496.13,1497.28 1 0
github.com/ArubikU/polyloft-bvm/internal/modules/loader.go:1498.10,1499.14 1 0
github.com/ArubikU/polyloft-bvm/internal/modules/loader.go:1503.55,1504.21 1 0
github.com/ArubikU/polyloft-bvm/internal/modules/loader.go:1504.21,1506.3 1 0
github.com/ArubikU/polyloft-bvm/internal/modules/loader.go:1507.2,1508.34 2 0
github.com/ArubikU/polyloft-bvm/internal/modules/loader.go:1508.34,1510.3 1 0
github.com/ArubikU/polyloft-bvm/internal/modules/loader.go:1511.2,1511.15 1 0
github.com/ArubikU/polyloft-bvm/internal/modules/loader.go:1514.61,1518.26 4 0
github.com/ArubikU/polyloft-bvm/internal/modules/loader.go:1518.26,1519.12 1 0
github.com/ArubikU/polyloft-bvm/internal/modules/loader.go:1520.12,1521.11 1 0
github.com/ArubikU/polyloft-bvm/internal/modules/loader.go:1522.12,1523.17 1 0
github.com/ArubikU/polyloft-bvm/internal/modules/loader.go:1523.17,1525.5 1 0
github.com/ArubikU/polyloft-bvm/internal/modules/loader.go:1526.11,1527.30 1 0
github.com/ArubikU/polyloft-bvm/internal/modules/loader.go:1527.30,1530.5 2 0
github.com/ArubikU/polyloft-bvm/internal/modules/loader.go:1533.2,1533.16 1 0
github.com/ArubikU/polyloft-bvm/internal/modules/loader.go:1533.16,1535.3 1 0
github.com/ArubikU/polyloft-bvm/internal/modules/loader.go:1536.2,1537.14 2 0
github.com/ArubikU/polyloft-bvm/internal/modules/loader.go:1540.59,1542.29 2 0
github.com/ArubikU/polyloft-bvm/internal/modules/loader.go:1542.29,1543.15 1 0
github.com/ArubikU/polyloft-bvm/internal/modules/loader.go:1543.15,1545.9 2 0
github.com/ArubikU/polyloft-bvm/internal/modules/loader.go:1548.2,1548.73 1 0
github.com/ArubikU/polyloft-bvm/internal/modules/loader.go:1548.73,1550.3 1 0
github.com/ArubikU/polyloft-bvm/internal/modules/loader.go:1551.2,1551.107 1 0
github.com/ArubikU/polyloft-bvm/internal/modules/loader.go:1554.54,1555.22 1 0
github.com/ArubikU/polyloft-bvm/internal/modules/loader.go:1555.22,1557.3 1 0
github.com/ArubikU/polyloft-bvm/internal/modules/loader.go:1558.2,1559.31 2 0
github.com/ArubikU/polyloft-bvm/internal/modules/loader.go:1559.31,1561.3 1 0
github.com/ArubikU/polyloft-bvm/internal/modules/loader.go:1562.2,1562.14 1 0
github.com/ArubikU/polyloft-bvm/internal/modules/project.go:38.54,40.16 2 0
github.com/ArubikU/polyloft-bvm/internal/modules/project.go:40.16,42.3 1 0
github.com/ArubikU/polyloft-bvm/internal/modules/project.go:43.2,44.16 2 0
github.com/ArubikU/polyloft-bvm/internal/modules/project.go:44.16,46.3 1 0
github.com/ArubikU/polyloft-bvm/internal/modules/project.go:47.2,47.80 1 0
github.com/ArubikU/polyloft-bvm/internal/modules/project.go:47.80,49.17 2 0
github.com/ArubikU/polyloft-bvm/internal/modules/project.go:49.17,51.4 1 0
github.com/ArubikU/polyloft-bvm/internal/modules/project.go:52.3,52.85 1 0
github.com/ArubikU/polyloft-bvm/internal/modules/project.go:54.2,54.21 1 0
github.com/ArubikU/polyloft-bvm/internal/modules/project.go:57.64,59.16 2 0
github.com/ArubikU/polyloft-bvm/internal/modules/project.go:59.16,61.3 1 0
github.com/ArubikU/polyloft-bvm/internal/modules/project.go:62.2,63.16 2 0
github.com/ArubikU/polyloft-bvm/internal/modules/project.go:63.16,65.3 1 0
github.com/ArubikU/polyloft-bvm/internal/modules/project.go:66.2,67.18 2 0
github.com/ArubikU/polyloft-bvm/internal/modules/project.go:67.18,69.3 1 0
github.com/ArubikU/polyloft-bvm/internal/modules/project.go:70.2,70.68 1 0
github.com/ArubikU/polyloft-bvm/internal/modules/project.go:70.68,72.3 1 0
github.com/ArubikU/polyloft-bvm/internal/modules/project.go:73.2,74.16 2 0
github.com/ArubikU/polyloft-bvm/internal/modules/project.go:74.16,76.3 1 0
github.com/ArubikU/polyloft-bvm/internal/modules/project.go:77.2,77.77 1 0
github.com/ArubikU/polyloft-bvm/internal/modules/project.go:80.103,85.57 5 0
github.com/ArubikU/polyloft-bvm/internal/modules/project.go:85.57,87.55 2 0
github.com/ArubikU/polyloft-bvm/internal/modules/project.go:87.55,88.12 1 0
github.com/ArubikU/polyloft-bvm/internal/modules/project.go:90.3,90.39 1 0
github.com/ArubikU/polyloft-bvm/internal/modules/project.go:90.39,93.12 3 0
github.com/ArubikU/polyloft-bvm/internal/modules/project.go:95.3,95.49 1 0
github.com/ArubikU/polyloft-bvm/internal/modules/project.go:95.49,96.21 1 0
github.com/ArubikU/polyloft-bvm/internal/modules/project.go:96.21,97.13 1 0
github.com/ArubikU/polyloft-bvm/internal/modules/project.go:99.4,100.23 2 0
github.com/ArubikU/polyloft-bvm/internal/modules/project.go:100.23,101.13 1 0
github.com/ArubikU/polyloft-bvm/internal/modules/project.go:103.4,106.15 4 0
github.com/ArubikU/polyloft-bvm/internal/modules/project.go:107.16,109.58 2 0
github.com/ArubikU/polyloft-bvm/internal/modules/project.go:109.58,111.6 1 0
github.com/ArubikU/polyloft-bvm/internal/modules/project.go:112.19,113.36 1 0
github.com/ArubikU/polyloft-bvm/internal/modules/project.go:113.36,115.6 1 0
github.com/ArubikU/polyloft-bvm/internal/modules/project.go:117.4,117.12 1 0
github.com/ArubikU/polyloft-bvm/internal/modules/project.go:119.3,121.22 3 0
github.com/ArubikU/polyloft-bvm/internal/modules/project.go:121.22,122.12 1 0
github.com/ArubikU/polyloft-bvm/internal/modules/project.go:124.3,126.8 3 0
github.com/ArubikU/polyloft-bvm/internal/modules/project.go:128.2,128.22 1 0
github.com/ArubikU/polyloft-bvm/internal/modules/project.go:128.22,130.3 1 0
github.com/ArubikU/polyloft-bvm/internal/modules/project.go:131.2,131.116 1 0
github.com/ArubikU/polyloft-bvm/internal/modules/project.go:134.101,136.16 2 0
github.com/ArubikU/polyloft-bvm/internal/modules/project.go:136.16,138.3 1 0
github.com/ArubikU/polyloft-bvm/internal/modules/project.go:139.2,140.16 2 0
github.com/ArubikU/polyloft-bvm/internal/modules/project.go:140.16,142.3 1 0
github.com/ArubikU/polyloft-bvm/internal/modules/project.go:143.2,144.54 2 0
github.com/ArubikU/polyloft-bvm/internal/modules/project.go:144.54,146.3 1 0
github.com/ArubikU/polyloft-bvm/internal/modules/project.go:147.2,148.16 2 0
github.com/ArubikU/polyloft-bvm/internal/modules/project.go:148.16,150.3 1 0
github.com/ArubikU/polyloft-bvm/internal/modules/project.go:151.2,151.26 1 0
github.com/ArubikU/polyloft-bvm/internal/modules/project.go:154.55,156.16 2 0
github.com/ArubikU/polyloft-bvm/internal/modules/project.go:156.16,158.3 1 0
github.com/ArubikU/polyloft-bvm/internal/modules/project.go:159.2,160.16 2 0
github.com/ArubikU/polyloft-bvm/internal/modules/project.go:160.16,162.3 1 0
github.com/ArubikU/polyloft-bvm/internal/modules/project.go:163.2,164.54 2 0
github.com/ArubikU/polyloft-bvm/internal/modules/project.go:164.54,166.3 1 0
github.com/ArubikU/polyloft-bvm/internal/modules/project.go:167.2,167.12 1 0
github.com/ArubikU/polyloft-bvm/internal/modules/project.go:170.129,172.16 2 0
github.com/ArubikU/polyloft-bvm/internal/modules/project.go:172.16,174.3 1 0
github.com/ArubikU/polyloft-bvm/internal/modules/project.go:175.2,176.16 2 0
github.com/ArubikU/polyloft-bvm/internal/modules/project.go:176.16,178.3 1 0
github.com/ArubikU/polyloft-bvm/internal/modules/project.go:179.2,180.16 2 0
github.com/ArubikU/polyloft-bvm/internal/modules/project.go:180.16,182.3 1 0
github.com/ArubikU/polyloft-bvm/internal/modules/project.go:183.2,183.54 1 0
github.com/ArubikU/polyloft-bvm/internal/modules/project.go:183.54,185.3 1 0
github.com/ArubikU/polyloft-bvm/internal/modules/project.go:186.2,187.16 2 0
github.com/ArubikU/polyloft-bvm/internal/modules/project.go:187.16,189.3 1 0
github.com/ArubikU/polyloft-bvm/internal/modules/project.go:190.2,190.26 1 0
github.com/ArubikU/polyloft-bvm/internal/modules/project.go:193.83,195.16 2 0
github.com/ArubikU/polyloft-bvm/internal/modules/project.go:195.16,197.3 1 0
github.com/ArubikU/polyloft-bvm/internal/modules/project.go:198.2,199.16 2 0
github.com/ArubikU/polyloft-bvm/internal/modules/project.go:199.16,201.3 1 0
github.com/ArubikU/polyloft-bvm/internal/modules/project.go:202.2,203.16 2 0
github.com/ArubikU/polyloft-bvm/internal/modules/project.go:203.16,205.3 1 0
github.com/ArubikU/polyloft-bvm/internal/modules/project.go:206.2,206.54 1 0
github.com/ArubikU/polyloft-bvm/internal/modules/project.go:206.54,208.3 1 0
github.com/ArubikU/polyloft-bvm/internal/modules/project.go:209.2,209.12 1 0
github.com/ArubikU/polyloft-bvm/internal/modules/project.go:212.47,214.16 2 0
github.com/ArubikU/polyloft-bvm/internal/modules/project.go:214.16,216.3 1 0
github.com/ArubikU/polyloft-bvm/internal/modules/project.go:217.2,217.21 1 0
github.com/ArubikU/polyloft-bvm/internal/modules/project.go:220.62,221.42 1 0
github.com/ArubikU/polyloft-bvm/internal/modules/project.go:221.42,223.17 2 0
github.com/ArubikU/polyloft-bvm/internal/modules/project.go:223.17,225.4 1 0
github.com/ArubikU/polyloft-bvm/internal/modules/project.go:226.3,226.50 1 0
github.com/ArubikU/polyloft-bvm/internal/modules/project.go:228.2,228.33 1 0
github.com/ArubikU/polyloft-bvm/internal/modules/project.go:228.33,230.3 1 0
github.com/ArubikU/polyloft-bvm/internal/modules/project.go:231.2,231.34 1 0
github.com/ArubikU/polyloft-bvm/internal/modules/project.go:234.74,236.16 2 0
github.com/ArubikU/polyloft-bvm/internal/modules/project.go:236.16,238.3 1 0
github.com/ArubikU/polyloft-bvm/internal/modules/project.go:239.2,240.16 2 0
github.com/ArubikU/polyloft-bvm/internal/modules/project.go:240.16,242.3 1 0
github.com/ArubikU/polyloft-bvm/internal/modules/project.go:243.2,243.37 1 0
github.com/ArubikU/polyloft-bvm/internal/modules/project.go:246.76,248.16 2 0
github.com/ArubikU/polyloft-bvm/internal/modules/project.go:248.16,250.3 1 0
github.com/ArubikU/polyloft-bvm/internal/modules/project.go:251.2,252.16 2 0
github.com/ArubikU/polyloft-bvm/internal/modules/project.go:252.16,254.3 1 0
github.com/ArubikU/polyloft-bvm/internal/modules/project.go:255.2,255.60 1 0
github.com/ArubikU/polyloft-bvm/internal/modules/project.go:258.66,260.16 2 0
github.com/ArubikU/polyloft-bvm/internal/modules/project.go:260.16,262.3 1 0
github.com/ArubikU/polyloft-bvm/internal/modules/project.go:263.2,265.16 3 0
github.com/ArubikU/polyloft-bvm/internal/modules/project.go:265.16,267.3 1 0
github.com/ArubikU/polyloft-bvm/internal/modules/project.go:268.2,268.16 1 0
github.com/ArubikU/polyloft-bvm/internal/modules/project.go:271.98,273.16 2 0
github.com/ArubikU/polyloft-bvm/internal/modules/project.go:273.16,275.3 1 0
github.com/ArubikU/polyloft-bvm/internal/modules/project.go:276.2,277.16 2 0
github.com/ArubikU/polyloft-bvm/internal/modules/project.go:277.16,279.3 1 0
github.com/ArubikU/polyloft-bvm/internal/modules/project.go:280.2,282.35 3 0
github.com/ArubikU/polyloft-bvm/internal/modules/project.go:282.35,283.53 1 0
github.com/ArubikU/polyloft-bvm/internal/modules/project.go:283.53,284.12 1 0
github.com/ArubikU/polyloft-bvm/internal/modules/project.go:286.3,287.17 2 0
github.com/ArubikU/polyloft-bvm/internal/modules/project.go:287.17,289.4 1 0
github.com/ArubikU/polyloft-bvm/internal/modules/project.go:290.3,292.17 3 0
github.com/ArubikU/polyloft-bvm/internal/modules/project.go:292.17,294.4 1 0
github.com/ArubikU/polyloft-bvm/internal/modules/project.go:295.3,296.17 2 0
github.com/ArubikU/polyloft-bvm/internal/modules/project.go:296.17,298.4 1 0
github.com/ArubikU/polyloft-bvm/internal/modules/project.go:299.3,300.8 2 0
github.com/ArubikU/polyloft-bvm/internal/modules/project.go:302.2,302.20 1 0
github.com/ArubikU/polyloft-bvm/internal/modules/project.go:302.20,303.36 1 0
github.com/ArubikU/polyloft-bvm/internal/modules/project.go:303.36,304.49 1 0
github.com/ArubikU/polyloft-bvm/internal/modules/project.go:304.49,305.13 1 0
github.com/ArubikU/polyloft-bvm/internal/modules/project.go:307.4,308.18 2 0
github.com/ArubikU/polyloft-bvm/internal/modules/project.go:308.18,310.5 1 0
github.com/ArubikU/polyloft-bvm/internal/modules/project.go:311.4,313.18 3 0
github.com/ArubikU/polyloft-bvm/internal/modules/project.go:313.18,315.5 1 0
github.com/ArubikU/polyloft-bvm/internal/modules/project.go:316.4,317.18 2 0
github.com/ArubikU/polyloft-bvm/internal/modules/project.go:317.18,319.5 1 0
github.com/ArubikU/polyloft-bvm/internal/modules/project.go:320.4,321.9 2 0
github.com/ArubikU/polyloft-bvm/internal/modules/project.go:324.2,324.20 1 0
github.com/ArubikU/polyloft-bvm/internal/modules/project.go:324.20,326.3 1 0
github.com/ArubikU/polyloft-bvm/internal/modules/project.go:327.2,328.16 2 0
github.com/ArubikU/polyloft-bvm/internal/modules/project.go:328.16,330.3 1 0
github.com/ArubikU/polyloft-bvm/internal/modules/project.go:331.2,332.53 2 0
github.com/ArubikU/polyloft-bvm/internal/modules/project.go:335.75,337.16 2 0
github.com/ArubikU/polyloft-bvm/internal/modules/project.go:337.16,339.3 1 0
github.com/ArubikU/polyloft-bvm/internal/modules/project.go:340.2,341.16 2 0
github.com/ArubikU/polyloft-bvm/internal/modules/project.go:341.16,343.3 1 0
github.com/ArubikU/polyloft-bvm/internal/modules/project.go:344.2,346.16 3 0
github.com/ArubikU/polyloft-bvm/internal/modules/project.go:346.16,348.3 1 0
github.com/ArubikU/polyloft-bvm/internal/modules/project.go:349.2,350.16 2 0
github.com/ArubikU/polyloft-bvm/internal/modules/project.go:350.16,352.3 1 0
github.com/ArubikU/polyloft-bvm/internal/modules/project.go:353.2,353.71 1 0
github.com/ArubikU/polyloft-bvm/internal/modules/project.go:353.71,355.3 1 0
github.com/ArubikU/polyloft-bvm/internal/modules/project.go:356.2,357.16 2 0
github.com/ArubikU/polyloft-bvm/internal/modules/project.go:357.16,359.3 1 0
github.com/ArubikU/polyloft-bvm/internal/modules/project.go:360.2,361.41 2 0
github.com/ArubikU/polyloft-bvm/internal/modules/project.go:361.41,363.17 2 0
github.com/ArubikU/polyloft-bvm/internal/modules/project.go:363.17,365.4 1 0
github.com/ArubikU/polyloft-bvm/internal/modules/project.go:366.3,368.17 3 0
github.com/ArubikU/polyloft-bvm/internal/modules/project.go:368.17,370.4 1 0
github.com/ArubikU/polyloft-bvm/internal/modules/project.go:371.3,372.17 2 0
github.com/ArubikU/polyloft-bvm/internal/modules/project.go:372.17,374.4 1 0
github.com/ArubikU/polyloft-bvm/internal/modules/project.go:375.3,376.17 2 0
github.com/ArubikU/polyloft-bvm/internal/modules/project.go:376.17,378.4 1 0
github.com/ArubikU/polyloft-bvm/internal/modules/project.go:379.3,379.86 1 0
github.com/ArubikU/polyloft-bvm/internal/modules/project.go:379.86,381.4 1 0
github.com/ArubikU/polyloft-bvm/internal/modules/project.go:383.2,383.116 1 0
github.com/ArubikU/polyloft-bvm/internal/modules/project.go:383.116,385.3 1 0
github.com/ArubikU/polyloft-bvm/internal/modules/project.go:386.2,386.23 1 0
github.com/ArubikU/polyloft-bvm/internal/modules/project.go:389.51,391.16 2 0
github.com/ArubikU/polyloft-bvm/internal/modules/project.go:391.16,393.3 1 0
github.com/ArubikU/polyloft-bvm/internal/modules/project.go:394.2,399.8 1 0
github.com/ArubikU/polyloft-bvm/internal/modules/project.go:402.62,404.85 2 0
github.com/ArubikU/polyloft-bvm/internal/modules/project.go:404.85,405.17 1 0
github.com/ArubikU/polyloft-bvm/internal/modules/project.go:405.17,407.4 1 0
github.com/ArubikU/polyloft-bvm/internal/modules/project.go:408.3,408.16 1 0
github.com/ArubikU/polyloft-bvm/internal/modules/project.go:408.16,410.42 2 0
github.com/ArubikU/polyloft-bvm/internal/modules/project.go:410.42,412.5 1 0
github.com/ArubikU/polyloft-bvm/internal/modules/project.go:413.4,413.14 1 0
github.com/ArubikU/polyloft-bvm/internal/modules/project.go:415.3,415.34 1 0
github.com/ArubikU/polyloft-bvm/internal/modules/project.go:415.34,417.4 1 0
github.com/ArubikU/polyloft-bvm/internal/modules/project.go:418.3,419.13 2 0
github.com/ArubikU/polyloft-bvm/internal/modules/project.go:421.2,421.16 1 0
github.com/ArubikU/polyloft-bvm/internal/modules/project.go:421.16,423.3 1 0
github.com/ArubikU/polyloft-bvm/internal/modules/project.go:424.2,425.21 2 0
github.com/ArubikU/polyloft-bvm/internal/modules/project.go:428.77,429.36 1 0
github.com/ArubikU/polyloft-bvm/internal/modules/project.go:429.36,431.3 1 0
github.com/ArubikU/polyloft-bvm/internal/modules/project.go:432.2,433.16 2 0
github.com/ArubikU/polyloft-bvm/internal/modules/project.go:433.16,435.3 1 0
github.com/ArubikU/polyloft-bvm/internal/modules/project.go:436.2,436.76 1 0
github.com/ArubikU/polyloft-bvm/internal/modules/project.go:439.90,443.40 4 0
github.com/ArubikU/polyloft-bvm/internal/modules/project.go:443.40,445.17 2 0
github.com/ArubikU/polyloft-bvm/internal/modules/project.go:445.17,447.4 1 0
github.com/ArubikU/polyloft-bvm/internal/modules/project.go:448.3,448.43 1 0
github.com/ArubikU/polyloft-bvm/internal/modules/project.go:448.43,449.55 1 0
github.com/ArubikU/polyloft-bvm/internal/modules/project.go:449.55,450.13 1 0
github.com/ArubikU/polyloft-bvm/internal/modules/project.go:452.4,454.42 3 0
github.com/ArubikU/polyloft-bvm/internal/modules/project.go:454.42,456.5 1 0
github.com/ArubikU/polyloft-bvm/internal/modules/project.go:458.3,458.13 1 0
github.com/ArubikU/polyloft-bvm/internal/modules/project.go:460.2,460.41 1 0
github.com/ArubikU/polyloft-bvm/internal/modules/project.go:460.41,461.43 1 0
github.com/ArubikU/polyloft-bvm/internal/modules/project.go:461.43,463.4 1 0
github.com/ArubikU/polyloft-bvm/internal/modules/project.go:465.2,466.27 2 0
github.com/ArubikU/polyloft-bvm/internal/modules/project.go:469.100,471.22 2 0
github.com/ArubikU/polyloft-bvm/internal/modules/project.go:471.22,473.3 1 0
github.com/ArubikU/polyloft-bvm/internal/modules/project.go:474.2,474.38 1 0
github.com/ArubikU/polyloft-bvm/internal/modules/project.go:474.38,476.3 1 0
github.com/ArubikU/polyloft-bvm/internal/modules/project.go:477.2,477.31 1 0
github.com/ArubikU/polyloft-bvm/internal/modules/project.go:480.89,481.20 1 0
github.com/ArubikU/polyloft-bvm/internal/modules/project.go:481.20,483.3 1 0
github.com/ArubikU/polyloft-bvm/internal/modules/project.go:484.2,485.56 2 0
github.com/ArubikU/polyloft-bvm/internal/modules/project.go:485.56,487.3 1 0
github.com/ArubikU/polyloft-bvm/internal/modules/project.go:488.2,489.47 2 0
github.com/ArubikU/polyloft-bvm/internal/modules/project.go:489.47,491.3 1 0
github.com/ArubikU/polyloft-bvm/internal/modules/project.go:492.2,492.39 1 0
github.com/ArubikU/polyloft-bvm/internal/modules/project.go:495.78,498.2 2 0
github.com/ArubikU/polyloft-bvm/internal/modules/project.go:500.52,502.16 2 0
github.com/ArubikU/polyloft-bvm/internal/modules/project.go:502.16,504.3 1 0
github.com/ArubikU/polyloft-bvm/internal/modules/project.go:505.2,505.16 1 0
github.com/ArubikU/polyloft-bvm/internal/modules/stdlib.go:15.42,17.2 1 0
github.com/ArubikU/polyloft-bvm/internal/modules/stdlib.go:19.57,26.4 3 0
github.com/ArubikU/polyloft-bvm/internal/modules/stdlib.go:26.4,27.57 1 0
github.com/ArubikU/polyloft-bvm/internal/modules/stdlib.go:27.57,29.4 1 0
github.com/ArubikU/polyloft-bvm/internal/modules/stdlib.go:31.2,31.18 1 0
github.com/ArubikU/polyloft-bvm/internal/modules/stdlib.go:34.49,36.2 1 0
github.com/ArubikU/polyloft-bvm/internal/modules/stdlib.go:38.53,40.2 1 0
github.com/ArubikU/polyloft-bvm/internal/modules/types_manifest.go:102.119,104.16 2 0
github.com/ArubikU/polyloft-bvm/internal/modules/types_manifest.go:104.16,106.3 1 0
github.com/ArubikU/polyloft-bvm/internal/modules/types_manifest.go:107.2,113.40 2 0
github.com/ArubikU/polyloft-bvm/internal/modules/types_manifest.go:113.40,114.20 1 0
github.com/ArubikU/polyloft-bvm/internal/modules/types_manifest.go:114.20,115.12 1 0
github.com/ArubikU/polyloft-bvm/internal/modules/types_manifest.go:117.3,117.38 1 0
github.com/ArubikU/polyloft-bvm/internal/modules/types_manifest.go:117.38,118.12 1 0
github.com/ArubikU/polyloft-bvm/internal/modules/types_manifest.go:120.3,121.33 2 0
github.com/ArubikU/polyloft-bvm/internal/modules/types_manifest.go:123.2,123.47 1 0
github.com/ArubikU/polyloft-bvm/internal/modules/types_manifest.go:126.50,128.16 2 0
github.com/ArubikU/polyloft-bvm/internal/modules/types_manifest.go:128.16,130.3 1 0
github.com/ArubikU/polyloft-bvm/internal/modules/types_manifest.go:131.2,134.39 4 0
github.com/ArubikU/polyloft-bvm/internal/modules/types_manifest.go:134.39,138.3 3 0
github.com/ArubikU/polyloft-bvm/internal/modules/types_manifest.go:139.2,144.16 2 0
github.com/ArubikU/polyloft-bvm/internal/modules/types_manifest.go:144.16,146.3 1 0
github.com/ArubikU/polyloft-bvm/internal/modules/types_manifest.go:147.2,148.12 2 0
github.com/ArubikU/polyloft-bvm/internal/modules/types_manifest.go:151.53,158.16 3 0
github.com/ArubikU/polyloft-bvm/internal/modules/types_manifest.go:158.16,160.3 1 0
github.com/ArubikU/polyloft-bvm/internal/modules/types_manifest.go:161.2,162.12 2 0
github.com/ArubikU/polyloft-bvm/internal/modules/types_manifest.go:165.51,172.16 3 0
github.com/ArubikU/polyloft-bvm/internal/modules/types_manifest.go:172.16,174.3 1 0
github.com/ArubikU/polyloft-bvm/internal/modules/types_manifest.go:175.2,176.12 2 0
github.com/ArubikU/polyloft-bvm/internal/modules/types_manifest.go:179.132,182.38 3 0
github.com/ArubikU/polyloft-bvm/internal/modules/types_manifest.go:182.38,184.17 2 0
github.com/ArubikU/polyloft-bvm/internal/modules/types_manifest.go:184.17,186.4 1 0
github.com/ArubikU/polyloft-bvm/internal/modules/types_manifest.go:188.2,197.45 2 0
github.com/ArubikU/polyloft-bvm/internal/modules/types_manifest.go:197.45,198.32 1 0
github.com/ArubikU/polyloft-bvm/internal/modules/types_manifest.go:198.32,205.4 1 0
github.com/ArubikU/polyloft-bvm/internal/modules/types_manifest.go:206.3,206.24 1 0
github.com/ArubikU/polyloft-bvm/internal/modules/types_manifest.go:206.24,207.12 1 0
github.com/ArubikU/polyloft-bvm/internal/modules/types_manifest.go:209.3,211.24 3 0
github.com/ArubikU/polyloft-bvm/internal/modules/types_manifest.go:211.24,213.4 1 0
github.com/ArubikU/polyloft-bvm/internal/modules/types_manifest.go:214.3,215.29 2 0
github.com/ArubikU/polyloft-bvm/internal/modules/types_manifest.go:215.29,217.4 1 0
github.com/ArubikU/polyloft-bvm/internal/modules/types_manifest.go:219.2,219.32 1 0
github.com/ArubikU/polyloft-bvm/internal/modules/types_manifest.go:219.32,221.3 1 0
github.com/ArubikU/polyloft-bvm/internal/modules/types_manifest.go:222.2,222.34 1 0
github.com/ArubikU/polyloft-bvm/internal/modules/types_manifest.go:222.34,224.3 1 0
github.com/ArubikU/polyloft-bvm/internal/modules/types_manifest.go:225.2,225.30 1 0
github.com/ArubikU/polyloft-bvm/internal/modules/types_manifest.go:225.30,227.3 1 0
github.com/ArubikU/polyloft-bvm/internal/modules/types_manifest.go:228.2,228.20 1 0
github.com/ArubikU/polyloft-bvm/internal/modules/types_manifest.go:231.70,232.36 1 0
github.com/ArubikU/polyloft-bvm/internal/modules/types_manifest.go:232.36,234.3 1 0
github.com/ArubikU/polyloft-bvm/internal/modules/types_manifest.go:235.2,235.54 1 0
github.com/ArubikU/polyloft-bvm/internal/modules/types_manifest.go:238.73,239.36 1 0
github.com/ArubikU/polyloft-bvm/internal/modules/types_manifest.go:239.36,241.3 1 0
github.com/ArubikU/polyloft-bvm/internal/modules/types_manifest.go:242.2,243.16 2 0
github.com/ArubikU/polyloft-bvm/internal/modules/types_manifest.go:243.16,245.3 1 0
github.com/ArubikU/polyloft-bvm/internal/modules/types_manifest.go:246.2,246.34 1 0
github.com/ArubikU/polyloft-bvm/internal/modules/types_manifest.go:249.71,250.36 1 0
github.com/ArubikU/polyloft-bvm/internal/modules/types_manifest.go:250.36,252.3 1 0
github.com/ArubikU/polyloft-bvm/internal/modules/types_manifest.go:253.2,253.81 1 0
github.com/ArubikU/polyloft-bvm/internal/modules/types_manifest.go:256.72,257.23 1 0
github.com/ArubikU/polyloft-bvm/internal/modules/types_manifest.go:257.23,259.3 1 0
github.com/ArubikU/polyloft-bvm/internal/modules/types_manifest.go:260.2,261.35 2 0
github.com/ArubikU/polyloft-bvm/internal/modules/types_manifest.go:261.35,263.3 1 0
github.com/ArubikU/polyloft-bvm/internal/modules/types_manifest.go:264.2,265.15 2 0
github.com/ArubikU/polyloft-bvm/internal/modules/types_manifest.go:268.63,271.2 2 0
github.com/ArubikU/polyloft-bvm/internal/modules/types_manifest.go:273.58,276.40 3 0
github.com/ArubikU/polyloft-bvm/internal/modules/types_manifest.go:276.40,278.3 1 0
github.com/ArubikU/polyloft-bvm/internal/modules/types_manifest.go:278.8,280.67 2 0
github.com/ArubikU/polyloft-bvm/internal/modules/types_manifest.go:280.67,282.4 1 0
github.com/ArubikU/polyloft-bvm/internal/modules/types_manifest.go:284.2,284.44 1 0
github.com/ArubikU/polyloft-bvm/internal/modules/types_manifest.go:287.57,289.16 2 0
github.com/ArubikU/polyloft-bvm/internal/modules/types_manifest.go:289.16,291.3 1 0
github.com/ArubikU/polyloft-bvm/internal/modules/types_manifest.go:292.2,293.16 2 0
github.com/ArubikU/polyloft-bvm/internal/modules/types_manifest.go:293.16,295.3 1 0
github.com/ArubikU/polyloft-bvm/internal/modules/types_manifest.go:296.2,297.41 2 0
github.com/ArubikU/polyloft-bvm/internal/modules/types_manifest.go:297.41,299.17 2 0
github.com/ArubikU/polyloft-bvm/internal/modules/types_manifest.go:299.17,301.4 1 0
github.com/ArubikU/polyloft-bvm/internal/modules/types_manifest.go:302.3,302.34 1 0
github.com/ArubikU/polyloft-bvm/internal/modules/types_manifest.go:304.2,304.20 1 0
github.com/ArubikU/polyloft-bvm/internal/modules/types_manifest.go:307.51,309.93 2 0
github.com/ArubikU/polyloft-bvm/internal/modules/types_manifest.go:309.93,310.17 1 0
github.com/ArubikU/polyloft-bvm/internal/modules/types_manifest.go:310.17,312.4 1 0
github.com/ArubikU/polyloft-bvm/internal/modules/types_manifest.go:313.3,313.46 1 0
github.com/ArubikU/polyloft-bvm/internal/modules/types_manifest.go:313.46,315.4 1 0
github.com/ArubikU/polyloft-bvm/internal/modules/types_manifest.go:316.3,317.13 2 0
github.com/ArubikU/polyloft-bvm/internal/modules/types_manifest.go:319.2,319.16 1 0
github.com/ArubikU/polyloft-bvm/internal/modules/types_manifest.go:319.16,321.3 1 0
github.com/ArubikU/polyloft-bvm/internal/modules/types_manifest.go:322.2,323.36 2 0
github.com/ArubikU/polyloft-bvm/internal/modules/types_manifest.go:323.36,325.3 1 0
github.com/ArubikU/polyloft-bvm/internal/modules/types_manifest.go:326.2,327.21 2 0
github.com/ArubikU/polyloft-bvm/internal/modules/types_manifest.go:330.92,334.37 4 0
github.com/ArubikU/polyloft-bvm/internal/modules/types_manifest.go:334.37,336.3 1 0
github.com/ArubikU/polyloft-bvm/internal/modules/types_manifest.go:337.2,339.29 3 0
github.com/ArubikU/polyloft-bvm/internal/modules/types_manifest.go:339.29,341.3 1 0
github.com/ArubikU/polyloft-bvm/internal/modules/types_manifest.go:342.2,342.15 1 0
github.com/ArubikU/polyloft-bvm/internal/modules/types_manifest.go:345.94,365.31 6 0
github.com/ArubikU/polyloft-bvm/internal/modules/types_manifest.go:365.31,367.3 1 0
github.com/ArubikU/polyloft-bvm/internal/modules/types_manifest.go:368.2,370.29 3 0
github.com/ArubikU/polyloft-bvm/internal/modules/types_manifest.go:370.29,372.3 1 0
github.com/ArubikU/polyloft-bvm/internal/modules/types_manifest.go:373.2,373.15 1 0
github.com/ArubikU/polyloft-bvm/internal/modules/types_manifest.go:376.99,385.9 2 0
github.com/ArubikU/polyloft-bvm/internal/modules/types_manifest.go:386.26,387.25 1 0
github.com/ArubikU/polyloft-bvm/internal/modules/types_manifest.go:388.72,389.27 1 0
github.com/ArubikU/polyloft-bvm/internal/modules/types_manifest.go:390.24,391.28 1 0
github.com/ArubikU/polyloft-bvm/internal/modules/types_manifest.go:392.111,393.24 1 0
github.com/ArubikU/polyloft-bvm/internal/modules/types_manifest.go:394.28,395.27 1 0
github.com/ArubikU/polyloft-bvm/internal/modules/types_manifest.go:396.10,397.24 1 0
github.com/ArubikU/polyloft-bvm/internal/modules/types_manifest.go:399.2,399.26 1 0
github.com/ArubikU/polyloft-bvm/internal/modules/types_manifest.go:399.26,401.3 1 0
github.com/ArubikU/polyloft-bvm/internal/modules/types_manifest.go:402.2,402.40 1 0
github.com/ArubikU/polyloft-bvm/internal/modules/types_manifest.go:402.40,404.54 2 0
github.com/ArubikU/polyloft-bvm/internal/modules/types_manifest.go:404.54,405.23 1 0
github.com/ArubikU/polyloft-bvm/internal/modules/types_manifest.go:405.23,406.13 1 0
github.com/ArubikU/polyloft-bvm/internal/modules/types_manifest.go:408.4,408.97 1 0
github.com/ArubikU/polyloft-bvm/internal/modules/types_manifest.go:411.2,411.27 1 0
github.com/ArubikU/polyloft-bvm/internal/modules/types_manifest.go:411.27,413.42 2 0
github.com/ArubikU/polyloft-bvm/internal/modules/types_manifest.go:413.42,415.4 1 0
github.com/ArubikU/polyloft-bvm/internal/modules/types_manifest.go:417.2,417.35 1 0
github.com/ArubikU/polyloft-bvm/internal/modules/types_manifest.go:417.35,419.50 2 0
github.com/ArubikU/polyloft-bvm/internal/modules/types_manifest.go:419.50,421.4 1 0
github.com/ArubikU/polyloft-bvm/internal/modules/types_manifest.go:423.2,424.21 2 0
github.com/ArubikU/polyloft-bvm/internal/modules/types_manifest.go:424.21,426.3 1 0
github.com/ArubikU/polyloft-bvm/internal/modules/types_manifest.go:427.2,427.19 1 0
github.com/ArubikU/polyloft-bvm/internal/modules/types_manifest.go:427.19,429.3 1 0
github.com/ArubikU/polyloft-bvm/internal/modules/types_manifest.go:430.2,430.22 1 0
github.com/ArubikU/polyloft-bvm/internal/modules/types_manifest.go:430.22,432.3 1 0
github.com/ArubikU/polyloft-bvm/internal/modules/types_manifest.go:433.2,433.19 1 0
github.com/ArubikU/polyloft-bvm/internal/modules/types_manifest.go:433.19,435.3 1 0
github.com/ArubikU/polyloft-bvm/internal/modules/types_manifest.go:436.2,436.20 1 0
github.com/ArubikU/polyloft-bvm/internal/modules/types_manifest.go:436.20,438.3 1 0
github.com/ArubikU/polyloft-bvm/internal/modules/types_manifest.go:439.2,439.15 1 0
github.com/ArubikU/polyloft-bvm/internal/modules/types_manifest.go:442.106,451.9 2 0
github.com/ArubikU/polyloft-bvm/internal/modules/types_manifest.go:452.26,453.25 1 0
github.com/ArubikU/polyloft-bvm/internal/modules/types_manifest.go:454.72,455.27 1 0
github.com/ArubikU/polyloft-bvm/internal/modules/types_manifest.go:456.24,457.28 1 0
github.com/ArubikU/polyloft-bvm/internal/modules/types_manifest.go:458.111,459.24 1 0
github.com/ArubikU/polyloft-bvm/internal/modules/types_manifest.go:460.28,461.27 1 0
github.com/ArubikU/polyloft-bvm/internal/modules/types_manifest.go:462.10,463.24 1 0
github.com/ArubikU/polyloft-bvm/internal/modules/types_manifest.go:465.2,465.26 1 0
github.com/ArubikU/polyloft-bvm/internal/modules/types_manifest.go:465.26,467.3 1 0
github.com/ArubikU/polyloft-bvm/internal/modules/types_manifest.go:468.2,468.40 1 0
github.com/ArubikU/polyloft-bvm/internal/modules/types_manifest.go:468.40,470.54 2 0
github.com/ArubikU/polyloft-bvm/internal/modules/types_manifest.go:470.54,471.23 1 0
github.com/ArubikU/polyloft-bvm/internal/modules/types_manifest.go:471.23,472.13 1 0
github.com/ArubikU/polyloft-bvm/internal/modules/types_manifest.go:474.4,474.97 1 0
github.com/ArubikU/polyloft-bvm/internal/modules/types_manifest.go:477.2,478.21 2 0
github.com/ArubikU/polyloft-bvm/internal/modules/types_manifest.go:478.21,480.3 1 0
github.com/ArubikU/polyloft-bvm/internal/modules/types_manifest.go:481.2,481.19 1 0
github.com/ArubikU/polyloft-bvm/internal/modules/types_manifest.go:481.19,483.3 1 0
github.com/ArubikU/polyloft-bvm/internal/modules/types_manifest.go:484.2,484.22 1 0
github.com/ArubikU/polyloft-bvm/internal/modules/types_manifest.go:484.22,486.3 1 0
github.com/ArubikU/polyloft-bvm/internal/modules/types_manifest.go:487.2,487.19 1 0
github.com/ArubikU/polyloft-bvm/internal/modules/types_manifest.go:487.19,489.3 1 0
github.com/ArubikU/polyloft-bvm/internal/modules/types_manifest.go:490.2,490.20 1 0
github.com/ArubikU/polyloft-bvm/internal/modules/types_manifest.go:490.20,492.3 1 0
github.com/ArubikU/polyloft-bvm/internal/modules/types_manifest.go:493.2,493.15 1 0
github.com/ArubikU/polyloft-bvm/internal/modules/types_manifest.go:496.112,497.17 1 0
github.com/ArubikU/polyloft-bvm/internal/modules/types_manifest.go:497.17,499.3 1 0
github.com/ArubikU/polyloft-bvm/internal/modules/types_manifest.go:500.2,501.36 2 0
github.com/ArubikU/polyloft-bvm/internal/modules/types_manifest.go:501.36,503.22 2 0
github.com/ArubikU/polyloft-bvm/internal/modules/types_manifest.go:503.22,505.4 1 0
github.com/ArubikU/polyloft-bvm/internal/modules/types_manifest.go:506.3,506.45 1 0
github.com/ArubikU/polyloft-bvm/internal/modules/types_manifest.go:508.2,516.29 2 0
github.com/ArubikU/polyloft-bvm/internal/modules/types_manifest.go:516.29,518.43 2 0
github.com/ArubikU/polyloft-bvm/internal/modules/types_manifest.go:518.43,519.23 1 0
github.com/ArubikU/polyloft-bvm/internal/modules/types_manifest.go:519.23,520.13 1 0
github.com/ArubikU/polyloft-bvm/internal/modules/types_manifest.go:522.4,523.24 2 0
github.com/ArubikU/polyloft-bvm/internal/modules/types_manifest.go:523.24,524.13 1 0
github.com/ArubikU/polyloft-bvm/internal/modules/types_manifest.go:526.4,526.63 1 0
github.com/ArubikU/polyloft-bvm/internal/modules/types_manifest.go:529.2,529.17 1 0
github.com/ArubikU/polyloft-bvm/internal/modules/types_manifest.go:532.87,540.23 3 0
github.com/ArubikU/polyloft-bvm/internal/modules/types_manifest.go:540.23,550.31 3 0
github.com/ArubikU/polyloft-bvm/internal/modules/types_manifest.go:550.31,552.45 2 0
github.com/ArubikU/polyloft-bvm/internal/modules/types_manifest.go:552.45,553.24 1 0
github.com/ArubikU/polyloft-bvm/internal/modules/types_manifest.go:553.24,554.14 1 0
github.com/ArubikU/polyloft-bvm/internal/modules/types_manifest.go:556.5,563.7 1 0
github.com/ArubikU/polyloft-bvm/internal/modules/types_manifest.go:566.8,568.3 1 0
github.com/ArubikU/polyloft-bvm/internal/modules/types_manifest.go:569.2,569.24 1 0
github.com/ArubikU/polyloft-bvm/internal/modules/types_manifest.go:569.24,571.39 2 0
github.com/ArubikU/polyloft-bvm/internal/modules/types_manifest.go:571.39,573.4 1 0
github.com/ArubikU/polyloft-bvm/internal/modules/types_manifest.go:575.2,576.18 2 0
github.com/ArubikU/polyloft-bvm/internal/modules/types_manifest.go:576.18,578.3 1 0
github.com/ArubikU/polyloft-bvm/internal/modules/types_manifest.go:579.2,579.16 1 0
github.com/ArubikU/polyloft-bvm/internal/modules/types_manifest.go:579.16,581.3 1 0
github.com/ArubikU/polyloft-bvm/internal/modules/types_manifest.go:582.2,582.19 1 0
github.com/ArubikU/polyloft-bvm/internal/modules/types_manifest.go:582.19,584.3 1 0
github.com/ArubikU/polyloft-bvm/internal/modules/types_manifest.go:585.2,585.16 1 0
github.com/ArubikU/polyloft-bvm/internal/modules/types_manifest.go:585.16,587.3 1 0
github.com/ArubikU/polyloft-bvm/internal/modules/types_manifest.go:588.2,588.20 1 0
github.com/ArubikU/polyloft-bvm/internal/modules/types_manifest.go:588.20,590.3 1 0
github.com/ArubikU/polyloft-bvm/internal/modules/types_manifest.go:591.2,591.15 1 0
github.com/ArubikU/polyloft-bvm/internal/modules/types_manifest.go:594.94,602.23 3 0
github.com/ArubikU/polyloft-bvm/internal/modules/types_manifest.go:602.23,612.31 3 0
github.com/ArubikU/polyloft-bvm/internal/modules/types_manifest.go:612.31,614.45 2 0
github.com/ArubikU/polyloft-bvm/internal/modules/types_manifest.go:614.45,615.24 1 0
github.com/ArubikU/polyloft-bvm/internal/modules/types_manifest.go:615.24,616.14 1 0
github.com/ArubikU/polyloft-bvm/internal/modules/types_manifest.go:618.5,625.7 1 0
github.com/ArubikU/polyloft-bvm/internal/modules/types_manifest.go:628.8,630.3 1 0
github.com/ArubikU/polyloft-bvm/internal/modules/types_manifest.go:631.2,632.18 2 0
github.com/ArubikU/polyloft-bvm/internal/modules/types_manifest.go:632.18,634.3 1 0
github.com/ArubikU/polyloft-bvm/internal/modules/types_manifest.go:635.2,635.16 1 0
github.com/ArubikU/polyloft-bvm/internal/modules/types_manifest.go:635.16,637.3 1 0
github.com/ArubikU/polyloft-bvm/internal/modules/types_manifest.go:638.2,638.19 1 0
github.com/ArubikU/polyloft-bvm/internal/modules/types_manifest.go:638.19,640.3 1 0
github.com/ArubikU/polyloft-bvm/internal/modules/types_manifest.go:641.2,641.16 1 0
github.com/ArubikU/polyloft-bvm/internal/modules/types_manifest.go:641.16,643.3 1 0
github.com/ArubikU/polyloft-bvm/internal/modules/types_manifest.go:644.2,644.20 1 0
github.com/ArubikU/polyloft-bvm/internal/modules/types_manifest.go:644.20,646.3 1 0
github.com/ArubikU/polyloft-bvm/internal/modules/types_manifest.go:647.2,647.15 1 0
github.com/ArubikU/polyloft-bvm/internal/modules/types_manifest.go:650.87,651.22 1 0
github.com/ArubikU/polyloft-bvm/internal/modules/types_manifest.go:651.22,653.3 1 0
github.com/ArubikU/polyloft-bvm/internal/modules/types_manifest.go:654.2,655.31 2 0
github.com/ArubikU/polyloft-bvm/internal/modules/types_manifest.go:655.31,658.22 3 0
github.com/ArubikU/polyloft-bvm/internal/modules/types_manifest.go:658.22,660.4 1 0
github.com/ArubikU/polyloft-bvm/internal/modules/types_manifest.go:661.3,661.37 1 0
github.com/ArubikU/polyloft-bvm/internal/modules/types_manifest.go:663.2,663.15 1 0
github.com/ArubikU/polyloft-bvm/internal/modules/types_manifest.go:666.51,682.4 2 0
github.com/ArubikU/polyloft-bvm/internal/modules/types_manifest.go:682.4,684.3 1 0
github.com/ArubikU/polyloft-bvm/internal/modules/types_manifest.go:685.2,685.87 1 0
github.com/ArubikU/polyloft-bvm/internal/modules/types_manifest.go:685.87,687.3 1 0
github.com/ArubikU/polyloft-bvm/internal/modules/types_manifest.go:688.2,688.16 1 0
github.com/ArubikU/polyloft-bvm/internal/modules/types_manifest.go:691.113,694.16 3 0
github.com/ArubikU/polyloft-bvm/internal/modules/types_manifest.go:694.16,696.3 1 0
github.com/ArubikU/polyloft-bvm/internal/modules/types_manifest.go:697.2,699.21 3 0
github.com/ArubikU/polyloft-bvm/internal/modules/types_manifest.go:702.93,703.33 1 0
github.com/ArubikU/polyloft-bvm/internal/modules/types_manifest.go:703.33,704.20 1 0
github.com/ArubikU/polyloft-bvm/internal/modules/types_manifest.go:704.20,705.12 1 0
github.com/ArubikU/polyloft-bvm/internal/modules/types_manifest.go:707.3,708.42 2 0
github.com/ArubikU/polyloft-bvm/internal/modules/types_manifest.go:708.42,710.4 1 0
github.com/ArubikU/polyloft-bvm/internal/modules/types_manifest.go:711.3,712.53 2 0
github.com/ArubikU/polyloft-bvm/internal/modules/types_manifest.go:712.53,714.4 1 0
github.com/ArubikU/polyloft-bvm/internal/modules/types_manifest.go:718.78,719.48 1 0
github.com/ArubikU/polyloft-bvm/internal/modules/types_manifest.go:719.48,721.3 1 0
github.com/ArubikU/polyloft-bvm/internal/modules/types_manifest.go:722.2,723.35 2 0
github.com/ArubikU/polyloft-bvm/internal/modules/types_manifest.go:723.35,724.61 1 0
github.com/ArubikU/polyloft-bvm/internal/modules/types_manifest.go:724.61,726.4 1 0
github.com/ArubikU/polyloft-bvm/internal/modules/types_manifest.go:728.2,728.87 1 0
github.com/ArubikU/polyloft-bvm/internal/modules/types_manifest.go:731.71,733.19 2 0
github.com/ArubikU/polyloft-bvm/internal/modules/types_manifest.go:733.19,735.3 1 0
github.com/ArubikU/polyloft-bvm/internal/modules/types_manifest.go:736.2,737.20 2 0
github.com/ArubikU/polyloft-bvm/internal/modules/types_manifest.go:737.20,739.30 2 0
github.com/ArubikU/polyloft-bvm/internal/modules/types_manifest.go:739.30,741.20 2 0
github.com/ArubikU/polyloft-bvm/internal/modules/types_manifest.go:741.20,743.5 1 0
github.com/ArubikU/polyloft-bvm/internal/modules/types_manifest.go:744.4,744.55 1 0
github.com/ArubikU/polyloft-bvm/internal/modules/types_manifest.go:746.3,746.18 1 0
github.com/ArubikU/polyloft-bvm/internal/modules/types_manifest.go:748.2,750.34 3 0
github.com/ArubikU/polyloft-bvm/internal/modules/types_manifest.go:750.34,752.3 1 0
github.com/ArubikU/polyloft-bvm/internal/modules/types_manifest.go:752.8,752.58 1 0
github.com/ArubikU/polyloft-bvm/internal/modules/types_manifest.go:752.58,756.3 3 0
github.com/ArubikU/polyloft-bvm/internal/modules/types_manifest.go:756.8,756.30 1 0
github.com/ArubikU/polyloft-bvm/internal/modules/types_manifest.go:756.30,758.3 1 0
github.com/ArubikU/polyloft-bvm/internal/modules/types_manifest.go:758.8,760.3 1 0
github.com/ArubikU/polyloft-bvm/internal/modules/types_manifest.go:761.2,761.13 1 0
github.com/ArubikU/polyloft-bvm/internal/modules/types_manifest.go:761.13,764.28 3 0
github.com/ArubikU/polyloft-bvm/internal/modules/types_manifest.go:764.28,766.20 2 0
github.com/ArubikU/polyloft-bvm/internal/modules/types_manifest.go:766.20,769.5 2 0
github.com/ArubikU/polyloft-bvm/internal/modules/types_manifest.go:770.4,770.49 1 0
github.com/ArubikU/polyloft-bvm/internal/modules/types_manifest.go:773.2,773.32 1 0
github.com/ArubikU/polyloft-bvm/internal/modules/types_manifest.go:773.32,774.35 1 0
github.com/ArubikU/polyloft-bvm/internal/modules/types_manifest.go:774.35,776.4 1 0
github.com/ArubikU/polyloft-bvm/internal/modules/types_manifest.go:778.2,778.17 1 0
github.com/ArubikU/polyloft-bvm/internal/modules/types_manifest.go:781.58,785.29 4 0
github.com/ArubikU/polyloft-bvm/internal/modules/types_manifest.go:785.29,786.13 1 0
github.com/ArubikU/polyloft-bvm/internal/modules/types_manifest.go:787.12,788.18 1 0
github.com/ArubikU/polyloft-bvm/internal/modules/types_manifest.go:788.18,790.5 1 0
github.com/ArubikU/polyloft-bvm/internal/modules/types_manifest.go:791.4,791.11 1 0
github.com/ArubikU/polyloft-bvm/internal/modules/types_manifest.go:792.12,794.55 2 0
github.com/ArubikU/polyloft-bvm/internal/modules/types_manifest.go:794.55,796.5 1 0
github.com/ArubikU/polyloft-bvm/internal/modules/types_manifest.go:799.2,799.27 1 0
github.com/ArubikU/polyloft-bvm/internal/modules/types_manifest.go:802.59,806.27 4 0
github.com/ArubikU/polyloft-bvm/internal/modules/types_manifest.go:806.27,807.13 1 0
github.com/ArubikU/polyloft-bvm/internal/modules/types_manifest.go:808.12,809.11 1 0
github.com/ArubikU/polyloft-bvm/internal/modules/types_manifest.go:810.12,811.17 1 0
github.com/ArubikU/polyloft-bvm/internal/modules/types_manifest.go:811.17,813.5 1 0
github.com/ArubikU/polyloft-bvm/internal/modules/types_manifest.go:814.11,815.37 1 0
github.com/ArubikU/polyloft-bvm/internal/modules/types_manifest.go:815.37,818.5 2 0
github.com/ArubikU/polyloft-bvm/internal/modules/types_manifest.go:821.2,823.29 3 0
github.com/ArubikU/polyloft-bvm/internal/modules/types_manifest.go:823.29,824.17 1 0
github.com/ArubikU/polyloft-bvm/internal/modules/types_manifest.go:824.17,826.4 1 0
github.com/ArubikU/polyloft-bvm/internal/modules/types_manifest.go:828.2,828.17 1 0
github.com/ArubikU/polyloft-bvm/internal/modules/types_manifest.go:831.13,832.31 1 0
github.com/ArubikU/polyloft-bvm/internal/modules/types_manifest.go:832.31,833.82 1 0
github.com/ArubikU/polyloft-bvm/internal/modules/types_manifest.go:837.43,838.22 1 0
github.com/ArubikU/polyloft-bvm/internal/modules/types_manifest.go:838.22,840.3 1 0
github.com/ArubikU/polyloft-bvm/internal/modules/types_manifest.go:841.2,842.29 2 0
github.com/ArubikU/polyloft-bvm/internal/modules/types_manifest.go:842.29,844.3 1 0
github.com/ArubikU/polyloft-bvm/internal/modules/types_manifest.go:845.2,845.15 1 0
github.com/ArubikU/polyloft-bvm/internal/modules/types_manifest.go:848.50,849.22 1 0
github.com/ArubikU/polyloft-bvm/internal/modules/types_manifest.go:849.22,851.3 1 0
github.com/ArubikU/polyloft-bvm/internal/modules/types_manifest.go:852.2,853.31 2 0
github.com/ArubikU/polyloft-bvm/internal/modules/types_manifest.go:853.31,855.3 1 0
github.com/ArubikU/polyloft-bvm/internal/modules/types_manifest.go:856.2,856.15 1 0
github.com/ArubikU/polyloft-bvm/internal/modules/types_manifest.go:859.123,861.16 2 0
github.com/ArubikU/polyloft-bvm/internal/modules/types_manifest.go:861.16,863.3 1 0
github.com/ArubikU/polyloft-bvm/internal/modules/types_manifest.go:864.2,865.16 2 0
github.com/ArubikU/polyloft-bvm/internal/modules/types_manifest.go:865.16,867.3 1 0
github.com/ArubikU/polyloft-bvm/internal/modules/types_manifest.go:868.2,869.12 2 0
github.com/ArubikU/polyloft-bvm/internal/value/deepcopy.go:5.30,8.2 2 0
github.com/ArubikU/polyloft-bvm/internal/value/deepcopy.go:10.58,11.16 1 0
github.com/ArubikU/polyloft-bvm/internal/value/deepcopy.go:12.39,13.11 1 0
github.com/ArubikU/polyloft-bvm/internal/value/deepcopy.go:15.2,15.21 1 0
github.com/ArubikU/polyloft-bvm/internal/value/deepcopy.go:15.21,17.3 1 0
github.com/ArubikU/polyloft-bvm/internal/value/deepcopy.go:18.2,18.41 1 0
github.com/ArubikU/polyloft-bvm/internal/value/deepcopy.go:18.41,20.3 1 0
github.com/ArubikU/polyloft-bvm/internal/value/deepcopy.go:21.2,21.32 1 0
github.com/ArubikU/polyloft-bvm/internal/value/deepcopy.go:22.14,26.40 4 0
github.com/ArubikU/polyloft-bvm/internal/value/deepcopy.go:26.40,28.4 1 0
github.com/ArubikU/polyloft-bvm/internal/value/deepcopy.go:29.3,29.16 1 0
github.com/ArubikU/polyloft-bvm/internal/value/deepcopy.go:30.14,34.40 4 0
github.com/ArubikU/polyloft-bvm/internal/value/deepcopy.go:34.40,36.4 1 0
github.com/ArubikU/polyloft-bvm/internal/value/deepcopy.go:37.3,37.16 1 0
github.com/ArubikU/polyloft-bvm/internal/value/deepcopy.go:38.12,42.41 4 0
github.com/ArubikU/polyloft-bvm/internal/value/deepcopy.go:42.41,44.4 1 0
github.com/ArubikU/polyloft-bvm/internal/value/deepcopy.go:45.3,45.16 1 0
github.com/ArubikU/polyloft-bvm/internal/value/deepcopy.go:46.17,50.36 4 0
github.com/ArubikU/polyloft-bvm/internal/value/deepcopy.go:50.36,52.4 1 0
github.com/ArubikU/polyloft-bvm/internal/value/deepcopy.go:53.3,53.16 1 0
github.com/ArubikU/polyloft-bvm/internal/value/deepcopy.go:54.13,59.16 5 0
github.com/ArubikU/polyloft-bvm/internal/value/deepcopy.go:60.16,64.40 4 0
github.com/ArubikU/polyloft-bvm/internal/value/deepcopy.go:64.40,67.4 2 0
github.com/ArubikU/polyloft-bvm/internal/value/deepcopy.go:68.3,68.16 1 0
github.com/ArubikU/polyloft-bvm/internal/value/deepcopy.go:69.20,75.16 6 0
github.com/ArubikU/polyloft-bvm/internal/value/deepcopy.go:76.26,80.16 4 0
github.com/ArubikU/polyloft-bvm/internal/value/deepcopy.go:81.19,85.16 4 0
github.com/ArubikU/polyloft-bvm/internal/value/deepcopy.go:86.23,92.16 6 0
github.com/ArubikU/polyloft-bvm/internal/value/deepcopy.go:93.14,97.16 4 0
github.com/ArubikU/polyloft-bvm/internal/value/deepcopy.go:98.17,102.23 4 0
github.com/ArubikU/polyloft-bvm/internal/value/deepcopy.go:102.23,105.4 2 0
github.com/ArubikU/polyloft-bvm/internal/value/deepcopy.go:106.3,106.26 1 0
github.com/ArubikU/polyloft-bvm/internal/value/deepcopy.go:106.26,109.4 2 0
github.com/ArubikU/polyloft-bvm/internal/value/deepcopy.go:110.3,110.23 1 0
github.com/ArubikU/polyloft-bvm/internal/value/deepcopy.go:110.23,112.35 2 0
github.com/ArubikU/polyloft-bvm/internal/value/deepcopy.go:112.35,114.5 1 0
github.com/ArubikU/polyloft-bvm/internal/value/deepcopy.go:116.3,116.16 1 0
github.com/ArubikU/polyloft-bvm/internal/value/deepcopy.go:117.53,118.11 1 0
github.com/ArubikU/polyloft-bvm/internal/value/deepcopy.go:119.10,121.11 1 0
github.com/ArubikU/polyloft-bvm/internal/value/serialize.go:20.36,27.2 1 0
github.com/ArubikU/polyloft-bvm/internal/value/serialize.go:42.65,43.14 1 0
github.com/ArubikU/polyloft-bvm/internal/value/serialize.go:43.14,45.3 1 0
github.com/ArubikU/polyloft-bvm/internal/value/serialize.go:47.2,47.23 1 0
github.com/ArubikU/polyloft-bvm/internal/value/serialize.go:48.13,49.72 1 0
github.com/ArubikU/polyloft-bvm/internal/value/serialize.go:49.72,51.4 1 0
github.com/ArubikU/polyloft-bvm/internal/value/serialize.go:52.3,52.49 1 0
github.com/ArubikU/polyloft-bvm/internal/value/serialize.go:53.15,54.74 1 0
github.com/ArubikU/polyloft-bvm/internal/value/serialize.go:54.74,56.4 1 0
github.com/ArubikU/polyloft-bvm/internal/value/serialize.go:57.3,57.49 1 0
github.com/ArubikU/polyloft-bvm/internal/value/serialize.go:58.14,59.73 1 0
github.com/ArubikU/polyloft-bvm/internal/value/serialize.go:59.73,61.4 1 0
github.com/ArubikU/polyloft-bvm/internal/value/serialize.go:62.3,62.36 1 0
github.com/ArubikU/polyloft-bvm/internal/value/serialize.go:63.12,64.71 1 0
github.com/ArubikU/polyloft-bvm/internal/value/serialize.go:64.71,66.4 1 0
github.com/ArubikU/polyloft-bvm/internal/value/serialize.go:67.3,67.56 1 0
github.com/ArubikU/polyloft-bvm/internal/value/serialize.go:68.12,69.71 1 0
github.com/ArubikU/polyloft-bvm/internal/value/serialize.go:69.71,71.4 1 0
github.com/ArubikU/polyloft-bvm/internal/value/serialize.go:72.3,72.8 1 0
github.com/ArubikU/polyloft-bvm/internal/value/serialize.go:72.8,74.4 1 0
github.com/ArubikU/polyloft-bvm/internal/value/serialize.go:75.3,75.55 1 0
github.com/ArubikU/polyloft-bvm/internal/value/serialize.go:76.26,77.40 1 0
github.com/ArubikU/polyloft-bvm/internal/value/serialize.go:77.40,78.79 1 0
github.com/ArubikU/polyloft-bvm/internal/value/serialize.go:78.79,80.5 1 0
github.com/ArubikU/polyloft-bvm/internal/value/serialize.go:81.4,81.51 1 0
github.com/ArubikU/polyloft-bvm/internal/value/serialize.go:83.3,84.78 2 0
github.com/ArubikU/polyloft-bvm/internal/value/serialize.go:84.78,86.4 1 0
github.com/ArubikU/polyloft-bvm/internal/value/serialize.go:87.3,87.81 1 0
github.com/ArubikU/polyloft-bvm/internal/value/serialize.go:87.81,89.4 1 0
github.com/ArubikU/polyloft-bvm/internal/value/serialize.go:90.3,91.30 2 0
github.com/ArubikU/polyloft-bvm/internal/value/serialize.go:92.14,93.38 1 0
github.com/ArubikU/polyloft-bvm/internal/value/serialize.go:93.38,94.76 1 0
github.com/ArubikU/polyloft-bvm/internal/value/serialize.go:94.76,96.5 1 0
github.com/ArubikU/polyloft-bvm/internal/value/serialize.go:97.4,97.51 1 0
github.com/ArubikU/polyloft-bvm/internal/value/serialize.go:99.3,100.75 2 0
github.com/ArubikU/polyloft-bvm/internal/value/serialize.go:100.75,102.4 1 0
github.com/ArubikU/polyloft-bvm/internal/value/serialize.go:103.3,103.78 1 0
github.com/ArubikU/polyloft-bvm/internal/value/serialize.go:103.78,105.4 1 0
github.com/ArubikU/polyloft-bvm/internal/value/serialize.go:106.3,107.30 2 0
github.com/ArubikU/polyloft-bvm/internal/value/serialize.go:108.10,109.68 1 0
github.com/ArubikU/polyloft-bvm/internal/value/serialize.go:113.65,115.66 2 0
github.com/ArubikU/polyloft-bvm/internal/value/serialize.go:115.66,117.3 1 0
github.com/ArubikU/polyloft-bvm/internal/value/serialize.go:119.2,119.13 1 0
github.com/ArubikU/polyloft-bvm/internal/value/serialize.go:120.14,121.18 1 0
github.com/ArubikU/polyloft-bvm/internal/value/serialize.go:122.16,124.65 2 0
github.com/ArubikU/polyloft-bvm/internal/value/serialize.go:124.65,126.4 1 0
github.com/ArubikU/polyloft-bvm/internal/value/serialize.go:127.3,127.16 1 0
github.com/ArubikU/polyloft-bvm/internal/value/serialize.go:128.18,130.65 2 0
github.com/ArubikU/polyloft-bvm/internal/value/serialize.go:130.65,132.4 1 0
github.com/ArubikU/polyloft-bvm/internal/value/serialize.go:133.3,133.16 1 0
github.com/ArubikU/polyloft-bvm/internal/value/serialize.go:134.17,135.32 1 0
github.com/ArubikU/polyloft-bvm/internal/value/serialize.go:136.15,138.65 2 0
github.com/ArubikU/polyloft-bvm/internal/value/serialize.go:138.65,140.4 1 0
github.com/ArubikU/polyloft-bvm/internal/value/serialize.go:141.3,141.22 1 0
github.com/ArubikU/polyloft-bvm/internal/value/serialize.go:142.15,144.65 2 0
github.com/ArubikU/polyloft-bvm/internal/value/serialize.go:144.65,146.4 1 0
github.com/ArubikU/polyloft-bvm/internal/value/serialize.go:147.3,147.21 1 0
github.com/ArubikU/polyloft-bvm/internal/value/serialize.go:148.22,150.66 2 0
github.com/ArubikU/polyloft-bvm/internal/value/serialize.go:150.66,152.4 1 0
github.com/ArubikU/polyloft-bvm/internal/value/serialize.go:153.3,153.35 1 0
github.com/ArubikU/polyloft-bvm/internal/value/serialize.go:154.22,156.66 2 0
github.com/ArubikU/polyloft-bvm/internal/value/serialize.go:156.66,158.4 1 0
github.com/ArubikU/polyloft-bvm/internal/value/serialize.go:159.3,160.17 2 0
github.com/ArubikU/polyloft-bvm/internal/value/serialize.go:160.17,162.4 1 0
github.com/ArubikU/polyloft-bvm/internal/value/serialize.go:163.3,164.17 2 0
github.com/ArubikU/polyloft-bvm/internal/value/serialize.go:165.19,167.66 2 0
github.com/ArubikU/polyloft-bvm/internal/value/serialize.go:167.66,169.4 1 0
github.com/ArubikU/polyloft-bvm/internal/value/serialize.go:170.3,170.32 1 0
github.com/ArubikU/polyloft-bvm/internal/value/serialize.go:171.19,173.66 2 0
github.com/ArubikU/polyloft-bvm/internal/value/serialize.go:173.66,175.4 1 0
github.com/ArubikU/polyloft-bvm/internal/value/serialize.go:177.3,180.17 4 0
github.com/ArubikU/polyloft-bvm/internal/value/serialize.go:180.17,182.4 1 0
github.com/ArubikU/polyloft-bvm/internal/value/serialize.go:183.3,183.16 1 0
github.com/ArubikU/polyloft-bvm/internal/value/serialize.go:184.10,185.65 1 0
github.com/ArubikU/polyloft-bvm/internal/value/serialize.go:188.51,197.72 1 0
github.com/ArubikU/polyloft-bvm/internal/value/serialize.go:197.72,199.3 1 0
github.com/ArubikU/polyloft-bvm/internal/value/serialize.go:200.2,200.72 1 0
github.com/ArubikU/polyloft-bvm/internal/value/serialize.go:200.72,202.3 1 0
github.com/ArubikU/polyloft-bvm/internal/value/serialize.go:203.2,203.60 1 0
github.com/ArubikU/polyloft-bvm/internal/value/serialize.go:203.60,205.3 1 0
github.com/ArubikU/polyloft-bvm/internal/value/serialize.go:206.2,206.62 1 0
github.com/ArubikU/polyloft-bvm/internal/value/serialize.go:206.62,208.3 1 0
github.com/ArubikU/polyloft-bvm/internal/value/serialize.go:209.2,209.12 1 0
github.com/ArubikU/polyloft-bvm/internal/value/serialize.go:212.50,214.72 2 0
github.com/ArubikU/polyloft-bvm/internal/value/serialize.go:214.72,216.3 1 0
github.com/ArubikU/polyloft-bvm/internal/value/serialize.go:217.2,217.72 1 0
github.com/ArubikU/polyloft-bvm/internal/value/serialize.go:217.72,219.3 1 0
github.com/ArubikU/polyloft-bvm/internal/value/serialize.go:220.2,221.58 2 0
github.com/ArubikU/polyloft-bvm/internal/value/serialize.go:221.58,223.3 1 0
github.com/ArubikU/polyloft-bvm/internal/value/serialize.go:224.2,224.60 1 0
github.com/ArubikU/polyloft-bvm/internal/value/serialize.go:224.60,226.3 1 0
github.com/ArubikU/polyloft-bvm/internal/value/serialize.go:227.2,227.15 1 0
github.com/ArubikU/polyloft-bvm/internal/value/serialize.go:230.64,231.56 1 0
github.com/ArubikU/polyloft-bvm/internal/value/serialize.go:231.56,233.3 1 0
github.com/ArubikU/polyloft-bvm/internal/value/serialize.go:235.2,235.75 1 0
github.com/ArubikU/polyloft-bvm/internal/value/serialize.go:235.75,237.3 1 0
github.com/ArubikU/polyloft-bvm/internal/value/serialize.go:238.2,238.71 1 0
github.com/ArubikU/polyloft-bvm/internal/value/serialize.go:238.71,240.3 1 0
github.com/ArubikU/polyloft-bvm/internal/value/serialize.go:241.2,241.73 1 0
github.com/ArubikU/polyloft-bvm/internal/value/serialize.go:241.73,243.3 1 0
github.com/ArubikU/polyloft-bvm/internal/value/serialize.go:244.2,244.73 1 0
github.com/ArubikU/polyloft-bvm/internal/value/serialize.go:244.73,246.3 1 0
github.com/ArubikU/polyloft-bvm/internal/value/serialize.go:249.2,249.30 1 0
github.com/ArubikU/polyloft-bvm/internal/value/serialize.go:249.30,250.71 1 0
github.com/ArubikU/polyloft-bvm/internal/value/serialize.go:250.71,252.4 1 0
github.com/ArubikU/polyloft-bvm/internal/value/serialize.go:253.8,254.71 1 0
github.com/ArubikU/polyloft-bvm/internal/value/serialize.go:254.71,256.4 1 0
github.com/ArubikU/polyloft-bvm/internal/value/serialize.go:257.3,257.94 1 0
github.com/ArubikU/polyloft-bvm/internal/value/serialize.go:257.94,259.4 1 0
github.com/ArubikU/polyloft-bvm/internal/value/serialize.go:260.3,260.105 1 0
github.com/ArubikU/polyloft-bvm/internal/value/serialize.go:260.105,262.4 1 0
github.com/ArubikU/polyloft-bvm/internal/value/serialize.go:263.3,263.50 1 0
github.com/ArubikU/polyloft-bvm/internal/value/serialize.go:263.50,264.73 1 0
github.com/ArubikU/polyloft-bvm/internal/value/serialize.go:264.73,266.5 1 0
github.com/ArubikU/polyloft-bvm/internal/value/serialize.go:268.3,268.105 1 0
github.com/ArubikU/polyloft-bvm/internal/value/serialize.go:268.105,270.4 1 0
github.com/ArubikU/polyloft-bvm/internal/value/serialize.go:271.3,271.50 1 0
github.com/ArubikU/polyloft-bvm/internal/value/serialize.go:271.50,272.73 1 0
github.com/ArubikU/polyloft-bvm/internal/value/serialize.go:272.73,274.5 1 0
github.com/ArubikU/polyloft-bvm/internal/value/serialize.go:279.2,279.72 1 0
github.com/ArubikU/polyloft-bvm/internal/value/serialize.go:279.72,281.3 1 0
github.com/ArubikU/polyloft-bvm/internal/value/serialize.go:282.2,282.72 1 0
github.com/ArubikU/polyloft-bvm/internal/value/serialize.go:282.72,284.3 1 0
github.com/ArubikU/polyloft-bvm/internal/value/serialize.go:286.2,286.66 1 0
github.com/ArubikU/polyloft-bvm/internal/value/serialize.go:286.66,288.3 1 0
github.com/ArubikU/polyloft-bvm/internal/value/serialize.go:291.2,291.84 1 0
github.com/ArubikU/polyloft-bvm/internal/value/serialize.go:291.84,293.3 1 0
github.com/ArubikU/polyloft-bvm/internal/value/serialize.go:294.2,294.29 1 0
github.com/ArubikU/polyloft-bvm/internal/value/serialize.go:294.29,295.52 1 0
github.com/ArubikU/polyloft-bvm/internal/value/serialize.go:295.52,297.4 1 0
github.com/ArubikU/polyloft-bvm/internal/value/serialize.go:298.3,298.45 1 0
github.com/ArubikU/polyloft-bvm/internal/value/serialize.go:298.45,300.4 1 0
github.com/ArubikU/polyloft-bvm/internal/value/serialize.go:302.2,302.67 1 0
github.com/ArubikU/polyloft-bvm/internal/value/serialize.go:302.67,304.3 1 0
github.com/ArubikU/polyloft-bvm/internal/value/serialize.go:306.2,306.88 1 0
github.com/ArubikU/polyloft-bvm/internal/value/serialize.go:306.88,308.3 1 0
github.com/ArubikU/polyloft-bvm/internal/value/serialize.go:309.2,309.33 1 0
github.com/ArubikU/polyloft-bvm/internal/value/serialize.go:309.33,310.52 1 0
github.com/ArubikU/polyloft-bvm/internal/value/serialize.go:310.52,312.4 1 0
github.com/ArubikU/polyloft-bvm/internal/value/serialize.go:313.3,313.72 1 0
github.com/ArubikU/polyloft-bvm/internal/value/serialize.go:313.72,315.4 1 0
github.com/ArubikU/polyloft-bvm/internal/value/serialize.go:318.2,318.68 1 0
github.com/ArubikU/polyloft-bvm/internal/value/serialize.go:318.68,320.3 1 0
github.com/ArubikU/polyloft-bvm/internal/value/serialize.go:322.2,322.89 1 0
github.com/ArubikU/polyloft-bvm/internal/value/serialize.go:322.89,324.3 1 0
github.com/ArubikU/polyloft-bvm/internal/value/serialize.go:325.2,325.34 1 0
github.com/ArubikU/polyloft-bvm/internal/value/serialize.go:325.34,326.52 1 0
github.com/ArubikU/polyloft-bvm/internal/value/serialize.go:326.52,328.4 1 0
github.com/ArubikU/polyloft-bvm/internal/value/serialize.go:329.3,329.72 1 0
github.com/ArubikU/polyloft-bvm/internal/value/serialize.go:329.72,331.4 1 0
github.com/ArubikU/polyloft-bvm/internal/value/serialize.go:335.2,335.89 1 0
github.com/ArubikU/polyloft-bvm/internal/value/serialize.go:335.89,337.3 1 0
github.com/ArubikU/polyloft-bvm/internal/value/serialize.go:338.2,338.34 1 0
github.com/ArubikU/polyloft-bvm/internal/value/serialize.go:338.34,339.15 1 0
github.com/ArubikU/polyloft-bvm/internal/value/serialize.go:339.15,340.72 1 0
github.com/ArubikU/polyloft-bvm/internal/value/serialize.go:340.72,342.5 1 0
github.com/ArubikU/polyloft-bvm/internal/value/serialize.go:343.9,344.72 1 0
github.com/ArubikU/polyloft-bvm/internal/value/serialize.go:344.72,346.5 1 0
github.com/ArubikU/polyloft-bvm/internal/value/serialize.go:347.4,347.48 1 0
github.com/ArubikU/polyloft-bvm/internal/value/serialize.go:347.48,349.5 1 0
github.com/ArubikU/polyloft-bvm/internal/value/serialize.go:354.2,354.85 1 0
github.com/ArubikU/polyloft-bvm/internal/value/serialize.go:354.85,356.3 1 0
github.com/ArubikU/polyloft-bvm/internal/value/serialize.go:357.2,357.30 1 0
github.com/ArubikU/polyloft-bvm/internal/value/serialize.go:357.30,358.52 1 0
github.com/ArubikU/polyloft-bvm/internal/value/serialize.go:358.52,360.4 1 0
github.com/ArubikU/polyloft-bvm/internal/value/serialize.go:361.3,361.15 1 0
github.com/ArubikU/polyloft-bvm/internal/value/serialize.go:361.15,362.72 1 0
github.com/ArubikU/polyloft-bvm/internal/value/serialize.go:362.72,364.5 1 0
github.com/ArubikU/polyloft-bvm/internal/value/serialize.go:365.9,366.72 1 0
github.com/ArubikU/polyloft-bvm/internal/value/serialize.go:366.72,368.5 1 0
github.com/ArubikU/polyloft-bvm/internal/value/serialize.go:369.4,369.48 1 0
github.com/ArubikU/polyloft-bvm/internal/value/serialize.go:369.48,371.5 1 0
github.com/ArubikU/polyloft-bvm/internal/value/serialize.go:375.2,375.26 1 0
github.com/ArubikU/polyloft-bvm/internal/value/serialize.go:375.26,376.71 1 0
github.com/ArubikU/polyloft-bvm/internal/value/serialize.go:376.71,378.4 1 0
github.com/ArubikU/polyloft-bvm/internal/value/serialize.go:379.8,380.71 1 0
github.com/ArubikU/polyloft-bvm/internal/value/serialize.go:380.71,382.4 1 0
github.com/ArubikU/polyloft-bvm/internal/value/serialize.go:383.3,383.59 1 0
github.com/ArubikU/polyloft-bvm/internal/value/serialize.go:383.59,385.4 1 0
github.com/ArubikU/polyloft-bvm/internal/value/serialize.go:389.2,389.73 1 0
github.com/ArubikU/polyloft-bvm/internal/value/serialize.go:389.73,391.3 1 0
github.com/ArubikU/polyloft-bvm/internal/value/serialize.go:394.2,394.90 1 0
github.com/ArubikU/polyloft-bvm/internal/value/serialize.go:394.90,396.3 1 0
github.com/ArubikU/polyloft-bvm/internal/value/serialize.go:397.2,397.35 1 0
github.com/ArubikU/polyloft-bvm/internal/value/serialize.go:397.35,398.52 1 0
github.com/ArubikU/polyloft-bvm/internal/value/serialize.go:398.52,400.4 1 0
github.com/ArubikU/polyloft-bvm/internal/value/serialize.go:401.3,401.45 1 0
github.com/ArubikU/polyloft-bvm/internal/value/serialize.go:401.45,403.4 1 0
github.com/ArubikU/polyloft-bvm/internal/value/serialize.go:407.2,407.72 1 0
github.com/ArubikU/polyloft-bvm/internal/value/serialize.go:407.72,409.3 1 0
github.com/ArubikU/polyloft-bvm/internal/value/serialize.go:412.2,412.91 1 0
github.com/ArubikU/polyloft-bvm/internal/value/serialize.go:412.91,414.3 1 0
github.com/ArubikU/polyloft-bvm/internal/value/serialize.go:415.2,415.36 1 0
github.com/ArubikU/polyloft-bvm/internal/value/serialize.go:415.36,416.52 1 0
github.com/ArubikU/polyloft-bvm/internal/value/serialize.go:416.52,418.4 1 0
github.com/ArubikU/polyloft-bvm/internal/value/serialize.go:419.3,419.15 1 0
github.com/ArubikU/polyloft-bvm/internal/value/serialize.go:419.15,420.72 1 0
github.com/ArubikU/polyloft-bvm/internal/value/serialize.go:420.72,422.5 1 0
github.com/ArubikU/polyloft-bvm/internal/value/serialize.go:423.9,424.72 1 0
github.com/ArubikU/polyloft-bvm/internal/value/serialize.go:424.72,426.5 1 0
github.com/ArubikU/polyloft-bvm/internal/value/serialize.go:427.4,427.48 1 0
github.com/ArubikU/polyloft-bvm/internal/value/serialize.go:427.48,429.5 1 0
github.com/ArubikU/polyloft-bvm/internal/value/serialize.go:434.2,434.94 1 0
github.com/ArubikU/polyloft-bvm/internal/value/serialize.go:434.94,436.3 1 0
github.com/ArubikU/polyloft-bvm/internal/value/serialize.go:437.2,437.39 1 0
github.com/ArubikU/polyloft-bvm/internal/value/serialize.go:437.39,438.52 1 0
github.com/ArubikU/polyloft-bvm/internal/value/serialize.go:438.52,440.4 1 0
github.com/ArubikU/polyloft-bvm/internal/value/serialize.go:441.3,441.52 1 0
github.com/ArubikU/polyloft-bvm/internal/value/serialize.go:441.52,443.4 1 0
github.com/ArubikU/polyloft-bvm/internal/value/serialize.go:447.2,447.94 1 0
github.com/ArubikU/polyloft-bvm/internal/value/serialize.go:447.94,449.3 1 0
github.com/ArubikU/polyloft-bvm/internal/value/serialize.go:450.2,450.39 1 0
github.com/ArubikU/polyloft-bvm/internal/value/serialize.go:450.39,451.52 1 0
github.com/ArubikU/polyloft-bvm/internal/value/serialize.go:451.52,453.4 1 0
github.com/ArubikU/polyloft-bvm/internal/value/serialize.go:454.3,454.52 1 0
github.com/ArubikU/polyloft-bvm/internal/value/serialize.go:454.52,456.4 1 0
github.com/ArubikU/polyloft-bvm/internal/value/serialize.go:459.2,460.46 2 0
github.com/ArubikU/polyloft-bvm/internal/value/serialize.go:460.46,461.63 1 0
github.com/ArubikU/polyloft-bvm/internal/value/serialize.go:461.63,463.4 1 0
github.com/ArubikU/polyloft-bvm/internal/value/serialize.go:465.2,465.75 1 0
github.com/ArubikU/polyloft-bvm/internal/value/serialize.go:465.75,467.3 1 0
github.com/ArubikU/polyloft-bvm/internal/value/serialize.go:468.2,468.46 1 0
github.com/ArubikU/polyloft-bvm/internal/value/serialize.go:468.46,470.23 2 0
github.com/ArubikU/polyloft-bvm/internal/value/serialize.go:470.23,471.12 1 0
github.com/ArubikU/polyloft-bvm/internal/value/serialize.go:473.3,473.75 1 0
github.com/ArubikU/polyloft-bvm/internal/value/serialize.go:473.75,475.4 1 0
github.com/ArubikU/polyloft-bvm/internal/value/serialize.go:476.3,476.48 1 0
github.com/ArubikU/polyloft-bvm/internal/value/serialize.go:476.48,478.4 1 0
github.com/ArubikU/polyloft-bvm/internal/value/serialize.go:481.2,481.12 1 0
github.com/ArubikU/polyloft-bvm/internal/value/serialize.go:484.63,486.54 2 0
github.com/ArubikU/polyloft-bvm/internal/value/serialize.go:486.54,488.3 1 0
github.com/ArubikU/polyloft-bvm/internal/value/serialize.go:490.2,490.75 1 0
github.com/ArubikU/polyloft-bvm/internal/value/serialize.go:490.75,492.3 1 0
github.com/ArubikU/polyloft-bvm/internal/value/serialize.go:493.2,493.71 1 0
github.com/ArubikU/polyloft-bvm/internal/value/serialize.go:493.71,495.3 1 0
github.com/ArubikU/polyloft-bvm/internal/value/serialize.go:496.2,496.73 1 0
github.com/ArubikU/polyloft-bvm/internal/value/serialize.go:496.73,498.3 1 0
github.com/ArubikU/polyloft-bvm/internal/value/serialize.go:499.2,499.73 1 0
github.com/ArubikU/polyloft-bvm/internal/value/serialize.go:499.73,501.3 1 0
github.com/ArubikU/polyloft-bvm/internal/value/serialize.go:503.2,504.70 2 0
github.com/ArubikU/polyloft-bvm/internal/value/serialize.go:504.70,506.3 1 0
github.com/ArubikU/polyloft-bvm/internal/value/serialize.go:507.2,507.18 1 0
github.com/ArubikU/polyloft-bvm/internal/value/serialize.go:507.18,510.69 3 0
github.com/ArubikU/polyloft-bvm/internal/value/serialize.go:510.69,512.4 1 0
github.com/ArubikU/polyloft-bvm/internal/value/serialize.go:513.3,516.72 3 0
github.com/ArubikU/polyloft-bvm/internal/value/serialize.go:516.72,518.4 1 0
github.com/ArubikU/polyloft-bvm/internal/value/serialize.go:519.3,520.41 2 0
github.com/ArubikU/polyloft-bvm/internal/value/serialize.go:520.41,522.66 2 0
github.com/ArubikU/polyloft-bvm/internal/value/serialize.go:522.66,524.5 1 0
github.com/ArubikU/polyloft-bvm/internal/value/serialize.go:525.4,525.44 1 0
github.com/ArubikU/polyloft-bvm/internal/value/serialize.go:528.3,529.71 2 0
github.com/ArubikU/polyloft-bvm/internal/value/serialize.go:529.71,531.4 1 0
github.com/ArubikU/polyloft-bvm/internal/value/serialize.go:532.3,533.40 2 0
github.com/ArubikU/polyloft-bvm/internal/value/serialize.go:533.40,535.66 2 0
github.com/ArubikU/polyloft-bvm/internal/value/serialize.go:535.66,537.5 1 0
github.com/ArubikU/polyloft-bvm/internal/value/serialize.go:538.4,538.44 1 0
github.com/ArubikU/polyloft-bvm/internal/value/serialize.go:543.2,544.68 2 0
github.com/ArubikU/polyloft-bvm/internal/value/serialize.go:544.68,546.3 1 0
github.com/ArubikU/polyloft-bvm/internal/value/serialize.go:547.2,547.68 1 0
github.com/ArubikU/polyloft-bvm/internal/value/serialize.go:547.68,549.3 1 0
github.com/ArubikU/polyloft-bvm/internal/value/serialize.go:551.2,551.64 1 0
github.com/ArubikU/polyloft-bvm/internal/value/serialize.go:551.64,553.3 1 0
github.com/ArubikU/polyloft-bvm/internal/value/serialize.go:555.2,556.67 2 0
github.com/ArubikU/polyloft-bvm/internal/value/serialize.go:556.67,558.3 1 0
github.com/ArubikU/polyloft-bvm/internal/value/serialize.go:559.2,560.36 2 0
github.com/ArubikU/polyloft-bvm/internal/value/serialize.go:560.36,562.17 2 0
github.com/ArubikU/polyloft-bvm/internal/value/serialize.go:562.17,564.4 1 0
github.com/ArubikU/polyloft-bvm/internal/value/serialize.go:565.3,566.17 2 0
github.com/ArubikU/polyloft-bvm/internal/value/serialize.go:566.17,568.4 1 0
github.com/ArubikU/polyloft-bvm/internal/value/serialize.go:569.3,569.18 1 0
github.com/ArubikU/polyloft-bvm/internal/value/serialize.go:572.2,572.65 1 0
github.com/ArubikU/polyloft-bvm/internal/value/serialize.go:572.65,574.3 1 0
github.com/ArubikU/polyloft-bvm/internal/value/serialize.go:576.2,577.68 2 0
github.com/ArubikU/polyloft-bvm/internal/value/serialize.go:577.68,579.3 1 0
github.com/ArubikU/polyloft-bvm/internal/value/serialize.go:580.2,581.37 2 0
github.com/ArubikU/polyloft-bvm/internal/value/serialize.go:581.37,583.17 2 0
github.com/ArubikU/polyloft-bvm/internal/value/serialize.go:583.17,585.4 1 0
github.com/ArubikU/polyloft-bvm/internal/value/serialize.go:586.3,587.65 2 0
github.com/ArubikU/polyloft-bvm/internal/value/serialize.go:587.65,589.4 1 0
github.com/ArubikU/polyloft-bvm/internal/value/serialize.go:590.3,590.27 1 0
github.com/ArubikU/polyloft-bvm/internal/value/serialize.go:593.2,593.66 1 0
github.com/ArubikU/polyloft-bvm/internal/value/serialize.go:593.66,595.3 1 0
github.com/ArubikU/polyloft-bvm/internal/value/serialize.go:597.2,598.68 2 0
github.com/ArubikU/polyloft-bvm/internal/value/serialize.go:598.68,600.3 1 0
github.com/ArubikU/polyloft-bvm/internal/value/serialize.go:601.2,602.37 2 0
github.com/ArubikU/polyloft-bvm/internal/value/serialize.go:602.37,604.17 2 0
github.com/ArubikU/polyloft-bvm/internal/value/serialize.go:604.17,606.4 1 0
github.com/ArubikU/polyloft-bvm/internal/value/serialize.go:607.3,608.65 2 0
github.com/ArubikU/polyloft-bvm/internal/value/serialize.go:608.65,610.4 1 0
github.com/ArubikU/polyloft-bvm/internal/value/serialize.go:611.3,611.28 1 0
github.com/ArubikU/polyloft-bvm/internal/value/serialize.go:614.2,615.68 2 0
github.com/ArubikU/polyloft-bvm/internal/value/serialize.go:615.68,617.3 1 0
github.com/ArubikU/polyloft-bvm/internal/value/serialize.go:618.2,619.37 2 0
github.com/ArubikU/polyloft-bvm/internal/value/serialize.go:619.37,621.67 2 0
github.com/ArubikU/polyloft-bvm/internal/value/serialize.go:621.67,623.4 1 0
github.com/ArubikU/polyloft-bvm/internal/value/serialize.go:624.3,624.15 1 0
github.com/ArubikU/polyloft-bvm/internal/value/serialize.go:624.15,626.18 2 0
github.com/ArubikU/polyloft-bvm/internal/value/serialize.go:626.18,628.5 1 0
github.com/ArubikU/polyloft-bvm/internal/value/serialize.go:629.4,629.24 1 0
github.com/ArubikU/polyloft-bvm/internal/value/serialize.go:633.2,634.67 2 0
github.com/ArubikU/polyloft-bvm/internal/value/serialize.go:634.67,636.3 1 0
github.com/ArubikU/polyloft-bvm/internal/value/serialize.go:637.2,638.36 2 0
github.com/ArubikU/polyloft-bvm/internal/value/serialize.go:638.36,640.17 2 0
github.com/ArubikU/polyloft-bvm/internal/value/serialize.go:640.17,642.4 1 0
github.com/ArubikU/polyloft-bvm/internal/value/serialize.go:643.3,644.67 2 0
github.com/ArubikU/polyloft-bvm/internal/value/serialize.go:644.67,646.4 1 0
github.com/ArubikU/polyloft-bvm/internal/value/serialize.go:647.3,647.15 1 0
github.com/ArubikU/polyloft-bvm/internal/value/serialize.go:647.15,649.18 2 0
github.com/ArubikU/polyloft-bvm/internal/value/serialize.go:649.18,651.5 1 0
github.com/ArubikU/polyloft-bvm/internal/value/serialize.go:652.4,652.20 1 0
github.com/ArubikU/polyloft-bvm/internal/value/serialize.go:656.2,657.71 2 0
github.com/ArubikU/polyloft-bvm/internal/value/serialize.go:657.71,659.3 1 0
github.com/ArubikU/polyloft-bvm/internal/value/serialize.go:660.2,660.19 1 0
github.com/ArubikU/polyloft-bvm/internal/value/serialize.go:660.19,662.17 2 0
github.com/ArubikU/polyloft-bvm/internal/value/serialize.go:662.17,664.4 1 0
github.com/ArubikU/polyloft-bvm/internal/value/serialize.go:665.3,665.20 1 0
github.com/ArubikU/polyloft-bvm/internal/value/serialize.go:669.2,669.71 1 0
github.com/ArubikU/polyloft-bvm/internal/value/serialize.go:669.71,671.3 1 0
github.com/ArubikU/polyloft-bvm/internal/value/serialize.go:674.2,675.68 2 0
github.com/ArubikU/polyloft-bvm/internal/value/serialize.go:675.68,677.3 1 0
github.com/ArubikU/polyloft-bvm/internal/value/serialize.go:678.2,679.37 2 0
github.com/ArubikU/polyloft-bvm/internal/value/serialize.go:679.37,681.17 2 0
github.com/ArubikU/polyloft-bvm/internal/value/serialize.go:681.17,683.4 1 0
github.com/ArubikU/polyloft-bvm/internal/value/serialize.go:684.3,685.17 2 0
github.com/ArubikU/polyloft-bvm/internal/value/serialize.go:685.17,687.4 1 0
github.com/ArubikU/polyloft-bvm/internal/value/serialize.go:688.3,688.24 1 0
github.com/ArubikU/polyloft-bvm/internal/value/serialize.go:692.2,693.68 2 0
github.com/ArubikU/polyloft-bvm/internal/value/serialize.go:693.68,695.3 1 0
github.com/ArubikU/polyloft-bvm/internal/value/serialize.go:696.2,700.68 3 0
github.com/ArubikU/polyloft-bvm/internal/value/serialize.go:700.68,702.3 1 0
github.com/ArubikU/polyloft-bvm/internal/value/serialize.go:703.2,704.37 2 0
github.com/ArubikU/polyloft-bvm/internal/value/serialize.go:704.37,706.17 2 0
github.com/ArubikU/polyloft-bvm/internal/value/serialize.go:706.17,708.4 1 0
github.com/ArubikU/polyloft-bvm/internal/value/serialize.go:709.3,710.67 2 0
github.com/ArubikU/polyloft-bvm/internal/value/serialize.go:710.67,712.4 1 0
github.com/ArubikU/polyloft-bvm/internal/value/serialize.go:713.3,713.15 1 0
github.com/ArubikU/polyloft-bvm/internal/value/serialize.go:713.15,715.18 2 0
github.com/ArubikU/polyloft-bvm/internal/value/serialize.go:715.18,717.5 1 0
github.com/ArubikU/polyloft-bvm/internal/value/serialize.go:718.4,718.26 1 0
github.com/ArubikU/polyloft-bvm/internal/value/serialize.go:723.2,724.68 2 0
github.com/ArubikU/polyloft-bvm/internal/value/serialize.go:724.68,726.3 1 0
github.com/ArubikU/polyloft-bvm/internal/value/serialize.go:727.2,728.37 2 0
github.com/ArubikU/polyloft-bvm/internal/value/serialize.go:728.37,730.17 2 0
github.com/ArubikU/polyloft-bvm/internal/value/serialize.go:730.17,732.4 1 0
github.com/ArubikU/polyloft-bvm/internal/value/serialize.go:733.3,734.17 2 0
github.com/ArubikU/polyloft-bvm/internal/value/serialize.go:734.17,736.4 1 0
github.com/ArubikU/polyloft-bvm/internal/value/serialize.go:737.3,737.28 1 0
github.com/ArubikU/polyloft-bvm/internal/value/serialize.go:741.2,742.69 2 0
github.com/ArubikU/polyloft-bvm/internal/value/serialize.go:742.69,744.3 1 0
github.com/ArubikU/polyloft-bvm/internal/value/serialize.go:745.2,746.38 2 0
github.com/ArubikU/polyloft-bvm/internal/value/serialize.go:746.38,748.17 2 0
github.com/ArubikU/polyloft-bvm/internal/value/serialize.go:748.17,750.4 1 0
github.com/ArubikU/polyloft-bvm/internal/value/serialize.go:751.3,752.17 2 0
github.com/ArubikU/polyloft-bvm/internal/value/serialize.go:752.17,754.4 1 0
github.com/ArubikU/polyloft-bvm/internal/value/serialize.go:755.3,755.28 1 0
github.com/ArubikU/polyloft-bvm/internal/value/serialize.go:758.2,760.75 3 0
github.com/ArubikU/polyloft-bvm/internal/value/serialize.go:760.75,762.3 1 0
github.com/ArubikU/polyloft-bvm/internal/value/serialize.go:763.2,763.44 1 0
github.com/ArubikU/polyloft-bvm/internal/value/serialize.go:763.44,765.68 2 0
github.com/ArubikU/polyloft-bvm/internal/value/serialize.go:765.68,767.4 1 0
github.com/ArubikU/polyloft-bvm/internal/value/serialize.go:768.3,769.17 2 0
github.com/ArubikU/polyloft-bvm/internal/value/serialize.go:769.17,771.4 1 0
github.com/ArubikU/polyloft-bvm/internal/value/serialize.go:772.3,772.49 1 0
github.com/ArubikU/polyloft-bvm/internal/value/serialize.go:775.2,775.12 1 0
github.com/ArubikU/polyloft-bvm/internal/value/value.go:11.13,31.2 17 0
github.com/ArubikU/polyloft-bvm/internal/value/value.go:261.23,263.2 1 0
github.com/ArubikU/polyloft-bvm/internal/value/value.go:265.35,267.2 1 0
github.com/ArubikU/polyloft-bvm/internal/value/value.go:269.30,271.2 1 0
github.com/ArubikU/polyloft-bvm/internal/value/value.go:273.34,275.2 1 0
github.com/ArubikU/polyloft-bvm/internal/value/value.go:277.30,279.2 1 0
github.com/ArubikU/polyloft-bvm/internal/value/value.go:281.30,283.2 1 0
github.com/ArubikU/polyloft-bvm/internal/value/value.go:285.34,287.2 1 0
github.com/ArubikU/polyloft-bvm/internal/value/value.go:289.31,291.2 1 0
github.com/ArubikU/polyloft-bvm/internal/value/value.go:293.32,294.16 1 0
github.com/ArubikU/polyloft-bvm/internal/value/value.go:295.11,296.15 1 0
github.com/ArubikU/polyloft-bvm/internal/value/value.go:297.12,298.16 1 0
github.com/ArubikU/polyloft-bvm/internal/value/value.go:299.10,300.14 1 0
github.com/ArubikU/polyloft-bvm/internal/value/value.go:304.56,307.2 2 0
github.com/ArubikU/polyloft-bvm/internal/value/value.go:309.45,312.2 2 0
github.com/ArubikU/polyloft-bvm/internal/value/value.go:314.45,317.2 2 0
github.com/ArubikU/polyloft-bvm/internal/value/value.go:319.43,322.2 2 0
github.com/ArubikU/polyloft-bvm/internal/value/value.go:324.41,327.2 2 0
github.com/ArubikU/polyloft-bvm/internal/value/value.go:329.41,332.2 2 0
github.com/ArubikU/polyloft-bvm/internal/value/value.go:334.37,337.2 2 0
github.com/ArubikU/polyloft-bvm/internal/value/value.go:339.41,342.2 2 0
github.com/ArubikU/polyloft-bvm/internal/value/value.go:344.47,347.2 2 0
github.com/ArubikU/polyloft-bvm/internal/value/value.go:349.53,352.2 2 0
github.com/ArubikU/polyloft-bvm/internal/value/value.go:354.65,357.2 2 0
github.com/ArubikU/polyloft-bvm/internal/value/value.go:359.51,362.2 2 0
github.com/ArubikU/polyloft-bvm/internal/value/value.go:364.59,367.2 2 0
github.com/ArubikU/polyloft-bvm/internal/value/value.go:369.59,370.37 1 0
github.com/ArubikU/polyloft-bvm/internal/value/value.go:370.37,372.3 1 0
github.com/ArubikU/polyloft-bvm/internal/value/value.go:373.2,373.25 1 0
github.com/ArubikU/polyloft-bvm/internal/value/value.go:373.25,375.3 1 0
github.com/ArubikU/polyloft-bvm/internal/value/value.go:376.2,376.26 1 0
github.com/ArubikU/polyloft-bvm/internal/value/value.go:379.77,381.8 2 0
github.com/ArubikU/polyloft-bvm/internal/value/value.go:381.8,383.9 2 0
github.com/ArubikU/polyloft-bvm/internal/value/value.go:383.9,385.4 1 0
github.com/ArubikU/polyloft-bvm/internal/value/value.go:387.2,387.25 1 0
github.com/ArubikU/polyloft-bvm/internal/value/value.go:387.25,389.3 1 0
github.com/ArubikU/polyloft-bvm/internal/value/value.go:390.2,390.34 1 0
github.com/ArubikU/polyloft-bvm/internal/value/value.go:393.68,395.9 2 0
github.com/ArubikU/polyloft-bvm/internal/value/value.go:395.9,397.3 1 0
github.com/ArubikU/polyloft-bvm/internal/value/value.go:398.2,399.9 2 0
github.com/ArubikU/polyloft-bvm/internal/value/value.go:399.9,401.3 1 0
github.com/ArubikU/polyloft-bvm/internal/value/value.go:402.2,402.25 1 0
github.com/ArubikU/polyloft-bvm/internal/value/value.go:405.78,406.39 1 0
github.com/ArubikU/polyloft-bvm/internal/value/value.go:406.39,408.3 1 0
github.com/ArubikU/polyloft-bvm/internal/value/value.go:409.2,409.50 1 0
github.com/ArubikU/polyloft-bvm/internal/value/value.go:409.50,410.36 1 0
github.com/ArubikU/polyloft-bvm/internal/value/value.go:410.36,411.21 1 0
github.com/ArubikU/polyloft-bvm/internal/value/value.go:411.21,413.5 1 0
github.com/ArubikU/polyloft-bvm/internal/value/value.go:416.2,416.25 1 0
github.com/ArubikU/polyloft-bvm/internal/value/value.go:416.25,418.3 1 0
github.com/ArubikU/polyloft-bvm/internal/value/value.go:419.2,419.24 1 0
github.com/ArubikU/polyloft-bvm/internal/value/value.go:422.95,423.50 1 0
github.com/ArubikU/polyloft-bvm/internal/value/value.go:423.50,424.36 1 0
github.com/ArubikU/polyloft-bvm/internal/value/value.go:424.36,425.45 1 0
github.com/ArubikU/polyloft-bvm/internal/value/value.go:425.45,427.5 1 0
github.com/ArubikU/polyloft-bvm/internal/value/value.go:430.2,430.80 1 0
github.com/ArubikU/polyloft-bvm/internal/value/value.go:430.80,432.3 1 0
github.com/ArubikU/polyloft-bvm/internal/value/value.go:433.2,433.25 1 0
github.com/ArubikU/polyloft-bvm/internal/value/value.go:433.25,435.3 1 0
github.com/ArubikU/polyloft-bvm/internal/value/value.go:436.2,436.24 1 0
github.com/ArubikU/polyloft-bvm/internal/value/value.go:439.81,440.29 1 0
github.com/ArubikU/polyloft-bvm/internal/value/value.go:440.29,442.3 1 0
github.com/ArubikU/polyloft-bvm/internal/value/value.go:443.2,443.15 1 0
github.com/ArubikU/polyloft-bvm/internal/value/value.go:443.15,446.3 2 0
github.com/ArubikU/polyloft-bvm/internal/value/value.go:447.2,447.29 1 0
github.com/ArubikU/polyloft-bvm/internal/value/value.go:450.90,451.41 1 0
github.com/ArubikU/polyloft-bvm/internal/value/value.go:451.41,453.3 1 0
github.com/ArubikU/polyloft-bvm/internal/value/value.go:454.2,455.28 2 0
github.com/ArubikU/polyloft-bvm/internal/value/value.go:458.74,459.49 1 0
github.com/ArubikU/polyloft-bvm/internal/value/value.go:459.49,461.3 1 0
github.com/ArubikU/polyloft-bvm/internal/value/value.go:462.2,462.37 1 0
github.com/ArubikU/polyloft-bvm/internal/value/value.go:462.37,464.3 1 0
github.com/ArubikU/polyloft-bvm/internal/value/value.go:465.2,465.12 1 0
github.com/ArubikU/polyloft-bvm/internal/value/value.go:468.79,470.49 2 0
github.com/ArubikU/polyloft-bvm/internal/value/value.go:470.49,472.3 1 0
github.com/ArubikU/polyloft-bvm/internal/value/value.go:473.2,474.15 2 0
github.com/ArubikU/polyloft-bvm/internal/value/value.go:474.15,476.3 1 0
github.com/ArubikU/polyloft-bvm/internal/value/value.go:477.2,477.22 1 0
github.com/ArubikU/polyloft-bvm/internal/value/value.go:480.73,481.44 1 0
github.com/ArubikU/polyloft-bvm/internal/value/value.go:481.44,483.3 1 0
github.com/ArubikU/polyloft-bvm/internal/value/value.go:484.2,485.22 2 0
github.com/ArubikU/polyloft-bvm/internal/value/value.go:488.74,489.44 1 0
github.com/ArubikU/polyloft-bvm/internal/value/value.go:489.44,491.3 1 0
github.com/ArubikU/polyloft-bvm/internal/value/value.go:492.2,493.26 2 0
github.com/ArubikU/polyloft-bvm/internal/value/value.go:496.95,497.14 1 0
github.com/ArubikU/polyloft-bvm/internal/value/value.go:497.14,499.3 1 0
github.com/ArubikU/polyloft-bvm/internal/value/value.go:500.2,500.84 1 0
github.com/ArubikU/polyloft-bvm/internal/value/value.go:500.84,502.3 1 0
github.com/ArubikU/polyloft-bvm/internal/value/value.go:503.2,503.25 1 0
github.com/ArubikU/polyloft-bvm/internal/value/value.go:503.25,505.3 1 0
github.com/ArubikU/polyloft-bvm/internal/value/value.go:506.2,506.24 1 0
github.com/ArubikU/polyloft-bvm/internal/value/value.go:509.57,510.43 1 0
github.com/ArubikU/polyloft-bvm/internal/value/value.go:510.43,512.3 1 0
github.com/ArubikU/polyloft-bvm/internal/value/value.go:513.2,513.45 1 0
github.com/ArubikU/polyloft-bvm/internal/value/value.go:513.45,515.3 1 0
github.com/ArubikU/polyloft-bvm/internal/value/value.go:516.2,516.56 1 0
github.com/ArubikU/polyloft-bvm/internal/value/value.go:516.56,517.36 1 0
github.com/ArubikU/polyloft-bvm/internal/value/value.go:517.36,518.21 1 0
github.com/ArubikU/polyloft-bvm/internal/value/value.go:518.21,520.5 1 0
github.com/ArubikU/polyloft-bvm/internal/value/value.go:523.2,523.25 1 0
github.com/ArubikU/polyloft-bvm/internal/value/value.go:523.25,525.3 1 0
github.com/ArubikU/polyloft-bvm/internal/value/value.go:526.2,526.26 1 0
github.com/ArubikU/polyloft-bvm/internal/value/value.go:529.88,530.43 1 0
github.com/ArubikU/polyloft-bvm/internal/value/value.go:530.43,532.3 1 0
github.com/ArubikU/polyloft-bvm/internal/value/value.go:533.2,533.56 1 0
github.com/ArubikU/polyloft-bvm/internal/value/value.go:533.56,534.36 1 0
github.com/ArubikU/polyloft-bvm/internal/value/value.go:534.36,535.45 1 0
github.com/ArubikU/polyloft-bvm/internal/value/value.go:535.45,537.5 1 0
github.com/ArubikU/polyloft-bvm/internal/value/value.go:540.2,540.86 1 0
github.com/ArubikU/polyloft-bvm/internal/value/value.go:540.86,542.3 1 0
github.com/ArubikU/polyloft-bvm/internal/value/value.go:543.2,543.25 1 0
github.com/ArubikU/polyloft-bvm/internal/value/value.go:543.25,545.3 1 0
github.com/ArubikU/polyloft-bvm/internal/value/value.go:546.2,546.31 1 0
github.com/ArubikU/polyloft-bvm/internal/value/value.go:549.79,550.46 1 0
github.com/ArubikU/polyloft-bvm/internal/value/value.go:550.46,551.40 1 0
github.com/ArubikU/polyloft-bvm/internal/value/value.go:551.40,553.4 1 0
github.com/ArubikU/polyloft-bvm/internal/value/value.go:555.2,555.57 1 0
github.com/ArubikU/polyloft-bvm/internal/value/value.go:555.57,557.3 1 0
github.com/ArubikU/polyloft-bvm/internal/value/value.go:558.2,558.19 1 0
github.com/ArubikU/polyloft-bvm/internal/value/value.go:561.70,562.43 1 0
github.com/ArubikU/polyloft-bvm/internal/value/value.go:562.43,564.3 1 0
github.com/ArubikU/polyloft-bvm/internal/value/value.go:565.2,565.45 1 0
github.com/ArubikU/polyloft-bvm/internal/value/value.go:565.45,567.3 1 0
github.com/ArubikU/polyloft-bvm/internal/value/value.go:568.2,568.56 1 0
github.com/ArubikU/polyloft-bvm/internal/value/value.go:568.56,569.36 1 0
github.com/ArubikU/polyloft-bvm/internal/value/value.go:569.36,570.21 1 0
github.com/ArubikU/polyloft-bvm/internal/value/value.go:570.21,572.5 1 0
github.com/ArubikU/polyloft-bvm/internal/value/value.go:575.2,575.25 1 0
github.com/ArubikU/polyloft-bvm/internal/value/value.go:575.25,577.3 1 0
github.com/ArubikU/polyloft-bvm/internal/value/value.go:578.2,578.31 1 0
github.com/ArubikU/polyloft-bvm/internal/value/value.go:581.55,582.39 1 0
github.com/ArubikU/polyloft-bvm/internal/value/value.go:582.39,584.21 2 0
github.com/ArubikU/polyloft-bvm/internal/value/value.go:584.21,586.4 1 0
github.com/ArubikU/polyloft-bvm/internal/value/value.go:587.3,588.13 2 0
github.com/ArubikU/polyloft-bvm/internal/value/value.go:590.2,590.25 1 0
github.com/ArubikU/polyloft-bvm/internal/value/value.go:590.25,592.3 1 0
github.com/ArubikU/polyloft-bvm/internal/value/value.go:593.2,593.69 1 0
github.com/ArubikU/polyloft-bvm/internal/value/value.go:596.41,598.38 2 0
github.com/ArubikU/polyloft-bvm/internal/value/value.go:598.38,600.3 1 0
github.com/ArubikU/polyloft-bvm/internal/value/value.go:601.2,601.17 1 0
github.com/ArubikU/polyloft-bvm/internal/value/value.go:604.56,606.9 2 0
github.com/ArubikU/polyloft-bvm/internal/value/value.go:606.9,608.3 1 0
github.com/ArubikU/polyloft-bvm/internal/value/value.go:609.2,609.28 1 0
github.com/ArubikU/polyloft-bvm/internal/value/value.go:612.56,614.9 2 0
github.com/ArubikU/polyloft-bvm/internal/value/value.go:614.9,616.3 1 0
github.com/ArubikU/polyloft-bvm/internal/value/value.go:617.2,617.14 1 0
github.com/ArubikU/polyloft-bvm/internal/value/value.go:617.14,619.3 1 0
github.com/ArubikU/polyloft-bvm/internal/value/value.go:620.2,620.20 1 0
github.com/ArubikU/polyloft-bvm/internal/value/value.go:620.20,622.3 1 0
github.com/ArubikU/polyloft-bvm/internal/value/value.go:623.2,624.13 2 0
github.com/ArubikU/polyloft-bvm/internal/value/value.go:627.41,630.2 2 0
github.com/ArubikU/polyloft-bvm/internal/value/value.go:632.47,635.2 2 0
github.com/ArubikU/polyloft-bvm/internal/value/value.go:637.36,638.29 1 0
github.com/ArubikU/polyloft-bvm/internal/value/value.go:638.29,640.3 1 0
github.com/ArubikU/polyloft-bvm/internal/value/value.go:641.2,641.19 1 0
github.com/ArubikU/polyloft-bvm/internal/value/value.go:642.11,643.14 1 0
github.com/ArubikU/polyloft-bvm/internal/value/value.go:644.14,645.68 1 0
github.com/ArubikU/polyloft-bvm/internal/value/value.go:645.68,647.4 1 0
github.com/ArubikU/polyloft-bvm/internal/value/value.go:648.3,648.31 1 0
github.com/ArubikU/polyloft-bvm/internal/value/value.go:649.12,650.33 1 0
github.com/ArubikU/polyloft-bvm/internal/value/value.go:651.12,652.31 1 0
github.com/ArubikU/polyloft-bvm/internal/value/value.go:653.14,654.31 1 0
github.com/ArubikU/polyloft-bvm/internal/value/value.go:655.10,656.42 1 0
github.com/ArubikU/polyloft-bvm/internal/value/value.go:656.42,658.66 2 0
github.com/ArubikU/polyloft-bvm/internal/value/value.go:658.66,660.5 1 0
github.com/ArubikU/polyloft-bvm/internal/value/value.go:661.4,661.38 1 0
github.com/ArubikU/polyloft-bvm/internal/value/value.go:661.38,662.62 1 0
github.com/ArubikU/polyloft-bvm/internal/value/value.go:662.62,664.6 1 0
github.com/ArubikU/polyloft-bvm/internal/value/value.go:666.4,666.15 1 0
github.com/ArubikU/polyloft-bvm/internal/value/value.go:668.3,668.42 1 0
github.com/ArubikU/polyloft-bvm/internal/value/value.go:668.42,670.66 2 0
github.com/ArubikU/polyloft-bvm/internal/value/value.go:670.66,672.5 1 0
github.com/ArubikU/polyloft-bvm/internal/value/value.go:673.4,673.38 1 0
github.com/ArubikU/polyloft-bvm/internal/value/value.go:673.38,674.62 1 0
github.com/ArubikU/polyloft-bvm/internal/value/value.go:674.62,676.6 1 0
github.com/ArubikU/polyloft-bvm/internal/value/value.go:678.4,678.15 1 0
github.com/ArubikU/polyloft-bvm/internal/value/value.go:680.3,680.37 1 0
github.com/ArubikU/polyloft-bvm/internal/value/value.go:684.32,685.16 1 0
github.com/ArubikU/polyloft-bvm/internal/value/value.go:686.11,687.15 1 0
github.com/ArubikU/polyloft-bvm/internal/value/value.go:688.14,689.32 1 0
github.com/ArubikU/polyloft-bvm/internal/value/value.go:689.32,691.4 1 0
github.com/ArubikU/polyloft-bvm/internal/value/value.go:693.3,693.37 1 0
github.com/ArubikU/polyloft-bvm/internal/value/value.go:693.37,695.37 1 0
github.com/ArubikU/polyloft-bvm/internal/value/value.go:695.37,697.5 1 0
github.com/ArubikU/polyloft-bvm/internal/value/value.go:699.3,699.49 1 0
github.com/ArubikU/polyloft-bvm/internal/value/value.go:700.12,701.13 1 0
github.com/ArubikU/polyloft-bvm/internal/value/value.go:701.13,703.4 1 0
github.com/ArubikU/polyloft-bvm/internal/value/value.go:704.3,704.17 1 0
github.com/ArubikU/polyloft-bvm/internal/value/value.go:705.12,706.15 1 0
github.com/ArubikU/polyloft-bvm/internal/value/value.go:707.14,708.15 1 0
github.com/ArubikU/polyloft-bvm/internal/value/value.go:709.10,710.33 1 0
github.com/ArubikU/polyloft-bvm/internal/value/value.go:711.27,712.43 1 0
github.com/ArubikU/polyloft-bvm/internal/value/value.go:713.17,714.57 1 0
github.com/ArubikU/polyloft-bvm/internal/value/value.go:715.20,716.57 1 0
github.com/ArubikU/polyloft-bvm/internal/value/value.go:717.17,718.48 1 0
github.com/ArubikU/polyloft-bvm/internal/value/value.go:719.16,720.47 1 0
github.com/ArubikU/polyloft-bvm/internal/value/value.go:721.15,722.55 1 0
github.com/ArubikU/polyloft-bvm/internal/value/value.go:723.15,725.41 2 0
github.com/ArubikU/polyloft-bvm/internal/value/value.go:725.41,727.5 1 0
github.com/ArubikU/polyloft-bvm/internal/value/value.go:728.4,728.40 1 0
github.com/ArubikU/polyloft-bvm/internal/value/value.go:729.13,731.38 2 0
github.com/ArubikU/polyloft-bvm/internal/value/value.go:731.38,733.5 1 0
github.com/ArubikU/polyloft-bvm/internal/value/value.go:734.4,734.40 1 0
github.com/ArubikU/polyloft-bvm/internal/value/value.go:735.15,736.46 1 0
github.com/ArubikU/polyloft-bvm/internal/value/value.go:737.18,738.55 1 0
github.com/ArubikU/polyloft-bvm/internal/value/value.go:739.21,740.60 1 0
github.com/ArubikU/polyloft-bvm/internal/value/value.go:741.15,742.78 1 0
github.com/ArubikU/polyloft-bvm/internal/value/value.go:743.18,744.23 1 0
github.com/ArubikU/polyloft-bvm/internal/value/value.go:745.11,746.42 1 0
github.com/ArubikU/polyloft-bvm/internal/value/value.go:751.46,752.21 1 0
github.com/ArubikU/polyloft-bvm/internal/value/value.go:752.21,754.3 1 0
github.com/ArubikU/polyloft-bvm/internal/value/value.go:755.2,756.33 2 0
github.com/ArubikU/polyloft-bvm/internal/value/value.go:756.33,758.3 1 0
github.com/ArubikU/polyloft-bvm/internal/value/value.go:759.2,759.12 1 0
github.com/ArubikU/polyloft-bvm/samples/01-htmlgo-counter/html.go:10.65,13.33 3 0
github.com/ArubikU/polyloft-bvm/samples/01-htmlgo-counter/html.go:13.33,15.3 1 0
github.com/ArubikU/polyloft-bvm/samples/01-htmlgo-counter/html.go:16.2,16.10 1 0
github.com/ArubikU/polyloft-bvm/samples/01-htmlgo-counter/html.go:19.52,24.2 4 0
github.com/ArubikU/polyloft-bvm/samples/01-htmlgo-counter/html.go:26.58,32.2 5 0
github.com/ArubikU/polyloft-bvm/samples/01-htmlgo-counter/html.go:34.43,46.2 1 0
github.com/ArubikU/polyloft-bvm/samples/01-htmlgo-counter/html.go:48.70,49.17 1 0
github.com/ArubikU/polyloft-bvm/samples/01-htmlgo-counter/html.go:49.17,51.3 1 0
github.com/ArubikU/polyloft-bvm/samples/01-htmlgo-counter/html.go:52.2,54.31 3 0
github.com/ArubikU/polyloft-bvm/samples/01-htmlgo-counter/html.go:54.31,56.3 1 0
github.com/ArubikU/polyloft-bvm/samples/01-htmlgo-counter/html.go:57.2,67.38 4 0
github.com/ArubikU/polyloft-bvm/samples/01-htmlgo-counter/html.go:67.38,69.3 1 0
github.com/ArubikU/polyloft-bvm/samples/01-htmlgo-counter/main.go:14.46,15.15 1 0
github.com/ArubikU/polyloft-bvm/samples/01-htmlgo-counter/main.go:16.13,17.16 1 0
github.com/ArubikU/polyloft-bvm/samples/01-htmlgo-counter/main.go:18.13,19.16 1 0
github.com/ArubikU/polyloft-bvm/samples/01-htmlgo-counter/main.go:23.13,26.48 3 0
github.com/ArubikU/polyloft-bvm/samples/01-htmlgo-counter/main.go:26.48,27.13 1 0
github.com/ArubikU/polyloft-bvm/samples/01-htmlgo-counter/main.go:30.2,42.35 10 0
github.com/ArubikU/polyloft-bvm/internal/vm/vm.go:54.32,55.19 1 0
github.com/ArubikU/polyloft-bvm/internal/vm/vm.go:55.19,57.3 1 0
github.com/ArubikU/polyloft-bvm/internal/vm/vm.go:59.2,61.42 3 0
github.com/ArubikU/polyloft-bvm/internal/vm/vm.go:64.75,66.2 1 0
github.com/ArubikU/polyloft-bvm/internal/vm/vm.go:68.90,69.19 1 0
github.com/ArubikU/polyloft-bvm/internal/vm/vm.go:69.19,71.3 1 0
github.com/ArubikU/polyloft-bvm/internal/vm/vm.go:72.2,80.14 2 0
github.com/ArubikU/polyloft-bvm/internal/vm/vm.go:80.14,82.3 1 0
github.com/ArubikU/polyloft-bvm/internal/vm/vm.go:83.2,83.16 1 0
github.com/ArubikU/polyloft-bvm/internal/vm/vm.go:88.48,90.2 1 0
github.com/ArubikU/polyloft-bvm/internal/vm/vm.go:94.52,97.2 2 0
github.com/ArubikU/polyloft-bvm/internal/vm/vm.go:101.46,104.2 2 0
github.com/ArubikU/polyloft-bvm/internal/vm/vm.go:106.63,108.46 2 0
github.com/ArubikU/polyloft-bvm/internal/vm/vm.go:108.46,111.3 2 0
github.com/ArubikU/polyloft-bvm/internal/vm/vm.go:111.8,116.3 4 0
github.com/ArubikU/polyloft-bvm/internal/vm/vm.go:117.2,117.44 1 0
github.com/ArubikU/polyloft-bvm/internal/vm/vm.go:117.44,118.40 1 0
github.com/ArubikU/polyloft-bvm/internal/vm/vm.go:118.40,121.4 2 0
github.com/ArubikU/polyloft-bvm/internal/vm/vm.go:123.2,124.32 2 0
github.com/ArubikU/polyloft-bvm/internal/vm/vm.go:127.89,131.2 3 0
github.com/ArubikU/polyloft-bvm/internal/vm/vm.go:133.97,135.42 2 0
github.com/ArubikU/polyloft-bvm/internal/vm/vm.go:135.42,137.3 1 0
github.com/ArubikU/polyloft-bvm/internal/vm/vm.go:138.2,138.46 1 0
github.com/ArubikU/polyloft-bvm/internal/vm/vm.go:138.46,139.65 1 0
github.com/ArubikU/polyloft-bvm/internal/vm/vm.go:139.65,140.12 1 0
github.com/ArubikU/polyloft-bvm/internal/vm/vm.go:142.3,142.63 1 0
github.com/ArubikU/polyloft-bvm/internal/vm/vm.go:144.2,146.27 3 0
github.com/ArubikU/polyloft-bvm/internal/vm/vm.go:146.27,148.3 1 0
github.com/ArubikU/polyloft-bvm/internal/vm/vm.go:149.2,149.64 1 0
github.com/ArubikU/polyloft-bvm/internal/vm/vm.go:152.88,156.27 4 0
github.com/ArubikU/polyloft-bvm/internal/vm/vm.go:156.27,158.3 1 0
github.com/ArubikU/polyloft-bvm/internal/vm/vm.go:159.2,159.43 1 0
github.com/ArubikU/polyloft-bvm/internal/vm/vm.go:159.43,162.3 2 0
github.com/ArubikU/polyloft-bvm/internal/vm/vm.go:163.2,164.16 2 0
github.com/ArubikU/polyloft-bvm/internal/vm/vm.go:164.16,165.34 1 0
github.com/ArubikU/polyloft-bvm/internal/vm/vm.go:165.34,169.4 3 0
github.com/ArubikU/polyloft-bvm/internal/vm/vm.go:170.3,171.31 2 0
github.com/ArubikU/polyloft-bvm/internal/vm/vm.go:173.2,173.31 1 0
github.com/ArubikU/polyloft-bvm/internal/vm/vm.go:173.31,175.3 1 0
github.com/ArubikU/polyloft-bvm/internal/vm/vm.go:176.2,176.20 1 0
github.com/ArubikU/polyloft-bvm/internal/vm/vm.go:179.69,180.33 1 0
github.com/ArubikU/polyloft-bvm/internal/vm/vm.go:180.33,182.43 2 0
github.com/ArubikU/polyloft-bvm/internal/vm/vm.go:182.43,183.153 1 0
github.com/ArubikU/polyloft-bvm/internal/vm/vm.go:183.153,184.13 1 0
github.com/ArubikU/polyloft-bvm/internal/vm/vm.go:185.10,187.5 1 0
github.com/ArubikU/polyloft-bvm/internal/vm/vm.go:190.3,193.13 3 0
github.com/ArubikU/polyloft-bvm/internal/vm/vm.go:194.28,196.62 2 0
github.com/ArubikU/polyloft-bvm/internal/vm/vm.go:197.23,198.29 1 0
github.com/ArubikU/polyloft-bvm/internal/vm/vm.go:199.24,200.34 1 0
github.com/ArubikU/polyloft-bvm/internal/vm/vm.go:201.25,202.35 1 0
github.com/ArubikU/polyloft-bvm/internal/vm/vm.go:203.23,204.12 1 0
github.com/ArubikU/polyloft-bvm/internal/vm/vm.go:205.23,206.23 1 0
github.com/ArubikU/polyloft-bvm/internal/vm/vm.go:207.26,211.19 4 0
github.com/ArubikU/polyloft-bvm/internal/vm/vm.go:212.28,214.37 2 0
github.com/ArubikU/polyloft-bvm/internal/vm/vm.go:215.28,217.40 2 0
github.com/ArubikU/polyloft-bvm/internal/vm/vm.go:218.37,220.47 2 0
github.com/ArubikU/polyloft-bvm/internal/vm/vm.go:221.36,225.11 4 0
github.com/ArubikU/polyloft-bvm/internal/vm/vm.go:225.11,227.5 1 0
github.com/ArubikU/polyloft-bvm/internal/vm/vm.go:228.4,229.77 2 0
github.com/ArubikU/polyloft-bvm/internal/vm/vm.go:229.77,231.5 1 0
github.com/ArubikU/polyloft-bvm/internal/vm/vm.go:232.4,232.74 1 0
github.com/ArubikU/polyloft-bvm/internal/vm/vm.go:233.53,238.11 5 0
github.com/ArubikU/polyloft-bvm/internal/vm/vm.go:238.11,240.5 1 0
github.com/ArubikU/polyloft-bvm/internal/vm/vm.go:241.4,242.68 2 0
github.com/ArubikU/polyloft-bvm/internal/vm/vm.go:242.68,244.5 1 0
github.com/ArubikU/polyloft-bvm/internal/vm/vm.go:245.55,250.27 5 0
github.com/ArubikU/polyloft-bvm/internal/vm/vm.go:250.27,252.5 1 0
github.com/ArubikU/polyloft-bvm/internal/vm/vm.go:253.4,254.113 2 0
github.com/ArubikU/polyloft-bvm/internal/vm/vm.go:254.113,256.5 1 0
github.com/ArubikU/polyloft-bvm/internal/vm/vm.go:257.30,259.47 2 0
github.com/ArubikU/polyloft-bvm/internal/vm/vm.go:260.30,262.49 2 0
github.com/ArubikU/polyloft-bvm/internal/vm/vm.go:263.32,265.31 2 0
github.com/ArubikU/polyloft-bvm/internal/vm/vm.go:266.36,269.33 3 0
github.com/ArubikU/polyloft-bvm/internal/vm/vm.go:270.29,273.11 3 0
github.com/ArubikU/polyloft-bvm/internal/vm/vm.go:273.11,275.5 1 0
github.com/ArubikU/polyloft-bvm/internal/vm/vm.go:276.4,276.16 1 0
github.com/ArubikU/polyloft-bvm/internal/vm/vm.go:277.33,279.31 2 0
github.com/ArubikU/polyloft-bvm/internal/vm/vm.go:279.31,281.5 1 0
github.com/ArubikU/polyloft-bvm/internal/vm/vm.go:282.4,282.33 1 0
github.com/ArubikU/polyloft-bvm/internal/vm/vm.go:283.29,285.38 2 0
github.com/ArubikU/polyloft-bvm/internal/vm/vm.go:285.38,287.5 1 0
github.com/ArubikU/polyloft-bvm/internal/vm/vm.go:288.4,288.31 1 0
github.com/ArubikU/polyloft-bvm/internal/vm/vm.go:289.33,291.31 2 0
github.com/ArubikU/polyloft-bvm/internal/vm/vm.go:291.31,293.5 1 0
github.com/ArubikU/polyloft-bvm/internal/vm/vm.go:294.4,294.35 1 0
github.com/ArubikU/polyloft-bvm/internal/vm/vm.go:295.25,299.18 4 0
github.com/ArubikU/polyloft-bvm/internal/vm/vm.go:299.18,301.5 1 0
github.com/ArubikU/polyloft-bvm/internal/vm/vm.go:302.4,302.35 1 0
github.com/ArubikU/polyloft-bvm/internal/vm/vm.go:303.29,306.65 3 0
github.com/ArubikU/polyloft-bvm/internal/vm/vm.go:307.27,310.86 3 0
github.com/ArubikU/polyloft-bvm/internal/vm/vm.go:310.86,312.5 1 0
github.com/ArubikU/polyloft-bvm/internal/vm/vm.go:312.10,312.17 1 0
github.com/ArubikU/polyloft-bvm/internal/vm/vm.go:312.17,314.13 2 0
github.com/ArubikU/polyloft-bvm/internal/vm/vm.go:316.4,316.75 1 0
github.com/ArubikU/polyloft-bvm/internal/vm/vm.go:316.75,318.5 1 0
github.com/ArubikU/polyloft-bvm/internal/vm/vm.go:319.4,319.22 1 0
github.com/ArubikU/polyloft-bvm/internal/vm/vm.go:320.27,321.75 1 0
github.com/ArubikU/polyloft-bvm/internal/vm/vm.go:321.75,321.91 1 0
github.com/ArubikU/polyloft-bvm/internal/vm/vm.go:321.116,321.132 1 0
github.com/ArubikU/polyloft-bvm/internal/vm/vm.go:321.146,323.5 1 0
github.com/ArubikU/polyloft-bvm/internal/vm/vm.go:324.24,325.72 1 0
github.com/ArubikU/polyloft-bvm/internal/vm/vm.go:325.72,325.88 1 0
github.com/ArubikU/polyloft-bvm/internal/vm/vm.go:325.113,325.129 1 0
github.com/ArubikU/polyloft-bvm/internal/vm/vm.go:325.143,327.5 1 0
github.com/ArubikU/polyloft-bvm/internal/vm/vm.go:328.23,331.50 3 0
github.com/ArubikU/polyloft-bvm/internal/vm/vm.go:331.50,332.53 1 0
github.com/ArubikU/polyloft-bvm/internal/vm/vm.go:332.53,334.14 2 0
github.com/ArubikU/polyloft-bvm/internal/vm/vm.go:337.4,337.63 1 0
github.com/ArubikU/polyloft-bvm/internal/vm/vm.go:337.63,339.13 2 0
github.com/ArubikU/polyloft-bvm/internal/vm/vm.go:342.4,342.48 1 0
github.com/ArubikU/polyloft-bvm/internal/vm/vm.go:342.48,343.51 1 0
github.com/ArubikU/polyloft-bvm/internal/vm/vm.go:343.51,345.14 2 0
github.com/ArubikU/polyloft-bvm/internal/vm/vm.go:348.4,348.118 1 0
github.com/ArubikU/polyloft-bvm/internal/vm/vm.go:348.118,350.19 2 0
github.com/ArubikU/polyloft-bvm/internal/vm/vm.go:350.19,352.6 1 0
github.com/ArubikU/polyloft-bvm/internal/vm/vm.go:353.5,354.19 2 0
github.com/ArubikU/polyloft-bvm/internal/vm/vm.go:354.19,356.6 1 0
github.com/ArubikU/polyloft-bvm/internal/vm/vm.go:357.5,358.13 2 0
github.com/ArubikU/polyloft-bvm/internal/vm/vm.go:361.4,361.48 1 0
github.com/ArubikU/polyloft-bvm/internal/vm/vm.go:361.48,362.52 1 0
github.com/ArubikU/polyloft-bvm/internal/vm/vm.go:362.52,367.14 5 0
github.com/ArubikU/polyloft-bvm/internal/vm/vm.go:370.4,370.88 1 0
github.com/ArubikU/polyloft-bvm/internal/vm/vm.go:370.88,372.5 1 0
github.com/ArubikU/polyloft-bvm/internal/vm/vm.go:372.10,372.17 1 0
github.com/ArubikU/polyloft-bvm/internal/vm/vm.go:372.17,374.13 2 0
github.com/ArubikU/polyloft-bvm/internal/vm/vm.go:376.4,376.73 1 0
github.com/ArubikU/polyloft-bvm/internal/vm/vm.go:377.23,378.75 1 0
github.com/ArubikU/polyloft-bvm/internal/vm/vm.go:378.75,378.91 1 0
github.com/ArubikU/polyloft-bvm/internal/vm/vm.go:378.105,380.5 1 0
github.com/ArubikU/polyloft-bvm/internal/vm/vm.go:381.23,382.75 1 0
github.com/ArubikU/polyloft-bvm/internal/vm/vm.go:382.75,382.91 1 0
github.com/ArubikU/polyloft-bvm/internal/vm/vm.go:382.105,384.5 1 0
github.com/ArubikU/polyloft-bvm/internal/vm/vm.go:385.23,386.57 1 0
github.com/ArubikU/polyloft-bvm/internal/vm/vm.go:386.57,388.5 1 0
github.com/ArubikU/polyloft-bvm/internal/vm/vm.go:389.23,390.75 1 0
github.com/ArubikU/polyloft-bvm/internal/vm/vm.go:390.75,390.91 1 0
github.com/ArubikU/polyloft-bvm/internal/vm/vm.go:390.105,392.16 2 0
github.com/ArubikU/polyloft-bvm/internal/vm/vm.go:392.16,393.14 1 0
github.com/ArubikU/polyloft-bvm/internal/vm/vm.go:395.5,395.36 1 0
github.com/ArubikU/polyloft-bvm/internal/vm/vm.go:397.26,398.78 1 0
github.com/ArubikU/polyloft-bvm/internal/vm/vm.go:398.78,398.103 1 0
github.com/ArubikU/polyloft-bvm/internal/vm/vm.go:398.117,399.75 1 0
github.com/ArubikU/polyloft-bvm/internal/vm/vm.go:399.75,400.14 1 0
github.com/ArubikU/polyloft-bvm/internal/vm/vm.go:401.11,403.6 1 0
github.com/ArubikU/polyloft-bvm/internal/vm/vm.go:405.23,406.75 1 0
github.com/ArubikU/polyloft-bvm/internal/vm/vm.go:406.75,406.100 1 0
github.com/ArubikU/polyloft-bvm/internal/vm/vm.go:406.114,408.16 2 0
github.com/ArubikU/polyloft-bvm/internal/vm/vm.go:408.16,409.14 1 0
github.com/ArubikU/polyloft-bvm/internal/vm/vm.go:411.5,411.36 1 0
github.com/ArubikU/polyloft-bvm/internal/vm/vm.go:413.23,415.58 2 0
github.com/ArubikU/polyloft-bvm/internal/vm/vm.go:415.58,417.13 2 0
github.com/ArubikU/polyloft-bvm/internal/vm/vm.go:419.4,419.49 1 0
github.com/ArubikU/polyloft-bvm/internal/vm/vm.go:420.26,423.11 3 0
github.com/ArubikU/polyloft-bvm/internal/vm/vm.go:423.11,424.82 1 0
github.com/ArubikU/polyloft-bvm/internal/vm/vm.go:424.82,426.6 1 0
github.com/ArubikU/polyloft-bvm/internal/vm/vm.go:426.11,426.23 1 0
github.com/ArubikU/polyloft-bvm/internal/vm/vm.go:426.23,428.14 2 0
github.com/ArubikU/polyloft-bvm/internal/vm/vm.go:430.5,430.65 1 0
github.com/ArubikU/polyloft-bvm/internal/vm/vm.go:432.4,432.77 1 0
github.com/ArubikU/polyloft-bvm/internal/vm/vm.go:432.77,434.5 1 0
github.com/ArubikU/polyloft-bvm/internal/vm/vm.go:434.10,436.5 1 0
github.com/ArubikU/polyloft-bvm/internal/vm/vm.go:437.31,439.121 2 0
github.com/ArubikU/polyloft-bvm/internal/vm/vm.go:440.30,441.31 1 0
github.com/ArubikU/polyloft-bvm/internal/vm/vm.go:441.31,443.5 1 0
github.com/ArubikU/polyloft-bvm/internal/vm/vm.go:444.25,445.94 1 0
github.com/ArubikU/polyloft-bvm/internal/vm/vm.go:445.94,446.13 1 0
github.com/ArubikU/polyloft-bvm/internal/vm/vm.go:447.10,449.5 1 0
github.com/ArubikU/polyloft-bvm/internal/vm/vm.go:450.27,453.11 3 0
github.com/ArubikU/polyloft-bvm/internal/vm/vm.go:453.11,455.5 1 0
github.com/ArubikU/polyloft-bvm/internal/vm/vm.go:456.4,456.48 1 0
github.com/ArubikU/polyloft-bvm/internal/vm/vm.go:457.29,460.11 3 0
github.com/ArubikU/polyloft-bvm/internal/vm/vm.go:460.11,462.5 1 0
github.com/ArubikU/polyloft-bvm/internal/vm/vm.go:463.4,463.43 1 0
github.com/ArubikU/polyloft-bvm/internal/vm/vm.go:464.24,466.27 2 0
github.com/ArubikU/polyloft-bvm/internal/vm/vm.go:467.31,470.60 3 0
github.com/ArubikU/polyloft-bvm/internal/vm/vm.go:470.60,471.22 1 0
github.com/ArubikU/polyloft-bvm/internal/vm/vm.go:471.22,473.6 1 0
github.com/ArubikU/polyloft-bvm/internal/vm/vm.go:474.5,474.13 1 0
github.com/ArubikU/polyloft-bvm/internal/vm/vm.go:476.4,476.29 1 0
github.com/ArubikU/polyloft-bvm/internal/vm/vm.go:476.29,478.5 1 0
github.com/ArubikU/polyloft-bvm/internal/vm/vm.go:479.24,481.27 2 0
github.com/ArubikU/polyloft-bvm/internal/vm/vm.go:482.26,483.78 1 0
github.com/ArubikU/polyloft-bvm/internal/vm/vm.go:483.78,483.94 1 0
github.com/ArubikU/polyloft-bvm/internal/vm/vm.go:483.108,485.5 1 0
github.com/ArubikU/polyloft-bvm/internal/vm/vm.go:486.26,487.78 1 0
github.com/ArubikU/polyloft-bvm/internal/vm/vm.go:487.78,487.94 1 0
github.com/ArubikU/polyloft-bvm/internal/vm/vm.go:487.108,489.5 1 0
github.com/ArubikU/polyloft-bvm/internal/vm/vm.go:490.26,491.78 1 0
github.com/ArubikU/polyloft-bvm/internal/vm/vm.go:491.78,491.94 1 0
github.com/ArubikU/polyloft-bvm/internal/vm/vm.go:491.108,493.5 1 0
github.com/ArubikU/polyloft-bvm/internal/vm/vm.go:494.26,495.60 1 0
github.com/ArubikU/polyloft-bvm/internal/vm/vm.go:495.60,497.5 1 0
github.com/ArubikU/polyloft-bvm/internal/vm/vm.go:498.26,499.78 1 0
github.com/ArubikU/polyloft-bvm/internal/vm/vm.go:499.78,499.94 1 0
github.com/ArubikU/polyloft-bvm/internal/vm/vm.go:499.108,501.16 2 0
github.com/ArubikU/polyloft-bvm/internal/vm/vm.go:501.16,502.14 1 0
github.com/ArubikU/polyloft-bvm/internal/vm/vm.go:504.5,504.36 1 0
github.com/ArubikU/polyloft-bvm/internal/vm/vm.go:506.27,507.72 1 0
github.com/ArubikU/polyloft-bvm/internal/vm/vm.go:507.72,509.5 1 0
github.com/ArubikU/polyloft-bvm/internal/vm/vm.go:510.30,511.75 1 0
github.com/ArubikU/polyloft-bvm/internal/vm/vm.go:511.75,513.5 1 0
github.com/ArubikU/polyloft-bvm/internal/vm/vm.go:514.40,518.29 4 0
github.com/ArubikU/polyloft-bvm/internal/vm/vm.go:518.29,520.5 1 0
github.com/ArubikU/polyloft-bvm/internal/vm/vm.go:521.4,521.64 1 0
github.com/ArubikU/polyloft-bvm/internal/vm/vm.go:521.64,523.5 1 0
github.com/ArubikU/polyloft-bvm/internal/vm/vm.go:524.4,527.101 4 0
github.com/ArubikU/polyloft-bvm/internal/vm/vm.go:527.101,529.5 1 0
github.com/ArubikU/polyloft-bvm/internal/vm/vm.go:530.4,530.91 1 0
github.com/ArubikU/polyloft-bvm/internal/vm/vm.go:531.27,535.40 4 0
github.com/ArubikU/polyloft-bvm/internal/vm/vm.go:535.40,536.24 1 0
github.com/ArubikU/polyloft-bvm/internal/vm/vm.go:536.24,538.6 1 0
github.com/ArubikU/polyloft-bvm/internal/vm/vm.go:538.11,540.6 1 0
github.com/ArubikU/polyloft-bvm/internal/vm/vm.go:542.4,542.80 1 0
github.com/ArubikU/polyloft-bvm/internal/vm/vm.go:543.24,545.40 2 0
github.com/ArubikU/polyloft-bvm/internal/vm/vm.go:545.40,547.16 2 0
github.com/ArubikU/polyloft-bvm/internal/vm/vm.go:547.16,548.14 1 0
github.com/ArubikU/polyloft-bvm/internal/vm/vm.go:550.5,550.36 1 0
github.com/ArubikU/polyloft-bvm/internal/vm/vm.go:552.29,555.60 3 0
github.com/ArubikU/polyloft-bvm/internal/vm/vm.go:555.60,557.16 2 0
github.com/ArubikU/polyloft-bvm/internal/vm/vm.go:557.16,558.14 1 0
github.com/ArubikU/polyloft-bvm/internal/vm/vm.go:560.5,560.36 1 0
github.com/ArubikU/polyloft-bvm/internal/vm/vm.go:562.40,567.11 5 0
github.com/ArubikU/polyloft-bvm/internal/vm/vm.go:567.11,569.5 1 0
github.com/ArubikU/polyloft-bvm/internal/vm/vm.go:570.4,571.78 2 0
github.com/ArubikU/polyloft-bvm/internal/vm/vm.go:571.78,573.5 1 0
github.com/ArubikU/polyloft-bvm/internal/vm/vm.go:574.4,574.107 1 0
github.com/ArubikU/polyloft-bvm/internal/vm/vm.go:574.107,576.16 2 0
github.com/ArubikU/polyloft-bvm/internal/vm/vm.go:576.16,577.14 1 0
github.com/ArubikU/polyloft-bvm/internal/vm/vm.go:579.5,579.36 1 0
github.com/ArubikU/polyloft-bvm/internal/vm/vm.go:581.39,585.11 4 0
github.com/ArubikU/polyloft-bvm/internal/vm/vm.go:585.11,587.5 1 0
github.com/ArubikU/polyloft-bvm/internal/vm/vm.go:588.4,589.78 2 0
github.com/ArubikU/polyloft-bvm/internal/vm/vm.go:589.78,591.5 1 0
github.com/ArubikU/polyloft-bvm/internal/vm/vm.go:592.4,592.85 1 0
github.com/ArubikU/polyloft-bvm/internal/vm/vm.go:592.85,594.16 2 0
github.com/ArubikU/polyloft-bvm/internal/vm/vm.go:594.16,595.14 1 0
github.com/ArubikU/polyloft-bvm/internal/vm/vm.go:597.5,597.36 1 0
github.com/ArubikU/polyloft-bvm/internal/vm/vm.go:599.34,602.31 3 0
github.com/ArubikU/polyloft-bvm/internal/vm/vm.go:602.31,604.5 1 0
github.com/ArubikU/polyloft-bvm/internal/vm/vm.go:605.4,605.56 1 0
github.com/ArubikU/polyloft-bvm/internal/vm/vm.go:605.56,607.16 2 0
github.com/ArubikU/polyloft-bvm/internal/vm/vm.go:607.16,608.14 1 0
github.com/ArubikU/polyloft-bvm/internal/vm/vm.go:610.5,610.36 1 0
github.com/ArubikU/polyloft-bvm/internal/vm/vm.go:612.26,615.48 3 0
github.com/ArubikU/polyloft-bvm/internal/vm/vm.go:615.48,617.16 2 0
github.com/ArubikU/polyloft-bvm/internal/vm/vm.go:617.16,618.14 1 0
github.com/ArubikU/polyloft-bvm/internal/vm/vm.go:620.5,620.36 1 0
github.com/ArubikU/polyloft-bvm/internal/vm/vm.go:622.32,625.58 3 0
github.com/ArubikU/polyloft-bvm/internal/vm/vm.go:625.58,627.16 2 0
github.com/ArubikU/polyloft-bvm/internal/vm/vm.go:627.16,628.14 1 0
github.com/ArubikU/polyloft-bvm/internal/vm/vm.go:630.5,630.36 1 0
github.com/ArubikU/polyloft-bvm/internal/vm/vm.go:632.31,635.53 3 0
github.com/ArubikU/polyloft-bvm/internal/vm/vm.go:635.53,637.16 2 0
github.com/ArubikU/polyloft-bvm/internal/vm/vm.go:637.16,638.14 1 0
github.com/ArubikU/polyloft-bvm/internal/vm/vm.go:640.5,640.36 1 0
github.com/ArubikU/polyloft-bvm/internal/vm/vm.go:642.25,645.18 3 0
github.com/ArubikU/polyloft-bvm/internal/vm/vm.go:645.18,647.5 1 0
github.com/ArubikU/polyloft-bvm/internal/vm/vm.go:648.4,648.35 1 0
github.com/ArubikU/polyloft-bvm/internal/vm/vm.go:649.33,654.88 5 0
github.com/ArubikU/polyloft-bvm/internal/vm/vm.go:654.88,656.5 1 0
github.com/ArubikU/polyloft-bvm/internal/vm/vm.go:657.33,664.18 7 0
github.com/ArubikU/polyloft-bvm/internal/vm/vm.go:664.18,666.5 1 0
github.com/ArubikU/polyloft-bvm/internal/vm/vm.go:667.4,667.16 1 0
github.com/ArubikU/polyloft-bvm/internal/vm/vm.go:667.16,669.13 2 0
github.com/ArubikU/polyloft-bvm/internal/vm/vm.go:671.4,671.55 1 0
github.com/ArubikU/polyloft-bvm/internal/vm/vm.go:672.28,676.49 4 0
github.com/ArubikU/polyloft-bvm/internal/vm/vm.go:676.49,679.48 3 0
github.com/ArubikU/polyloft-bvm/internal/vm/vm.go:679.48,681.20 2 0
github.com/ArubikU/polyloft-bvm/internal/vm/vm.go:681.20,683.7 1 0
github.com/ArubikU/polyloft-bvm/internal/vm/vm.go:684.6,684.42 1 0
github.com/ArubikU/polyloft-bvm/internal/vm/vm.go:684.42,686.7 1 0
github.com/ArubikU/polyloft-bvm/internal/vm/vm.go:687.6,688.14 2 0
github.com/ArubikU/polyloft-bvm/internal/vm/vm.go:691.4,691.41 1 0
github.com/ArubikU/polyloft-bvm/internal/vm/vm.go:691.41,693.13 2 0
github.com/ArubikU/polyloft-bvm/internal/vm/vm.go:695.4,695.43 1 0
github.com/ArubikU/polyloft-bvm/internal/vm/vm.go:695.43,697.13 2 0
github.com/ArubikU/polyloft-bvm/internal/vm/vm.go:699.4,699.43 1 0
github.com/ArubikU/polyloft-bvm/internal/vm/vm.go:699.43,701.13 2 0
github.com/ArubikU/polyloft-bvm/internal/vm/vm.go:703.4,703.37 1 0
github.com/ArubikU/polyloft-bvm/internal/vm/vm.go:703.37,705.32 2 0
github.com/ArubikU/polyloft-bvm/internal/vm/vm.go:705.32,707.6 1 0
github.com/ArubikU/polyloft-bvm/internal/vm/vm.go:708.5,710.30 3 0
github.com/ArubikU/polyloft-bvm/internal/vm/vm.go:710.30,711.19 1 0
github.com/ArubikU/polyloft-bvm/internal/vm/vm.go:711.19,713.7 1 0
github.com/ArubikU/polyloft-bvm/internal/vm/vm.go:713.12,715.7 1 0
github.com/ArubikU/polyloft-bvm/internal/vm/vm.go:717.5,718.13 2 0
github.com/ArubikU/polyloft-bvm/internal/vm/vm.go:720.4,720.69 1 0
github.com/ArubikU/polyloft-bvm/internal/vm/vm.go:721.28,726.11 5 0
github.com/ArubikU/polyloft-bvm/internal/vm/vm.go:726.11,728.5 1 0
github.com/ArubikU/polyloft-bvm/internal/vm/vm.go:729.4,729.29 1 0
github.com/ArubikU/polyloft-bvm/internal/vm/vm.go:729.29,730.42 1 0
github.com/ArubikU/polyloft-bvm/internal/vm/vm.go:730.42,732.14 2 0
github.com/ArubikU/polyloft-bvm/internal/vm/vm.go:734.5,736.13 3 0
github.com/ArubikU/polyloft-bvm/internal/vm/vm.go:738.4,738.57 1 0
github.com/ArubikU/polyloft-bvm/internal/vm/vm.go:738.57,739.42 1 0
github.com/ArubikU/polyloft-bvm/internal/vm/vm.go:739.42,741.14 2 0
github.com/ArubikU/polyloft-bvm/internal/vm/vm.go:743.5,744.19 2 0
github.com/ArubikU/polyloft-bvm/internal/vm/vm.go:744.19,746.6 1 0
github.com/ArubikU/polyloft-bvm/internal/vm/vm.go:747.5,749.13 3 0
github.com/ArubikU/polyloft-bvm/internal/vm/vm.go:751.4,751.25 1 0
github.com/ArubikU/polyloft-bvm/internal/vm/vm.go:751.25,753.5 1 0
github.com/ArubikU/polyloft-bvm/internal/vm/vm.go:753.10,755.5 1 0
github.com/ArubikU/polyloft-bvm/internal/vm/vm.go:756.4,756.73 1 0
github.com/ArubikU/polyloft-bvm/internal/vm/vm.go:756.73,758.13 2 0
github.com/ArubikU/polyloft-bvm/internal/vm/vm.go:760.4,760.73 1 0
github.com/ArubikU/polyloft-bvm/internal/vm/vm.go:760.73,762.13 2 0
github.com/ArubikU/polyloft-bvm/internal/vm/vm.go:764.4,764.79 1 0
github.com/ArubikU/polyloft-bvm/internal/vm/vm.go:765.28,769.11 4 0
github.com/ArubikU/polyloft-bvm/internal/vm/vm.go:769.11,771.5 1 0
github.com/ArubikU/polyloft-bvm/internal/vm/vm.go:772.4,772.48 1 0
github.com/ArubikU/polyloft-bvm/internal/vm/vm.go:772.48,774.5 1 0
github.com/ArubikU/polyloft-bvm/internal/vm/vm.go:775.4,775.34 1 0
github.com/ArubikU/polyloft-bvm/internal/vm/vm.go:776.32,778.29 2 0
github.com/ArubikU/polyloft-bvm/internal/vm/vm.go:778.29,780.5 1 0
github.com/ArubikU/polyloft-bvm/internal/vm/vm.go:781.4,781.54 1 0
github.com/ArubikU/polyloft-bvm/internal/vm/vm.go:781.54,783.5 1 0
github.com/ArubikU/polyloft-bvm/internal/vm/vm.go:784.4,784.40 1 0
github.com/ArubikU/polyloft-bvm/internal/vm/vm.go:785.28,790.11 5 0
github.com/ArubikU/polyloft-bvm/internal/vm/vm.go:790.11,792.5 1 0
github.com/ArubikU/polyloft-bvm/internal/vm/vm.go:793.4,793.23 1 0
github.com/ArubikU/polyloft-bvm/internal/vm/vm.go:793.23,795.5 1 0
github.com/ArubikU/polyloft-bvm/internal/vm/vm.go:796.4,796.48 1 0
github.com/ArubikU/polyloft-bvm/internal/vm/vm.go:796.48,798.5 1 0
github.com/ArubikU/polyloft-bvm/internal/vm/vm.go:799.4,799.36 1 0
github.com/ArubikU/polyloft-bvm/internal/vm/vm.go:800.32,803.29 3 0
github.com/ArubikU/polyloft-bvm/internal/vm/vm.go:803.29,805.5 1 0
github.com/ArubikU/polyloft-bvm/internal/vm/vm.go:806.4,806.29 1 0
github.com/ArubikU/polyloft-bvm/internal/vm/vm.go:806.29,808.5 1 0
github.com/ArubikU/polyloft-bvm/internal/vm/vm.go:809.4,809.54 1 0
github.com/ArubikU/polyloft-bvm/internal/vm/vm.go:809.54,811.5 1 0
github.com/ArubikU/polyloft-bvm/internal/vm/vm.go:812.4,812.42 1 0
github.com/ArubikU/polyloft-bvm/internal/vm/vm.go:813.31,816.43 3 0
github.com/ArubikU/polyloft-bvm/internal/vm/vm.go:816.43,818.16 2 0
github.com/ArubikU/polyloft-bvm/internal/vm/vm.go:818.16,820.6 1 0
github.com/ArubikU/polyloft-bvm/internal/vm/vm.go:821.5,822.13 2 0
github.com/ArubikU/polyloft-bvm/internal/vm/vm.go:824.4,824.48 1 0
github.com/ArubikU/polyloft-bvm/internal/vm/vm.go:824.48,825.35 1 0
github.com/ArubikU/polyloft-bvm/internal/vm/vm.go:825.35,827.6 1 0
github.com/ArubikU/polyloft-bvm/internal/vm/vm.go:828.5,829.13 2 0
github.com/ArubikU/polyloft-bvm/internal/vm/vm.go:831.4,831.41 1 0
github.com/ArubikU/polyloft-bvm/internal/vm/vm.go:831.41,833.16 2 0
github.com/ArubikU/polyloft-bvm/internal/vm/vm.go:833.16,835.6 1 0
github.com/ArubikU/polyloft-bvm/internal/vm/vm.go:836.5,836.80 1 0
github.com/ArubikU/polyloft-bvm/internal/vm/vm.go:836.80,838.6 1 0
github.com/ArubikU/polyloft-bvm/internal/vm/vm.go:839.5,839.41 1 0
github.com/ArubikU/polyloft-bvm/internal/vm/vm.go:839.41,841.14 2 0
github.com/ArubikU/polyloft-bvm/internal/vm/vm.go:843.5,844.13 2 0
github.com/ArubikU/polyloft-bvm/internal/vm/vm.go:846.4,846.47 1 0
github.com/ArubikU/polyloft-bvm/internal/vm/vm.go:846.47,847.84 1 0
github.com/ArubikU/polyloft-bvm/internal/vm/vm.go:847.84,848.72 1 0
github.com/ArubikU/polyloft-bvm/internal/vm/vm.go:848.72,850.7 1 0
github.com/ArubikU/polyloft-bvm/internal/vm/vm.go:851.6,853.14 3 0
github.com/ArubikU/polyloft-bvm/internal/vm/vm.go:855.5,855.75 1 0
github.com/ArubikU/polyloft-bvm/internal/vm/vm.go:855.75,856.81 1 0
github.com/ArubikU/polyloft-bvm/internal/vm/vm.go:856.81,858.7 1 0
github.com/ArubikU/polyloft-bvm/internal/vm/vm.go:859.6,860.14 2 0
github.com/ArubikU/polyloft-bvm/internal/vm/vm.go:862.5,862.99 1 0
github.com/ArubikU/polyloft-bvm/internal/vm/vm.go:864.4,864.97 1 0
github.com/ArubikU/polyloft-bvm/internal/vm/vm.go:865.31,870.11 5 0
github.com/ArubikU/polyloft-bvm/internal/vm/vm.go:870.11,871.42 1 0
github.com/ArubikU/polyloft-bvm/internal/vm/vm.go:871.42,873.16 2 0
github.com/ArubikU/polyloft-bvm/internal/vm/vm.go:873.16,874.82 1 0
github.com/ArubikU/polyloft-bvm/internal/vm/vm.go:874.82,876.8 1 0
github.com/ArubikU/polyloft-bvm/internal/vm/vm.go:878.6,878.60 1 0
github.com/ArubikU/polyloft-bvm/internal/vm/vm.go:878.60,880.7 1 0
github.com/ArubikU/polyloft-bvm/internal/vm/vm.go:881.6,881.14 1 0
github.com/ArubikU/polyloft-bvm/internal/vm/vm.go:883.5,883.98 1 0
github.com/ArubikU/polyloft-bvm/internal/vm/vm.go:885.4,885.83 1 0
github.com/ArubikU/polyloft-bvm/internal/vm/vm.go:885.83,886.71 1 0
github.com/ArubikU/polyloft-bvm/internal/vm/vm.go:886.71,888.6 1 0
github.com/ArubikU/polyloft-bvm/internal/vm/vm.go:890.4,890.42 1 0
github.com/ArubikU/polyloft-bvm/internal/vm/vm.go:890.42,892.5 1 0
github.com/ArubikU/polyloft-bvm/internal/vm/vm.go:893.33,897.119 4 0
github.com/ArubikU/polyloft-bvm/internal/vm/vm.go:898.25,901.36 3 0
github.com/ArubikU/polyloft-bvm/internal/vm/vm.go:901.36,903.5 1 0
github.com/ArubikU/polyloft-bvm/internal/vm/vm.go:904.4,904.64 1 0
github.com/ArubikU/polyloft-bvm/internal/vm/vm.go:905.23,908.31 3 0
github.com/ArubikU/polyloft-bvm/internal/vm/vm.go:908.31,911.33 3 0
github.com/ArubikU/polyloft-bvm/internal/vm/vm.go:911.33,913.6 1 0
github.com/ArubikU/polyloft-bvm/internal/vm/vm.go:914.5,914.27 1 0
github.com/ArubikU/polyloft-bvm/internal/vm/vm.go:916.4,916.60 1 0
github.com/ArubikU/polyloft-bvm/internal/vm/vm.go:917.25,920.36 3 0
github.com/ArubikU/polyloft-bvm/internal/vm/vm.go:920.36,922.5 1 0
github.com/ArubikU/polyloft-bvm/internal/vm/vm.go:923.4,923.64 1 0
github.com/ArubikU/polyloft-bvm/internal/vm/vm.go:924.26,927.47 3 0
github.com/ArubikU/polyloft-bvm/internal/vm/vm.go:927.47,930.53 3 0
github.com/ArubikU/polyloft-bvm/internal/vm/vm.go:930.53,932.20 2 0
github.com/ArubikU/polyloft-bvm/internal/vm/vm.go:932.20,934.7 1 0
github.com/ArubikU/polyloft-bvm/internal/vm/vm.go:935.6,935.37 1 0
github.com/ArubikU/polyloft-bvm/internal/vm/vm.go:935.37,937.7 1 0
github.com/ArubikU/polyloft-bvm/internal/vm/vm.go:938.6,938.34 1 0
github.com/ArubikU/polyloft-bvm/internal/vm/vm.go:938.34,940.7 1 0
github.com/ArubikU/polyloft-bvm/internal/vm/vm.go:941.6,941.33 1 0
github.com/ArubikU/polyloft-bvm/internal/vm/vm.go:941.33,943.21 2 0
github.com/ArubikU/polyloft-bvm/internal/vm/vm.go:943.21,945.8 1 0
github.com/ArubikU/polyloft-bvm/internal/vm/vm.go:946.7,946.21 1 0
github.com/ArubikU/polyloft-bvm/internal/vm/vm.go:948.6,948.14 1 0
github.com/ArubikU/polyloft-bvm/internal/vm/vm.go:951.4,951.41 1 0
github.com/ArubikU/polyloft-bvm/internal/vm/vm.go:951.41,952.37 1 0
github.com/ArubikU/polyloft-bvm/internal/vm/vm.go:952.37,954.6 1 0
github.com/ArubikU/polyloft-bvm/internal/vm/vm.go:955.5,955.44 1 0
github.com/ArubikU/polyloft-bvm/internal/vm/vm.go:955.44,957.6 1 0
github.com/ArubikU/polyloft-bvm/internal/vm/vm.go:958.5,958.13 1 0
github.com/ArubikU/polyloft-bvm/internal/vm/vm.go:960.4,960.41 1 0
github.com/ArubikU/polyloft-bvm/internal/vm/vm.go:960.41,961.37 1 0
github.com/ArubikU/polyloft-bvm/internal/vm/vm.go:961.37,963.6 1 0
github.com/ArubikU/polyloft-bvm/internal/vm/vm.go:964.5,964.44 1 0
github.com/ArubikU/polyloft-bvm/internal/vm/vm.go:964.44,966.6 1 0
github.com/ArubikU/polyloft-bvm/internal/vm/vm.go:967.5,967.13 1 0
github.com/ArubikU/polyloft-bvm/internal/vm/vm.go:969.4,969.66 1 0
github.com/ArubikU/polyloft-bvm/internal/vm/vm.go:970.28,973.35 3 0
github.com/ArubikU/polyloft-bvm/internal/vm/vm.go:973.35,974.35 1 0
github.com/ArubikU/polyloft-bvm/internal/vm/vm.go:974.35,976.6 1 0
github.com/ArubikU/polyloft-bvm/internal/vm/vm.go:977.5,979.37 3 0
github.com/ArubikU/polyloft-bvm/internal/vm/vm.go:979.37,981.6 1 0
github.com/ArubikU/polyloft-bvm/internal/vm/vm.go:982.5,983.13 2 0
github.com/ArubikU/polyloft-bvm/internal/vm/vm.go:985.4,985.41 1 0
github.com/ArubikU/polyloft-bvm/internal/vm/vm.go:985.41,986.35 1 0
github.com/ArubikU/polyloft-bvm/internal/vm/vm.go:986.35,988.6 1 0
github.com/ArubikU/polyloft-bvm/internal/vm/vm.go:989.5,990.46 2 0
github.com/ArubikU/polyloft-bvm/internal/vm/vm.go:990.46,992.6 1 0
github.com/ArubikU/polyloft-bvm/internal/vm/vm.go:993.5,994.13 2 0
github.com/ArubikU/polyloft-bvm/internal/vm/vm.go:996.4,996.41 1 0
github.com/ArubikU/polyloft-bvm/internal/vm/vm.go:996.41,997.35 1 0
github.com/ArubikU/polyloft-bvm/internal/vm/vm.go:997.35,999.6 1 0
github.com/ArubikU/polyloft-bvm/internal/vm/vm.go:1000.5,1001.46 2 0
github.com/ArubikU/polyloft-bvm/internal/vm/vm.go:1001.46,1003.6 1 0
github.com/ArubikU/polyloft-bvm/internal/vm/vm.go:1004.5,1005.13 2 0
github.com/ArubikU/polyloft-bvm/internal/vm/vm.go:1007.4,1007.35 1 0
github.com/ArubikU/polyloft-bvm/internal/vm/vm.go:1007.35,1008.35 1 0
github.com/ArubikU/polyloft-bvm/internal/vm/vm.go:1008.35,1010.6 1 0
github.com/ArubikU/polyloft-bvm/internal/vm/vm.go:1011.5,1012.16 2 0
github.com/ArubikU/polyloft-bvm/internal/vm/vm.go:1012.16,1014.6 1 0
github.com/ArubikU/polyloft-bvm/internal/vm/vm.go:1014.11,1016.6 1 0
github.com/ArubikU/polyloft-bvm/internal/vm/vm.go:1017.5,1017.13 1 0
github.com/ArubikU/polyloft-bvm/internal/vm/vm.go:1019.4,1019.47 1 0
github.com/ArubikU/polyloft-bvm/internal/vm/vm.go:1019.47,1020.107 1 0
github.com/ArubikU/polyloft-bvm/internal/vm/vm.go:1020.107,1022.20 2 0
github.com/ArubikU/polyloft-bvm/internal/vm/vm.go:1022.20,1024.7 1 0
github.com/ArubikU/polyloft-bvm/internal/vm/vm.go:1025.6,1026.14 2 0
github.com/ArubikU/polyloft-bvm/internal/vm/vm.go:1029.4,1029.65 1 0
github.com/ArubikU/polyloft-bvm/internal/vm/vm.go:1030.33,1034.11 4 0
github.com/ArubikU/polyloft-bvm/internal/vm/vm.go:1034.11,1036.5 1 0
github.com/ArubikU/polyloft-bvm/internal/vm/vm.go:1037.4,1037.34 1 0
github.com/ArubikU/polyloft-bvm/internal/vm/vm.go:1037.34,1039.5 1 0
github.com/ArubikU/polyloft-bvm/internal/vm/vm.go:1040.4,1041.45 2 0
github.com/ArubikU/polyloft-bvm/internal/vm/vm.go:1041.45,1043.5 1 0
github.com/ArubikU/polyloft-bvm/internal/vm/vm.go:1044.4,1044.32 1 0
github.com/ArubikU/polyloft-bvm/internal/vm/vm.go:1045.31,1049.11 4 0
github.com/ArubikU/polyloft-bvm/internal/vm/vm.go:1049.11,1051.5 1 0
github.com/ArubikU/polyloft-bvm/internal/vm/vm.go:1052.4,1052.34 1 0
github.com/ArubikU/polyloft-bvm/internal/vm/vm.go:1052.34,1054.5 1 0
github.com/ArubikU/polyloft-bvm/internal/vm/vm.go:1055.4,1055.51 1 0
github.com/ArubikU/polyloft-bvm/internal/vm/vm.go:1055.51,1057.5 1 0
github.com/ArubikU/polyloft-bvm/internal/vm/vm.go:1057.10,1059.5 1 0
github.com/ArubikU/polyloft-bvm/internal/vm/vm.go:1060.28,1063.38 3 0
github.com/ArubikU/polyloft-bvm/internal/vm/vm.go:1063.38,1065.12 2 0
github.com/ArubikU/polyloft-bvm/internal/vm/vm.go:1065.12,1067.6 1 0
github.com/ArubikU/polyloft-bvm/internal/vm/vm.go:1068.5,1069.13 2 0
github.com/ArubikU/polyloft-bvm/internal/vm/vm.go:1071.4,1071.44 1 0
github.com/ArubikU/polyloft-bvm/internal/vm/vm.go:1071.44,1073.19 2 0
github.com/ArubikU/polyloft-bvm/internal/vm/vm.go:1073.19,1075.6 1 0
github.com/ArubikU/polyloft-bvm/internal/vm/vm.go:1076.5,1077.13 2 0
github.com/ArubikU/polyloft-bvm/internal/vm/vm.go:1079.4,1079.38 1 0
github.com/ArubikU/polyloft-bvm/internal/vm/vm.go:1079.38,1080.36 1 0
github.com/ArubikU/polyloft-bvm/internal/vm/vm.go:1080.36,1082.6 1 0
github.com/ArubikU/polyloft-bvm/internal/vm/vm.go:1083.5,1085.13 3 0
github.com/ArubikU/polyloft-bvm/internal/vm/vm.go:1087.4,1087.50 1 0
github.com/ArubikU/polyloft-bvm/internal/vm/vm.go:1087.50,1088.107 1 0
github.com/ArubikU/polyloft-bvm/internal/vm/vm.go:1088.107,1090.20 2 0
github.com/ArubikU/polyloft-bvm/internal/vm/vm.go:1090.20,1092.7 1 0
github.com/ArubikU/polyloft-bvm/internal/vm/vm.go:1093.6,1094.14 2 0
github.com/ArubikU/polyloft-bvm/internal/vm/vm.go:1097.4,1097.74 1 0
github.com/ArubikU/polyloft-bvm/internal/vm/vm.go:1098.33,1102.11 4 0
github.com/ArubikU/polyloft-bvm/internal/vm/vm.go:1102.11,1104.5 1 0
github.com/ArubikU/polyloft-bvm/internal/vm/vm.go:1105.4,1106.18 2 0
github.com/ArubikU/polyloft-bvm/internal/vm/vm.go:1106.18,1108.5 1 0
github.com/ArubikU/polyloft-bvm/internal/vm/vm.go:1109.4,1109.38 1 0
github.com/ArubikU/polyloft-bvm/internal/vm/vm.go:1110.31,1114.11 4 0
github.com/ArubikU/polyloft-bvm/internal/vm/vm.go:1114.11,1116.5 1 0
github.com/ArubikU/polyloft-bvm/internal/vm/vm.go:1117.4,1117.35 1 0
github.com/ArubikU/polyloft-bvm/internal/vm/vm.go:1117.35,1119.5 1 0
github.com/ArubikU/polyloft-bvm/internal/vm/vm.go:1120.4,1121.36 2 0
github.com/ArubikU/polyloft-bvm/internal/vm/vm.go:1122.34,1125.38 3 0
github.com/ArubikU/polyloft-bvm/internal/vm/vm.go:1125.38,1127.5 1 0
github.com/ArubikU/polyloft-bvm/internal/vm/vm.go:1128.4,1129.11 2 0
github.com/ArubikU/polyloft-bvm/internal/vm/vm.go:1129.11,1131.5 1 0
github.com/ArubikU/polyloft-bvm/internal/vm/vm.go:1132.4,1132.71 1 0
github.com/ArubikU/polyloft-bvm/internal/vm/vm.go:1133.25,1137.62 4 0
github.com/ArubikU/polyloft-bvm/internal/vm/vm.go:1137.62,1139.5 1 0
github.com/ArubikU/polyloft-bvm/internal/vm/vm.go:1140.4,1142.35 3 0
github.com/ArubikU/polyloft-bvm/internal/vm/vm.go:1142.35,1145.19 3 0
github.com/ArubikU/polyloft-bvm/internal/vm/vm.go:1145.19,1147.6 1 0
github.com/ArubikU/polyloft-bvm/internal/vm/vm.go:1148.5,1149.13 2 0
github.com/ArubikU/polyloft-bvm/internal/vm/vm.go:1151.4,1151.41 1 0
github.com/ArubikU/polyloft-bvm/internal/vm/vm.go:1151.41,1153.19 2 0
github.com/ArubikU/polyloft-bvm/internal/vm/vm.go:1153.19,1155.6 1 0
github.com/ArubikU/polyloft-bvm/internal/vm/vm.go:1156.5,1158.13 3 0
github.com/ArubikU/polyloft-bvm/internal/vm/vm.go:1160.4,1160.41 1 0
github.com/ArubikU/polyloft-bvm/internal/vm/vm.go:1160.41,1162.19 2 0
github.com/ArubikU/polyloft-bvm/internal/vm/vm.go:1162.19,1164.6 1 0
github.com/ArubikU/polyloft-bvm/internal/vm/vm.go:1165.5,1167.13 3 0
github.com/ArubikU/polyloft-bvm/internal/vm/vm.go:1169.4,1169.47 1 0
github.com/ArubikU/polyloft-bvm/internal/vm/vm.go:1169.47,1170.98 1 0
github.com/ArubikU/polyloft-bvm/internal/vm/vm.go:1170.98,1172.20 2 0
github.com/ArubikU/polyloft-bvm/internal/vm/vm.go:1172.20,1174.7 1 0
github.com/ArubikU/polyloft-bvm/internal/vm/vm.go:1175.6,1176.14 2 0
github.com/ArubikU/polyloft-bvm/internal/vm/vm.go:1179.4,1179.65 1 0
github.com/ArubikU/polyloft-bvm/internal/vm/vm.go:1180.28,1184.41 4 0
github.com/ArubikU/polyloft-bvm/internal/vm/vm.go:1184.41,1185.35 1 0
github.com/ArubikU/polyloft-bvm/internal/vm/vm.go:1185.35,1187.6 1 0
github.com/ArubikU/polyloft-bvm/internal/vm/vm.go:1188.5,1189.46 2 0
github.com/ArubikU/polyloft-bvm/internal/vm/vm.go:1189.46,1191.6 1 0
github.com/ArubikU/polyloft-bvm/internal/vm/vm.go:1192.5,1193.13 2 0
github.com/ArubikU/polyloft-bvm/internal/vm/vm.go:1195.4,1195.35 1 0
github.com/ArubikU/polyloft-bvm/internal/vm/vm.go:1195.35,1196.35 1 0
github.com/ArubikU/polyloft-bvm/internal/vm/vm.go:1196.35,1198.6 1 0
github.com/ArubikU/polyloft-bvm/internal/vm/vm.go:1199.5,1200.13 2 0
github.com/ArubikU/polyloft-bvm/internal/vm/vm.go:1202.4,1202.47 1 0
github.com/ArubikU/polyloft-bvm/internal/vm/vm.go:1202.47,1203.107 1 0
github.com/ArubikU/polyloft-bvm/internal/vm/vm.go:1203.107,1204.98 1 0
github.com/ArubikU/polyloft-bvm/internal/vm/vm.go:1204.98,1206.7 1 0
github.com/ArubikU/polyloft-bvm/internal/vm/vm.go:1207.6,1207.14 1 0
github.com/ArubikU/polyloft-bvm/internal/vm/vm.go:1210.4,1210.72 1 0
github.com/ArubikU/polyloft-bvm/internal/vm/vm.go:1211.33,1216.11 5 0
github.com/ArubikU/polyloft-bvm/internal/vm/vm.go:1216.11,1218.5 1 0
github.com/ArubikU/polyloft-bvm/internal/vm/vm.go:1219.4,1219.34 1 0
github.com/ArubikU/polyloft-bvm/internal/vm/vm.go:1219.34,1221.5 1 0
github.com/ArubikU/polyloft-bvm/internal/vm/vm.go:1222.4,1223.45 2 0
github.com/ArubikU/polyloft-bvm/internal/vm/vm.go:1223.45,1225.5 1 0
github.com/ArubikU/polyloft-bvm/internal/vm/vm.go:1226.4,1226.34 1 0
github.com/ArubikU/polyloft-bvm/internal/vm/vm.go:1227.31,1232.11 5 0
github.com/ArubikU/polyloft-bvm/internal/vm/vm.go:1232.11,1234.5 1 0
github.com/ArubikU/polyloft-bvm/internal/vm/vm.go:1235.4,1235.34 1 0
github.com/ArubikU/polyloft-bvm/internal/vm/vm.go:1235.34,1237.5 1 0
github.com/ArubikU/polyloft-bvm/internal/vm/vm.go:1238.4,1238.35 1 0
github.com/ArubikU/polyloft-bvm/internal/vm/vm.go:1239.26,1241.47 2 0
github.com/ArubikU/polyloft-bvm/internal/vm/vm.go:1241.47,1243.5 1 0
github.com/ArubikU/polyloft-bvm/internal/vm/vm.go:1244.4,1244.19 1 0
github.com/ArubikU/polyloft-bvm/internal/vm/vm.go:1245.29,1247.45 2 0
github.com/ArubikU/polyloft-bvm/internal/vm/vm.go:1247.45,1249.16 2 0
github.com/ArubikU/polyloft-bvm/internal/vm/vm.go:1249.16,1250.14 1 0
github.com/ArubikU/polyloft-bvm/internal/vm/vm.go:1252.5,1252.36 1 0
github.com/ArubikU/polyloft-bvm/internal/vm/vm.go:1254.26,1256.43 2 0
github.com/ArubikU/polyloft-bvm/internal/vm/vm.go:1256.43,1258.5 1 0
github.com/ArubikU/polyloft-bvm/internal/vm/vm.go:1259.4,1259.39 1 0
github.com/ArubikU/polyloft-bvm/internal/vm/vm.go:1259.39,1261.5 1 0
github.com/ArubikU/polyloft-bvm/internal/vm/vm.go:1262.4,1264.35 3 0
github.com/ArubikU/polyloft-bvm/internal/vm/vm.go:1264.35,1266.5 1 0
github.com/ArubikU/polyloft-bvm/internal/vm/vm.go:1267.4,1267.19 1 0
github.com/ArubikU/polyloft-bvm/internal/vm/vm.go:1268.11,1269.64 1 0
github.com/ArubikU/polyloft-bvm/internal/vm/vm.go:1273.2,1273.30 1 0
github.com/ArubikU/polyloft-bvm/internal/vm/vm.go:1276.127,1277.15 1 0
github.com/ArubikU/polyloft-bvm/internal/vm/vm.go:1277.15,1279.3 1 0
github.com/ArubikU/polyloft-bvm/internal/vm/vm.go:1280.2,1280.27 1 0
github.com/ArubikU/polyloft-bvm/internal/vm/vm.go:1280.27,1282.3 1 0
github.com/ArubikU/polyloft-bvm/internal/vm/vm.go:1283.2,1286.27 4 0
github.com/ArubikU/polyloft-bvm/internal/vm/vm.go:1286.27,1288.3 1 0
github.com/ArubikU/polyloft-bvm/internal/vm/vm.go:1289.2,1290.40 2 0
github.com/ArubikU/polyloft-bvm/internal/vm/vm.go:1295.80,1296.31 1 0
github.com/ArubikU/polyloft-bvm/internal/vm/vm.go:1296.31,1297.36 1 0
github.com/ArubikU/polyloft-bvm/internal/vm/vm.go:1297.36,1299.4 1 0
github.com/ArubikU/polyloft-bvm/internal/vm/vm.go:1301.2,1301.12 1 0
github.com/ArubikU/polyloft-bvm/internal/vm/vm.go:1304.36,1306.46 2 0
github.com/ArubikU/polyloft-bvm/internal/vm/vm.go:1306.46,1309.3 2 0
github.com/ArubikU/polyloft-bvm/internal/vm/vm.go:1310.2,1310.48 1 0
github.com/ArubikU/polyloft-bvm/internal/vm/vm.go:1310.48,1313.3 2 0
github.com/ArubikU/polyloft-bvm/internal/vm/vm.go:1314.2,1314.45 1 0
github.com/ArubikU/polyloft-bvm/internal/vm/vm.go:1314.45,1317.23 3 0
github.com/ArubikU/polyloft-bvm/internal/vm/vm.go:1317.23,1318.99 1 0
github.com/ArubikU/polyloft-bvm/internal/vm/vm.go:1318.99,1321.5 2 0
github.com/ArubikU/polyloft-bvm/internal/vm/vm.go:1323.3,1323.23 1 0
github.com/ArubikU/polyloft-bvm/internal/vm/vm.go:1323.23,1325.4 1 0
github.com/ArubikU/polyloft-bvm/internal/vm/vm.go:1326.3,1328.34 3 0
github.com/ArubikU/polyloft-bvm/internal/vm/vm.go:1328.34,1330.4 1 0
github.com/ArubikU/polyloft-bvm/internal/vm/vm.go:1331.3,1334.13 4 0
github.com/ArubikU/polyloft-bvm/internal/vm/vm.go:1336.2,1336.51 1 0
github.com/ArubikU/polyloft-bvm/internal/vm/vm.go:1336.51,1339.23 3 0
github.com/ArubikU/polyloft-bvm/internal/vm/vm.go:1339.23,1341.4 1 0
github.com/ArubikU/polyloft-bvm/internal/vm/vm.go:1342.3,1343.23 2 0
github.com/ArubikU/polyloft-bvm/internal/vm/vm.go:1345.2,1345.39 1 0
github.com/ArubikU/polyloft-bvm/internal/vm/vm.go:1345.39,1346.23 1 0
github.com/ArubikU/polyloft-bvm/internal/vm/vm.go:1346.23,1348.4 1 0
github.com/ArubikU/polyloft-bvm/internal/vm/vm.go:1349.3,1349.77 1 0
github.com/ArubikU/polyloft-bvm/internal/vm/vm.go:1349.77,1351.4 1 0
github.com/ArubikU/polyloft-bvm/internal/vm/vm.go:1352.3,1354.93 3 0
github.com/ArubikU/polyloft-bvm/internal/vm/vm.go:1354.93,1356.4 1 0
github.com/ArubikU/polyloft-bvm/internal/vm/vm.go:1357.3,1358.31 2 0
github.com/ArubikU/polyloft-bvm/internal/vm/vm.go:1358.31,1360.4 1 0
github.com/ArubikU/polyloft-bvm/internal/vm/vm.go:1361.3,1361.40 1 0
github.com/ArubikU/polyloft-bvm/internal/vm/vm.go:1361.40,1363.4 1 0
github.com/ArubikU/polyloft-bvm/internal/vm/vm.go:1364.3,1364.51 1 0
github.com/ArubikU/polyloft-bvm/internal/vm/vm.go:1364.51,1365.30 1 0
github.com/ArubikU/polyloft-bvm/internal/vm/vm.go:1365.30,1367.5 1 0
github.com/ArubikU/polyloft-bvm/internal/vm/vm.go:1368.4,1369.35 2 0
github.com/ArubikU/polyloft-bvm/internal/vm/vm.go:1369.35,1371.5 1 0
github.com/ArubikU/polyloft-bvm/internal/vm/vm.go:1372.4,1374.45 3 0
github.com/ArubikU/polyloft-bvm/internal/vm/vm.go:1374.45,1376.5 1 0
github.com/ArubikU/polyloft-bvm/internal/vm/vm.go:1377.4,1378.14 2 0
github.com/ArubikU/polyloft-bvm/internal/vm/vm.go:1380.3,1381.18 2 0
github.com/ArubikU/polyloft-bvm/internal/vm/vm.go:1381.18,1382.30 1 0
github.com/ArubikU/polyloft-bvm/internal/vm/vm.go:1382.30,1384.5 1 0
github.com/ArubikU/polyloft-bvm/internal/vm/vm.go:1385.4,1387.14 3 0
github.com/ArubikU/polyloft-bvm/internal/vm/vm.go:1389.3,1391.34 3 0
github.com/ArubikU/polyloft-bvm/internal/vm/vm.go:1391.34,1393.4 1 0
github.com/ArubikU/polyloft-bvm/internal/vm/vm.go:1394.3,1397.13 4 0
github.com/ArubikU/polyloft-bvm/internal/vm/vm.go:1399.2,1399.43 1 0
github.com/ArubikU/polyloft-bvm/internal/vm/vm.go:1399.43,1400.50 1 0
github.com/ArubikU/polyloft-bvm/internal/vm/vm.go:1400.50,1402.4 1 0
github.com/ArubikU/polyloft-bvm/internal/vm/vm.go:1403.3,1404.34 2 0
github.com/ArubikU/polyloft-bvm/internal/vm/vm.go:1404.34,1406.4 1 0
github.com/ArubikU/polyloft-bvm/internal/vm/vm.go:1407.3,1412.29 3 0
github.com/ArubikU/polyloft-bvm/internal/vm/vm.go:1412.29,1414.4 1 0
github.com/ArubikU/polyloft-bvm/internal/vm/vm.go:1414.9,1416.4 1 0
github.com/ArubikU/polyloft-bvm/internal/vm/vm.go:1417.3,1417.17 1 0
github.com/ArubikU/polyloft-bvm/internal/vm/vm.go:1417.17,1419.4 1 0
github.com/ArubikU/polyloft-bvm/internal/vm/vm.go:1420.3,1422.13 3 0
github.com/ArubikU/polyloft-bvm/internal/vm/vm.go:1424.2,1424.43 1 0
github.com/ArubikU/polyloft-bvm/internal/vm/vm.go:1424.43,1426.23 2 0
github.com/ArubikU/polyloft-bvm/internal/vm/vm.go:1426.23,1428.4 1 0
github.com/ArubikU/polyloft-bvm/internal/vm/vm.go:1429.3,1430.34 2 0
github.com/ArubikU/polyloft-bvm/internal/vm/vm.go:1430.34,1432.4 1 0
github.com/ArubikU/polyloft-bvm/internal/vm/vm.go:1433.3,1436.13 4 0
github.com/ArubikU/polyloft-bvm/internal/vm/vm.go:1439.2,1440.9 2 0
github.com/ArubikU/polyloft-bvm/internal/vm/vm.go:1440.9,1442.3 1 0
github.com/ArubikU/polyloft-bvm/internal/vm/vm.go:1443.2,1443.22 1 0
github.com/ArubikU/polyloft-bvm/internal/vm/vm.go:1443.22,1445.3 1 0
github.com/ArubikU/polyloft-bvm/internal/vm/vm.go:1447.2,1448.33 2 0
github.com/ArubikU/polyloft-bvm/internal/vm/vm.go:1448.33,1450.3 1 0
github.com/ArubikU/polyloft-bvm/internal/vm/vm.go:1451.2,1454.12 4 0
github.com/ArubikU/polyloft-bvm/internal/vm/vm.go:1457.56,1459.2 1 0
github.com/ArubikU/polyloft-bvm/internal/vm/vm.go:1461.85,1462.27 1 0
github.com/ArubikU/polyloft-bvm/internal/vm/vm.go:1462.27,1464.3 1 0
github.com/ArubikU/polyloft-bvm/internal/vm/vm.go:1465.2,1465.45 1 0
github.com/ArubikU/polyloft-bvm/internal/vm/vm.go:1468.66,1469.46 1 0
github.com/ArubikU/polyloft-bvm/internal/vm/vm.go:1469.46,1471.3 1 0
github.com/ArubikU/polyloft-bvm/internal/vm/vm.go:1472.2,1472.43 1 0
github.com/ArubikU/polyloft-bvm/internal/vm/vm.go:1472.43,1473.50 1 0
github.com/ArubikU/polyloft-bvm/internal/vm/vm.go:1473.50,1475.4 1 0
github.com/ArubikU/polyloft-bvm/internal/vm/vm.go:1476.3,1477.34 2 0
github.com/ArubikU/polyloft-bvm/internal/vm/vm.go:1477.34,1479.4 1 0
github.com/ArubikU/polyloft-bvm/internal/vm/vm.go:1480.3,1484.29 2 0
github.com/ArubikU/polyloft-bvm/internal/vm/vm.go:1484.29,1486.4 1 0
github.com/ArubikU/polyloft-bvm/internal/vm/vm.go:1486.9,1488.4 1 0
github.com/ArubikU/polyloft-bvm/internal/vm/vm.go:1489.3,1489.17 1 0
github.com/ArubikU/polyloft-bvm/internal/vm/vm.go:1489.17,1491.4 1 0
github.com/ArubikU/polyloft-bvm/internal/vm/vm.go:1492.3,1494.13 3 0
github.com/ArubikU/polyloft-bvm/internal/vm/vm.go:1496.2,1496.43 1 0
github.com/ArubikU/polyloft-bvm/internal/vm/vm.go:1496.43,1498.23 2 0
github.com/ArubikU/polyloft-bvm/internal/vm/vm.go:1498.23,1500.4 1 0
github.com/ArubikU/polyloft-bvm/internal/vm/vm.go:1501.3,1502.34 2 0
github.com/ArubikU/polyloft-bvm/internal/vm/vm.go:1502.34,1504.4 1 0
github.com/ArubikU/polyloft-bvm/internal/vm/vm.go:1505.3,1507.13 3 0
github.com/ArubikU/polyloft-bvm/internal/vm/vm.go:1509.2,1509.39 1 0
github.com/ArubikU/polyloft-bvm/internal/vm/vm.go:1509.39,1510.23 1 0
github.com/ArubikU/polyloft-bvm/internal/vm/vm.go:1510.23,1512.4 1 0
github.com/ArubikU/polyloft-bvm/internal/vm/vm.go:1513.3,1514.34 2 0
github.com/ArubikU/polyloft-bvm/internal/vm/vm.go:1514.34,1516.4 1 0
github.com/ArubikU/polyloft-bvm/internal/vm/vm.go:1517.3,1519.13 3 0
github.com/ArubikU/polyloft-bvm/internal/vm/vm.go:1521.2,1521.39 1 0
github.com/ArubikU/polyloft-bvm/internal/vm/vm.go:1521.39,1522.23 1 0
github.com/ArubikU/polyloft-bvm/internal/vm/vm.go:1522.23,1524.4 1 0
github.com/ArubikU/polyloft-bvm/internal/vm/vm.go:1525.3,1525.77 1 0
github.com/ArubikU/polyloft-bvm/internal/vm/vm.go:1525.77,1527.4 1 0
github.com/ArubikU/polyloft-bvm/internal/vm/vm.go:1528.3,1530.93 3 0
github.com/ArubikU/polyloft-bvm/internal/vm/vm.go:1530.93,1532.4 1 0
github.com/ArubikU/polyloft-bvm/internal/vm/vm.go:1533.3,1534.31 2 0
github.com/ArubikU/polyloft-bvm/internal/vm/vm.go:1534.31,1536.4 1 0
github.com/ArubikU/polyloft-bvm/internal/vm/vm.go:1537.3,1537.40 1 0
github.com/ArubikU/polyloft-bvm/internal/vm/vm.go:1537.40,1539.4 1 0
github.com/ArubikU/polyloft-bvm/internal/vm/vm.go:1540.3,1540.51 1 0
github.com/ArubikU/polyloft-bvm/internal/vm/vm.go:1540.51,1541.30 1 0
github.com/ArubikU/polyloft-bvm/internal/vm/vm.go:1541.30,1543.5 1 0
github.com/ArubikU/polyloft-bvm/internal/vm/vm.go:1544.4,1545.35 2 0
github.com/ArubikU/polyloft-bvm/internal/vm/vm.go:1545.35,1547.5 1 0
github.com/ArubikU/polyloft-bvm/internal/vm/vm.go:1548.4,1549.45 2 0
github.com/ArubikU/polyloft-bvm/internal/vm/vm.go:1549.45,1551.5 1 0
github.com/ArubikU/polyloft-bvm/internal/vm/vm.go:1552.4,1553.14 2 0
github.com/ArubikU/polyloft-bvm/internal/vm/vm.go:1555.3,1556.18 2 0
github.com/ArubikU/polyloft-bvm/internal/vm/vm.go:1556.18,1557.30 1 0
github.com/ArubikU/polyloft-bvm/internal/vm/vm.go:1557.30,1559.5 1 0
github.com/ArubikU/polyloft-bvm/internal/vm/vm.go:1560.4,1561.14 2 0
github.com/ArubikU/polyloft-bvm/internal/vm/vm.go:1563.3,1565.34 3 0
github.com/ArubikU/polyloft-bvm/internal/vm/vm.go:1565.34,1567.4 1 0
github.com/ArubikU/polyloft-bvm/internal/vm/vm.go:1568.3,1570.13 3 0
github.com/ArubikU/polyloft-bvm/internal/vm/vm.go:1572.2,1572.73 1 0
github.com/ArubikU/polyloft-bvm/internal/vm/vm.go:1575.68,1577.19 2 0
github.com/ArubikU/polyloft-bvm/internal/vm/vm.go:1577.19,1579.3 1 0
github.com/ArubikU/polyloft-bvm/internal/vm/vm.go:1580.2,1583.12 4 0
github.com/ArubikU/polyloft-bvm/internal/vm/vm.go:1586.61,1588.72 2 0
github.com/ArubikU/polyloft-bvm/internal/vm/vm.go:1588.72,1590.3 1 0
github.com/ArubikU/polyloft-bvm/internal/vm/vm.go:1591.2,1591.69 1 0
github.com/ArubikU/polyloft-bvm/internal/vm/vm.go:1594.91,1595.16 1 0
github.com/ArubikU/polyloft-bvm/internal/vm/vm.go:1596.17,1598.13 2 0
github.com/ArubikU/polyloft-bvm/internal/vm/vm.go:1599.20,1601.13 2 0
github.com/ArubikU/polyloft-bvm/internal/vm/vm.go:1602.18,1604.13 2 0
github.com/ArubikU/polyloft-bvm/internal/vm/vm.go:1605.18,1609.13 4 0
github.com/ArubikU/polyloft-bvm/internal/vm/vm.go:1610.20,1614.13 4 0
github.com/ArubikU/polyloft-bvm/internal/vm/vm.go:1617.2,1617.32 1 0
github.com/ArubikU/polyloft-bvm/internal/vm/vm.go:1618.20,1620.16 2 0
github.com/ArubikU/polyloft-bvm/internal/vm/vm.go:1620.16,1623.4 2 0
github.com/ArubikU/polyloft-bvm/internal/vm/vm.go:1624.3,1627.40 4 0
github.com/ArubikU/polyloft-bvm/internal/vm/vm.go:1627.40,1628.67 1 0
github.com/ArubikU/polyloft-bvm/internal/vm/vm.go:1628.67,1630.5 1 0
github.com/ArubikU/polyloft-bvm/internal/vm/vm.go:1632.3,1633.13 2 0
github.com/ArubikU/polyloft-bvm/internal/vm/vm.go:1634.20,1636.16 2 0
github.com/ArubikU/polyloft-bvm/internal/vm/vm.go:1636.16,1639.4 2 0
github.com/ArubikU/polyloft-bvm/internal/vm/vm.go:1640.3,1643.40 4 0
github.com/ArubikU/polyloft-bvm/internal/vm/vm.go:1643.40,1644.67 1 0
github.com/ArubikU/polyloft-bvm/internal/vm/vm.go:1644.67,1646.5 1 0
github.com/ArubikU/polyloft-bvm/internal/vm/vm.go:1648.3,1649.13 2 0
github.com/ArubikU/polyloft-bvm/internal/vm/vm.go:1650.18,1652.16 2 0
github.com/ArubikU/polyloft-bvm/internal/vm/vm.go:1652.16,1655.4 2 0
github.com/ArubikU/polyloft-bvm/internal/vm/vm.go:1656.3,1659.37 4 0
github.com/ArubikU/polyloft-bvm/internal/vm/vm.go:1659.37,1661.4 1 0
github.com/ArubikU/polyloft-bvm/internal/vm/vm.go:1662.3,1664.36 3 0
github.com/ArubikU/polyloft-bvm/internal/vm/vm.go:1664.36,1667.81 3 0
github.com/ArubikU/polyloft-bvm/internal/vm/vm.go:1667.81,1669.5 1 0
github.com/ArubikU/polyloft-bvm/internal/vm/vm.go:1671.3,1672.13 2 0
github.com/ArubikU/polyloft-bvm/internal/vm/vm.go:1673.23,1675.16 2 0
github.com/ArubikU/polyloft-bvm/internal/vm/vm.go:1675.16,1678.4 2 0
github.com/ArubikU/polyloft-bvm/internal/vm/vm.go:1679.3,1681.64 3 0
github.com/ArubikU/polyloft-bvm/internal/vm/vm.go:1681.64,1683.4 1 0
github.com/ArubikU/polyloft-bvm/internal/vm/vm.go:1683.9,1683.21 1 0
github.com/ArubikU/polyloft-bvm/internal/vm/vm.go:1683.21,1685.4 1 0
github.com/ArubikU/polyloft-bvm/internal/vm/vm.go:1686.3,1689.50 4 0
github.com/ArubikU/polyloft-bvm/internal/vm/vm.go:1689.50,1691.38 2 0
github.com/ArubikU/polyloft-bvm/internal/vm/vm.go:1691.38,1692.13 1 0
github.com/ArubikU/polyloft-bvm/internal/vm/vm.go:1694.4,1696.76 3 0
github.com/ArubikU/polyloft-bvm/internal/vm/vm.go:1696.76,1698.5 1 0
github.com/ArubikU/polyloft-bvm/internal/vm/vm.go:1700.3,1701.13 2 0
github.com/ArubikU/polyloft-bvm/internal/vm/vm.go:1702.20,1706.13 4 0
github.com/ArubikU/polyloft-bvm/internal/vm/vm.go:1707.21,1711.13 4 0
github.com/ArubikU/polyloft-bvm/internal/vm/vm.go:1712.22,1716.13 4 0
github.com/ArubikU/polyloft-bvm/internal/vm/vm.go:1717.26,1719.13 2 0
github.com/ArubikU/polyloft-bvm/internal/vm/vm.go:1720.22,1722.13 2 0
github.com/ArubikU/polyloft-bvm/internal/vm/vm.go:1723.26,1725.13 2 0
github.com/ArubikU/polyloft-bvm/internal/vm/vm.go:1726.20,1728.13 2 0
github.com/ArubikU/polyloft-bvm/internal/vm/vm.go:1729.10,1731.13 2 0
github.com/ArubikU/polyloft-bvm/internal/vm/vm.go:1735.72,1736.62 1 0
github.com/ArubikU/polyloft-bvm/internal/vm/vm.go:1736.62,1738.81 2 0
github.com/ArubikU/polyloft-bvm/internal/vm/vm.go:1738.81,1740.4 1 0
github.com/ArubikU/polyloft-bvm/internal/vm/vm.go:1742.2,1745.22 4 0
github.com/ArubikU/polyloft-bvm/internal/vm/vm.go:1745.22,1746.15 1 0
github.com/ArubikU/polyloft-bvm/internal/vm/vm.go:1747.29,1749.11 2 0
github.com/ArubikU/polyloft-bvm/internal/vm/vm.go:1749.11,1751.5 1 0
github.com/ArubikU/polyloft-bvm/internal/vm/vm.go:1752.4,1752.22 1 0
github.com/ArubikU/polyloft-bvm/internal/vm/vm.go:1752.22,1754.5 1 0
github.com/ArubikU/polyloft-bvm/internal/vm/vm.go:1755.4,1755.43 1 0
github.com/ArubikU/polyloft-bvm/internal/vm/vm.go:1755.43,1756.42 1 0
github.com/ArubikU/polyloft-bvm/internal/vm/vm.go:1756.42,1758.6 1 0
github.com/ArubikU/polyloft-bvm/internal/vm/vm.go:1760.4,1760.15 1 0
github.com/ArubikU/polyloft-bvm/internal/vm/vm.go:1761.27,1763.11 2 0
github.com/ArubikU/polyloft-bvm/internal/vm/vm.go:1763.11,1765.5 1 0
github.com/ArubikU/polyloft-bvm/internal/vm/vm.go:1766.4,1766.91 1 0
github.com/ArubikU/polyloft-bvm/internal/vm/vm.go:1766.91,1768.5 1 0
github.com/ArubikU/polyloft-bvm/internal/vm/vm.go:1769.4,1769.21 1 0
github.com/ArubikU/polyloft-bvm/internal/vm/vm.go:1769.21,1771.5 1 0
github.com/ArubikU/polyloft-bvm/internal/vm/vm.go:1772.4,1772.43 1 0
github.com/ArubikU/polyloft-bvm/internal/vm/vm.go:1772.43,1773.42 1 0
github.com/ArubikU/polyloft-bvm/internal/vm/vm.go:1773.42,1775.6 1 0
github.com/ArubikU/polyloft-bvm/internal/vm/vm.go:1777.4,1777.15 1 0
github.com/ArubikU/polyloft-bvm/internal/vm/vm.go:1778.29,1780.11 2 0
github.com/ArubikU/polyloft-bvm/internal/vm/vm.go:1780.11,1782.5 1 0
github.com/ArubikU/polyloft-bvm/internal/vm/vm.go:1783.4,1783.40 1 0
github.com/ArubikU/polyloft-bvm/internal/vm/vm.go:1783.40,1785.5 1 0
github.com/ArubikU/polyloft-bvm/internal/vm/vm.go:1786.4,1786.43 1 0
github.com/ArubikU/polyloft-bvm/internal/vm/vm.go:1786.43,1787.42 1 0
github.com/ArubikU/polyloft-bvm/internal/vm/vm.go:1787.42,1789.6 1 0
github.com/ArubikU/polyloft-bvm/internal/vm/vm.go:1791.4,1791.15 1 0
github.com/ArubikU/polyloft-bvm/internal/vm/vm.go:1792.32,1793.38 1 0
github.com/ArubikU/polyloft-bvm/internal/vm/vm.go:1794.11,1795.19 1 0
github.com/ArubikU/polyloft-bvm/internal/vm/vm.go:1798.2,1798.18 1 0
github.com/ArubikU/polyloft-bvm/internal/vm/vm.go:1799.26,1800.14 1 0
github.com/ArubikU/polyloft-bvm/internal/vm/vm.go:1801.26,1802.80 1 0
github.com/ArubikU/polyloft-bvm/internal/vm/vm.go:1802.80,1804.4 1 0
github.com/ArubikU/polyloft-bvm/internal/vm/vm.go:1805.3,1805.49 1 0
github.com/ArubikU/polyloft-bvm/internal/vm/vm.go:1805.49,1807.4 1 0
github.com/ArubikU/polyloft-bvm/internal/vm/vm.go:1808.3,1808.15 1 0
github.com/ArubikU/polyloft-bvm/internal/vm/vm.go:1809.28,1810.82 1 0
github.com/ArubikU/polyloft-bvm/internal/vm/vm.go:1810.82,1812.4 1 0
github.com/ArubikU/polyloft-bvm/internal/vm/vm.go:1813.3,1813.49 1 0
github.com/ArubikU/polyloft-bvm/internal/vm/vm.go:1813.49,1815.4 1 0
github.com/ArubikU/polyloft-bvm/internal/vm/vm.go:1816.3,1816.15 1 0
github.com/ArubikU/polyloft-bvm/internal/vm/vm.go:1817.29,1818.37 1 0
github.com/ArubikU/polyloft-bvm/internal/vm/vm.go:1818.37,1820.4 1 0
github.com/ArubikU/polyloft-bvm/internal/vm/vm.go:1821.3,1821.49 1 0
github.com/ArubikU/polyloft-bvm/internal/vm/vm.go:1821.49,1823.4 1 0
github.com/ArubikU/polyloft-bvm/internal/vm/vm.go:1824.3,1824.15 1 0
github.com/ArubikU/polyloft-bvm/internal/vm/vm.go:1825.27,1826.35 1 0
github.com/ArubikU/polyloft-bvm/internal/vm/vm.go:1826.35,1828.4 1 0
github.com/ArubikU/polyloft-bvm/internal/vm/vm.go:1829.3,1829.49 1 0
github.com/ArubikU/polyloft-bvm/internal/vm/vm.go:1829.49,1831.4 1 0
github.com/ArubikU/polyloft-bvm/internal/vm/vm.go:1832.3,1832.15 1 0
github.com/ArubikU/polyloft-bvm/internal/vm/vm.go:1833.29,1834.69 1 0
github.com/ArubikU/polyloft-bvm/internal/vm/vm.go:1834.69,1836.4 1 0
github.com/ArubikU/polyloft-bvm/internal/vm/vm.go:1837.3,1837.49 1 0
github.com/ArubikU/polyloft-bvm/internal/vm/vm.go:1837.49,1839.4 1 0
github.com/ArubikU/polyloft-bvm/internal/vm/vm.go:1840.3,1840.15 1 0
github.com/ArubikU/polyloft-bvm/internal/vm/vm.go:1841.27,1842.35 1 0
github.com/ArubikU/polyloft-bvm/internal/vm/vm.go:1842.35,1844.4 1 0
github.com/ArubikU/polyloft-bvm/internal/vm/vm.go:1845.3,1845.49 1 0
github.com/ArubikU/polyloft-bvm/internal/vm/vm.go:1845.49,1847.4 1 0
github.com/ArubikU/polyloft-bvm/internal/vm/vm.go:1848.3,1848.15 1 0
github.com/ArubikU/polyloft-bvm/internal/vm/vm.go:1849.47,1850.37 1 0
github.com/ArubikU/polyloft-bvm/internal/vm/vm.go:1851.28,1853.12 2 0
github.com/ArubikU/polyloft-bvm/internal/vm/vm.go:1854.28,1856.12 2 0
github.com/ArubikU/polyloft-bvm/internal/vm/vm.go:1857.26,1859.12 2 0
github.com/ArubikU/polyloft-bvm/internal/vm/vm.go:1860.28,1862.12 2 0
github.com/ArubikU/polyloft-bvm/internal/vm/vm.go:1863.31,1864.42 1 0
github.com/ArubikU/polyloft-bvm/internal/vm/vm.go:1864.42,1866.4 1 0
github.com/ArubikU/polyloft-bvm/internal/vm/vm.go:1867.3,1867.41 1 0
github.com/ArubikU/polyloft-bvm/internal/vm/vm.go:1867.41,1869.4 1 0
github.com/ArubikU/polyloft-bvm/internal/vm/vm.go:1870.3,1870.41 1 0
github.com/ArubikU/polyloft-bvm/internal/vm/vm.go:1870.41,1872.4 1 0
github.com/ArubikU/polyloft-bvm/internal/vm/vm.go:1873.3,1873.50 1 0
github.com/ArubikU/polyloft-bvm/internal/vm/vm.go:1873.50,1875.4 1 0
github.com/ArubikU/polyloft-bvm/internal/vm/vm.go:1876.3,1876.15 1 0
github.com/ArubikU/polyloft-bvm/internal/vm/vm.go:1878.2,1878.39 1 0
github.com/ArubikU/polyloft-bvm/internal/vm/vm.go:1879.17,1880.80 1 0
github.com/ArubikU/polyloft-bvm/internal/vm/vm.go:1880.80,1882.4 1 0
github.com/ArubikU/polyloft-bvm/internal/vm/vm.go:1883.3,1883.49 1 0
github.com/ArubikU/polyloft-bvm/internal/vm/vm.go:1883.49,1885.4 1 0
github.com/ArubikU/polyloft-bvm/internal/vm/vm.go:1886.3,1886.15 1 0
github.com/ArubikU/polyloft-bvm/internal/vm/vm.go:1887.25,1888.82 1 0
github.com/ArubikU/polyloft-bvm/internal/vm/vm.go:1888.82,1890.4 1 0
github.com/ArubikU/polyloft-bvm/internal/vm/vm.go:1891.3,1891.49 1 0
github.com/ArubikU/polyloft-bvm/internal/vm/vm.go:1891.49,1893.4 1 0
github.com/ArubikU/polyloft-bvm/internal/vm/vm.go:1894.3,1894.15 1 0
github.com/ArubikU/polyloft-bvm/internal/vm/vm.go:1895.17,1896.35 1 0
github.com/ArubikU/polyloft-bvm/internal/vm/vm.go:1896.35,1898.4 1 0
github.com/ArubikU/polyloft-bvm/internal/vm/vm.go:1899.3,1899.49 1 0
github.com/ArubikU/polyloft-bvm/internal/vm/vm.go:1899.49,1901.4 1 0
github.com/ArubikU/polyloft-bvm/internal/vm/vm.go:1902.3,1902.15 1 0
github.com/ArubikU/polyloft-bvm/internal/vm/vm.go:1903.14,1904.35 1 0
github.com/ArubikU/polyloft-bvm/internal/vm/vm.go:1904.35,1906.4 1 0
github.com/ArubikU/polyloft-bvm/internal/vm/vm.go:1907.3,1907.49 1 0
github.com/ArubikU/polyloft-bvm/internal/vm/vm.go:1907.49,1909.4 1 0
github.com/ArubikU/polyloft-bvm/internal/vm/vm.go:1910.3,1910.15 1 0
github.com/ArubikU/polyloft-bvm/internal/vm/vm.go:1912.2,1912.56 1 0
github.com/ArubikU/polyloft-bvm/internal/vm/vm.go:1912.56,1914.3 1 0
github.com/ArubikU/polyloft-bvm/internal/vm/vm.go:1915.2,1915.49 1 0
github.com/ArubikU/polyloft-bvm/internal/vm/vm.go:1915.49,1917.3 1 0
github.com/ArubikU/polyloft-bvm/internal/vm/vm.go:1918.2,1918.48 1 0
github.com/ArubikU/polyloft-bvm/internal/vm/vm.go:1918.48,1919.63 1 0
github.com/ArubikU/polyloft-bvm/internal/vm/vm.go:1919.63,1921.4 1 0
github.com/ArubikU/polyloft-bvm/internal/vm/vm.go:1922.3,1922.79 1 0
github.com/ArubikU/polyloft-bvm/internal/vm/vm.go:1922.79,1923.102 1 0
github.com/ArubikU/polyloft-bvm/internal/vm/vm.go:1923.102,1925.5 1 0
github.com/ArubikU/polyloft-bvm/internal/vm/vm.go:1928.2,1928.47 1 0
github.com/ArubikU/polyloft-bvm/internal/vm/vm.go:1928.47,1930.3 1 0
github.com/ArubikU/polyloft-bvm/internal/vm/vm.go:1931.2,1931.14 1 0
github.com/ArubikU/polyloft-bvm/internal/vm/vm.go:1934.61,1935.24 1 0
github.com/ArubikU/polyloft-bvm/internal/vm/vm.go:1936.17,1937.28 1 0
github.com/ArubikU/polyloft-bvm/internal/vm/vm.go:1938.18,1939.29 1 0
github.com/ArubikU/polyloft-bvm/internal/vm/vm.go:1940.18,1941.29 1 0
github.com/ArubikU/polyloft-bvm/internal/vm/vm.go:1942.20,1943.31 1 0
github.com/ArubikU/polyloft-bvm/internal/vm/vm.go:1944.20,1945.46 1 0
github.com/ArubikU/polyloft-bvm/internal/vm/vm.go:1945.46,1947.4 1 0
github.com/ArubikU/polyloft-bvm/internal/vm/vm.go:1948.3,1948.30 1 0
github.com/ArubikU/polyloft-bvm/internal/vm/vm.go:1949.20,1950.49 1 0
github.com/ArubikU/polyloft-bvm/internal/vm/vm.go:1950.49,1952.4 1 0
github.com/ArubikU/polyloft-bvm/internal/vm/vm.go:1953.3,1953.50 1 0
github.com/ArubikU/polyloft-bvm/internal/vm/vm.go:1953.50,1955.4 1 0
github.com/ArubikU/polyloft-bvm/internal/vm/vm.go:1956.3,1956.39 1 0
github.com/ArubikU/polyloft-bvm/internal/vm/vm.go:1956.39,1958.4 1 0
github.com/ArubikU/polyloft-bvm/internal/vm/vm.go:1959.3,1959.37 1 0
github.com/ArubikU/polyloft-bvm/internal/vm/vm.go:1959.37,1961.4 1 0
github.com/ArubikU/polyloft-bvm/internal/vm/vm.go:1962.3,1962.39 1 0
github.com/ArubikU/polyloft-bvm/internal/vm/vm.go:1962.39,1964.4 1 0
github.com/ArubikU/polyloft-bvm/internal/vm/vm.go:1965.3,1965.39 1 0
github.com/ArubikU/polyloft-bvm/internal/vm/vm.go:1965.39,1967.4 1 0
github.com/ArubikU/polyloft-bvm/internal/vm/vm.go:1968.3,1968.39 1 0
github.com/ArubikU/polyloft-bvm/internal/vm/vm.go:1968.39,1970.4 1 0
github.com/ArubikU/polyloft-bvm/internal/vm/vm.go:1971.3,1971.42 1 0
github.com/ArubikU/polyloft-bvm/internal/vm/vm.go:1971.42,1973.4 1 0
github.com/ArubikU/polyloft-bvm/internal/vm/vm.go:1974.3,1974.41 1 0
github.com/ArubikU/polyloft-bvm/internal/vm/vm.go:1974.41,1976.4 1 0
github.com/ArubikU/polyloft-bvm/internal/vm/vm.go:1977.3,1977.41 1 0
github.com/ArubikU/polyloft-bvm/internal/vm/vm.go:1977.41,1979.4 1 0
github.com/ArubikU/polyloft-bvm/internal/vm/vm.go:1981.2,1981.18 1 0
github.com/ArubikU/polyloft-bvm/internal/vm/vm.go:1984.41,1987.41 3 0
github.com/ArubikU/polyloft-bvm/internal/vm/vm.go:1987.41,1989.3 1 0
github.com/ArubikU/polyloft-bvm/internal/vm/vm.go:1990.2,1990.41 1 0
github.com/ArubikU/polyloft-bvm/internal/vm/vm.go:1990.41,1992.3 1 0
github.com/ArubikU/polyloft-bvm/internal/vm/vm.go:1993.2,1993.25 1 0
github.com/ArubikU/polyloft-bvm/internal/vm/vm.go:1996.61,2000.26 4 0
github.com/ArubikU/polyloft-bvm/internal/vm/vm.go:2000.26,2001.12 1 0
github.com/ArubikU/polyloft-bvm/internal/vm/vm.go:2002.12,2003.11 1 0
github.com/ArubikU/polyloft-bvm/internal/vm/vm.go:2004.12,2005.17 1 0
github.com/ArubikU/polyloft-bvm/internal/vm/vm.go:2005.17,2007.5 1 0
github.com/ArubikU/polyloft-bvm/internal/vm/vm.go:2008.11,2009.30 1 0
github.com/ArubikU/polyloft-bvm/internal/vm/vm.go:2009.30,2012.5 2 0
github.com/ArubikU/polyloft-bvm/internal/vm/vm.go:2015.2,2015.16 1 0
github.com/ArubikU/polyloft-bvm/internal/vm/vm.go:2015.16,2017.3 1 0
github.com/ArubikU/polyloft-bvm/internal/vm/vm.go:2018.2,2019.14 2 0
github.com/ArubikU/polyloft-bvm/internal/vm/vm.go:2022.59,2024.29 2 0
github.com/ArubikU/polyloft-bvm/internal/vm/vm.go:2024.29,2025.15 1 0
github.com/ArubikU/polyloft-bvm/internal/vm/vm.go:2025.15,2027.9 2 0
github.com/ArubikU/polyloft-bvm/internal/vm/vm.go:2030.2,2030.73 1 0
github.com/ArubikU/polyloft-bvm/internal/vm/vm.go:2030.73,2032.3 1 0
github.com/ArubikU/polyloft-bvm/internal/vm/vm.go:2033.2,2033.103 1 0
github.com/ArubikU/polyloft-bvm/internal/vm/vm.go:2036.50,2039.72 3 0
github.com/ArubikU/polyloft-bvm/internal/vm/vm.go:2039.72,2041.3 1 0
github.com/ArubikU/polyloft-bvm/internal/vm/vm.go:2042.2,2042.40 1 0
github.com/ArubikU/polyloft-bvm/internal/vm/vm.go:2045.56,2046.33 1 0
github.com/ArubikU/polyloft-bvm/internal/vm/vm.go:2047.13,2048.28 1 0
github.com/ArubikU/polyloft-bvm/internal/vm/vm.go:2049.15,2050.30 1 0
github.com/ArubikU/polyloft-bvm/internal/vm/vm.go:2051.16,2052.31 1 0
github.com/ArubikU/polyloft-bvm/internal/vm/vm.go:2053.14,2054.29 1 0
github.com/ArubikU/polyloft-bvm/internal/vm/vm.go:2055.14,2056.29 1 0
github.com/ArubikU/polyloft-bvm/internal/vm/vm.go:2057.26,2058.31 1 0
github.com/ArubikU/polyloft-bvm/internal/vm/vm.go:2059.24,2060.30 1 0
github.com/ArubikU/polyloft-bvm/internal/vm/vm.go:2061.20,2062.28 1 0
github.com/ArubikU/polyloft-bvm/internal/vm/vm.go:2063.24,2064.30 1 0
github.com/ArubikU/polyloft-bvm/internal/vm/vm.go:2065.24,2066.30 1 0
github.com/ArubikU/polyloft-bvm/internal/vm/vm.go:2067.18,2068.33 1 0
github.com/ArubikU/polyloft-bvm/internal/vm/vm.go:2069.24,2070.28 1 0
github.com/ArubikU/polyloft-bvm/internal/vm/vm.go:2071.10,2072.33 1 0
github.com/ArubikU/polyloft-bvm/internal/vm/vm.go:2076.56,2077.24 1 0
github.com/ArubikU/polyloft-bvm/internal/vm/vm.go:2078.32,2079.29 1 0
github.com/ArubikU/polyloft-bvm/internal/vm/vm.go:2080.10,2081.74 1 0
github.com/ArubikU/polyloft-bvm/internal/vm/vm.go:2081.74,2082.52 1 0
github.com/ArubikU/polyloft-bvm/internal/vm/vm.go:2083.26,2084.111 1 0
github.com/ArubikU/polyloft-bvm/internal/vm/vm.go:2084.111,2086.64 2 0
github.com/ArubikU/polyloft-bvm/internal/vm/vm.go:2086.64,2088.7 1 0
github.com/ArubikU/polyloft-bvm/internal/vm/vm.go:2090.5,2090.33 1 0
github.com/ArubikU/polyloft-bvm/internal/vm/vm.go:2090.33,2092.64 2 0
github.com/ArubikU/polyloft-bvm/internal/vm/vm.go:2092.64,2094.7 1 0
github.com/ArubikU/polyloft-bvm/internal/vm/vm.go:2098.3,2098.19 1 0
github.com/ArubikU/polyloft-bvm/internal/vm/vm.go:2102.63,2103.69 1 0
github.com/ArubikU/polyloft-bvm/internal/vm/vm.go:2103.69,2105.3 1 0
github.com/ArubikU/polyloft-bvm/internal/vm/vm.go:2106.2,2106.17 1 0
github.com/ArubikU/polyloft-bvm/internal/vm/vm.go:2106.17,2108.3 1 0
github.com/ArubikU/polyloft-bvm/internal/vm/vm.go:2109.2,2109.34 1 0
github.com/ArubikU/polyloft-bvm/internal/vm/vm.go:2112.78,2113.69 1 0
github.com/ArubikU/polyloft-bvm/internal/vm/vm.go:2113.69,2115.3 1 0
github.com/ArubikU/polyloft-bvm/internal/vm/vm.go:2116.2,2116.17 1 0
github.com/ArubikU/polyloft-bvm/internal/vm/vm.go:2116.17,2118.3 1 0
github.com/ArubikU/polyloft-bvm/internal/vm/vm.go:2119.2,2119.34 1 0
github.com/ArubikU/polyloft-bvm/internal/vm/vm.go:2122.58,2123.22 1 0
github.com/ArubikU/polyloft-bvm/internal/vm/vm.go:2123.22,2125.3 1 0
github.com/ArubikU/polyloft-bvm/internal/vm/vm.go:2126.2,2126.43 1 0
github.com/ArubikU/polyloft-bvm/internal/vm/vm.go:2129.54,2131.30 2 0
github.com/ArubikU/polyloft-bvm/internal/vm/vm.go:2131.30,2132.42 1 0
github.com/ArubikU/polyloft-bvm/internal/vm/vm.go:2132.42,2134.4 1 0
github.com/ArubikU/polyloft-bvm/internal/vm/vm.go:2136.2,2136.11 1 0
github.com/ArubikU/polyloft-bvm/internal/vm/vm.go:2139.128,2140.29 1 0
github.com/ArubikU/polyloft-bvm/internal/vm/vm.go:2140.29,2142.17 2 0
github.com/ArubikU/polyloft-bvm/internal/vm/vm.go:2142.17,2144.4 1 0
github.com/ArubikU/polyloft-bvm/internal/vm/vm.go:2145.3,2145.14 1 0
github.com/ArubikU/polyloft-bvm/internal/vm/vm.go:2145.14,2147.4 1 0
github.com/ArubikU/polyloft-bvm/internal/vm/vm.go:2149.2,2149.19 1 0
github.com/ArubikU/polyloft-bvm/internal/vm/vm.go:2152.51,2154.43 2 0
github.com/ArubikU/polyloft-bvm/internal/vm/vm.go:2154.43,2156.14 2 0
github.com/ArubikU/polyloft-bvm/internal/vm/vm.go:2156.14,2158.4 1 0
github.com/ArubikU/polyloft-bvm/internal/vm/vm.go:2159.3,2160.23 2 0
github.com/ArubikU/polyloft-bvm/internal/vm/vm.go:2162.2,2162.47 1 0
github.com/ArubikU/polyloft-bvm/internal/vm/vm.go:2162.47,2165.14 3 0
github.com/ArubikU/polyloft-bvm/internal/vm/vm.go:2165.14,2167.4 1 0
github.com/ArubikU/polyloft-bvm/internal/vm/vm.go:2168.3,2168.78 1 0
github.com/ArubikU/polyloft-bvm/internal/vm/vm.go:2168.78,2170.4 1 0
github.com/ArubikU/polyloft-bvm/internal/vm/vm.go:2171.3,2171.16 1 0
github.com/ArubikU/polyloft-bvm/internal/vm/vm.go:2171.16,2172.64 1 0
github.com/ArubikU/polyloft-bvm/internal/vm/vm.go:2172.64,2173.76 1 0
github.com/ArubikU/polyloft-bvm/internal/vm/vm.go:2173.76,2175.6 1 0
github.com/ArubikU/polyloft-bvm/internal/vm/vm.go:2175.11,2175.18 1 0
github.com/ArubikU/polyloft-bvm/internal/vm/vm.go:2175.18,2178.6 2 0
github.com/ArubikU/polyloft-bvm/internal/vm/vm.go:2181.3,2181.54 1 0
github.com/ArubikU/polyloft-bvm/internal/vm/vm.go:2183.2,2183.48 1 0
github.com/ArubikU/polyloft-bvm/internal/vm/vm.go:2183.48,2184.33 1 0
github.com/ArubikU/polyloft-bvm/internal/vm/vm.go:2184.33,2186.4 1 0
github.com/ArubikU/polyloft-bvm/internal/vm/vm.go:2187.3,2188.23 2 0
github.com/ArubikU/polyloft-bvm/internal/vm/vm.go:2190.2,2190.41 1 0
github.com/ArubikU/polyloft-bvm/internal/vm/vm.go:2190.41,2193.13 3 0
github.com/ArubikU/polyloft-bvm/internal/vm/vm.go:2193.13,2194.79 1 0
github.com/ArubikU/polyloft-bvm/internal/vm/vm.go:2194.79,2196.5 1 0
github.com/ArubikU/polyloft-bvm/internal/vm/vm.go:2197.4,2198.24 2 0
github.com/ArubikU/polyloft-bvm/internal/vm/vm.go:2200.3,2201.14 2 0
github.com/ArubikU/polyloft-bvm/internal/vm/vm.go:2201.14,2203.4 1 0
github.com/ArubikU/polyloft-bvm/internal/vm/vm.go:2204.3,2204.78 1 0
github.com/ArubikU/polyloft-bvm/internal/vm/vm.go:2204.78,2206.4 1 0
github.com/ArubikU/polyloft-bvm/internal/vm/vm.go:2207.3,2208.23 2 0
github.com/ArubikU/polyloft-bvm/internal/vm/vm.go:2210.2,2210.70 1 0
github.com/ArubikU/polyloft-bvm/internal/vm/vm.go:2213.58,2216.9 3 0
github.com/ArubikU/polyloft-bvm/internal/vm/vm.go:2216.9,2218.3 1 0
github.com/ArubikU/polyloft-bvm/internal/vm/vm.go:2219.2,2220.9 2 0
github.com/ArubikU/polyloft-bvm/internal/vm/vm.go:2220.9,2222.3 1 0
github.com/ArubikU/polyloft-bvm/internal/vm/vm.go:2223.2,2223.15 1 0
github.com/ArubikU/polyloft-bvm/internal/vm/vm.go:2223.15,2224.74 1 0
github.com/ArubikU/polyloft-bvm/internal/vm/vm.go:2224.74,2226.4 1 0
github.com/ArubikU/polyloft-bvm/internal/vm/vm.go:2226.9,2226.16 1 0
github.com/ArubikU/polyloft-bvm/internal/vm/vm.go:2226.16,2229.4 2 0
github.com/ArubikU/polyloft-bvm/internal/vm/vm.go:2231.2,2231.58 1 0
github.com/ArubikU/polyloft-bvm/internal/vm/vm.go:2234.96,2236.43 2 0
github.com/ArubikU/polyloft-bvm/internal/vm/vm.go:2236.43,2238.3 1 0
github.com/ArubikU/polyloft-bvm/internal/vm/vm.go:2239.2,2240.16 2 0
github.com/ArubikU/polyloft-bvm/internal/vm/vm.go:2240.16,2242.3 1 0
github.com/ArubikU/polyloft-bvm/internal/vm/vm.go:2243.2,2243.26 1 0
github.com/ArubikU/polyloft-bvm/internal/vm/vm.go:2246.109,2247.17 1 0
github.com/ArubikU/polyloft-bvm/internal/vm/vm.go:2247.17,2249.3 1 0
github.com/ArubikU/polyloft-bvm/internal/vm/vm.go:2250.2,2250.19 1 0
github.com/ArubikU/polyloft-bvm/internal/vm/vm.go:2251.34,2252.45 1 0
github.com/ArubikU/polyloft-bvm/internal/vm/vm.go:2253.33,2254.67 1 0
github.com/ArubikU/polyloft-bvm/internal/vm/vm.go:2254.67,2256.4 1 0
github.com/ArubikU/polyloft-bvm/internal/vm/vm.go:2257.3,2257.46 1 0
github.com/ArubikU/polyloft-bvm/internal/vm/vm.go:2258.34,2260.17 2 0
github.com/ArubikU/polyloft-bvm/internal/vm/vm.go:2260.17,2262.4 1 0
github.com/ArubikU/polyloft-bvm/internal/vm/vm.go:2263.3,2263.32 1 0
github.com/ArubikU/polyloft-bvm/internal/vm/vm.go:2263.32,2265.4 1 0
github.com/ArubikU/polyloft-bvm/internal/vm/vm.go:2266.3,2266.43 1 0
github.com/ArubikU/polyloft-bvm/internal/vm/vm.go:2267.106,2269.17 2 0
github.com/ArubikU/polyloft-bvm/internal/vm/vm.go:2269.17,2271.4 1 0
github.com/ArubikU/polyloft-bvm/internal/vm/vm.go:2272.3,2273.17 2 0
github.com/ArubikU/polyloft-bvm/internal/vm/vm.go:2273.17,2275.4 1 0
github.com/ArubikU/polyloft-bvm/internal/vm/vm.go:2276.3,2276.62 1 0
github.com/ArubikU/polyloft-bvm/internal/vm/vm.go:2276.62,2278.4 1 0
github.com/ArubikU/polyloft-bvm/internal/vm/vm.go:2279.3,2279.20 1 0
github.com/ArubikU/polyloft-bvm/internal/vm/vm.go:2280.32,2281.55 1 0
github.com/ArubikU/polyloft-bvm/internal/vm/vm.go:2282.32,2283.55 1 0
github.com/ArubikU/polyloft-bvm/internal/vm/vm.go:2284.32,2285.55 1 0
github.com/ArubikU/polyloft-bvm/internal/vm/vm.go:2286.11,2287.55 1 0
github.com/ArubikU/polyloft-bvm/internal/vm/vm.go:2289.10,2290.91 1 0
github.com/ArubikU/polyloft-bvm/internal/vm/vm.go:2294.111,2295.22 1 0
github.com/ArubikU/polyloft-bvm/internal/vm/vm.go:2295.22,2297.3 1 0
github.com/ArubikU/polyloft-bvm/internal/vm/vm.go:2298.2,2300.33 3 0
github.com/ArubikU/polyloft-bvm/internal/vm/vm.go:2300.33,2302.3 1 0
github.com/ArubikU/polyloft-bvm/internal/vm/vm.go:2303.2,2307.12 5 0
github.com/ArubikU/polyloft-bvm/internal/vm/vm.go:2310.117,2311.22 1 0
github.com/ArubikU/polyloft-bvm/internal/vm/vm.go:2311.22,2313.3 1 0
github.com/ArubikU/polyloft-bvm/internal/vm/vm.go:2314.2,2316.33 3 0
github.com/ArubikU/polyloft-bvm/internal/vm/vm.go:2316.33,2318.3 1 0
github.com/ArubikU/polyloft-bvm/internal/vm/vm.go:2319.2,2322.12 4 0
github.com/ArubikU/polyloft-bvm/internal/vm/vm.go:2325.41,2327.34 2 0
github.com/ArubikU/polyloft-bvm/internal/vm/vm.go:2327.34,2329.3 1 0
github.com/ArubikU/polyloft-bvm/internal/vm/vm.go:2330.2,2331.23 2 0
github.com/ArubikU/polyloft-bvm/internal/vm/vm.go:2331.23,2333.3 1 0
github.com/ArubikU/polyloft-bvm/internal/vm/vm.go:2334.2,2336.102 3 0
github.com/ArubikU/polyloft-bvm/internal/vm/vm.go:2336.102,2338.3 1 0
github.com/ArubikU/polyloft-bvm/internal/vm/vm.go:2339.2,2339.17 1 0
github.com/ArubikU/polyloft-bvm/internal/vm/vm.go:2339.17,2340.16 1 0
github.com/ArubikU/polyloft-bvm/internal/vm/vm.go:2340.16,2342.4 1 0
github.com/ArubikU/polyloft-bvm/internal/vm/vm.go:2343.3,2344.13 2 0
github.com/ArubikU/polyloft-bvm/internal/vm/vm.go:2346.2,2346.24 1 0
github.com/ArubikU/polyloft-bvm/internal/vm/vm.go:2346.24,2348.3 1 0
github.com/ArubikU/polyloft-bvm/internal/vm/vm.go:2349.2,2351.33 3 0
github.com/ArubikU/polyloft-bvm/internal/vm/vm.go:2351.33,2353.3 1 0
github.com/ArubikU/polyloft-bvm/internal/vm/vm.go:2354.2,2356.12 3 0
github.com/ArubikU/polyloft-bvm/internal/vm/vm.go:2359.56,2361.34 2 0
github.com/ArubikU/polyloft-bvm/internal/vm/vm.go:2361.34,2363.3 1 0
github.com/ArubikU/polyloft-bvm/internal/vm/vm.go:2364.2,2365.18 2 0
github.com/ArubikU/polyloft-bvm/internal/vm/vm.go:2365.18,2367.3 1 0
github.com/ArubikU/polyloft-bvm/internal/vm/vm.go:2368.2,2369.23 2 0
github.com/ArubikU/polyloft-bvm/internal/vm/vm.go:2369.23,2371.3 1 0
github.com/ArubikU/polyloft-bvm/internal/vm/vm.go:2372.2,2374.13 3 0
github.com/ArubikU/polyloft-bvm/internal/vm/vm.go:2374.13,2376.3 1 0
github.com/ArubikU/polyloft-bvm/internal/vm/vm.go:2377.2,2377.93 1 0
github.com/ArubikU/polyloft-bvm/internal/vm/vm.go:2377.93,2379.3 1 0
github.com/ArubikU/polyloft-bvm/internal/vm/vm.go:2380.2,2380.80 1 0
github.com/ArubikU/polyloft-bvm/internal/vm/vm.go:2383.48,2385.28 2 0
github.com/ArubikU/polyloft-bvm/internal/vm/vm.go:2385.28,2387.3 1 0
github.com/ArubikU/polyloft-bvm/internal/vm/vm.go:2388.2,2388.13 1 0
github.com/ArubikU/polyloft-bvm/internal/vm/vm.go:2391.131,2392.18 1 0
github.com/ArubikU/polyloft-bvm/internal/vm/vm.go:2392.18,2394.3 1 0
github.com/ArubikU/polyloft-bvm/internal/vm/vm.go:2395.2,2395.79 1 0
github.com/ArubikU/polyloft-bvm/internal/vm/vm.go:2395.79,2397.3 1 0
github.com/ArubikU/polyloft-bvm/internal/vm/vm.go:2398.2,2398.71 1 0
github.com/ArubikU/polyloft-bvm/internal/vm/vm.go:2398.71,2400.3 1 0
github.com/ArubikU/polyloft-bvm/internal/vm/vm.go:2401.2,2401.29 1 0
github.com/ArubikU/polyloft-bvm/internal/vm/vm.go:2401.29,2403.3 1 0
github.com/ArubikU/polyloft-bvm/internal/vm/vm.go:2404.2,2404.24 1 0
github.com/ArubikU/polyloft-bvm/internal/vm/vm.go:2407.136,2408.18 1 0
github.com/ArubikU/polyloft-bvm/internal/vm/vm.go:2408.18,2410.3 1 0
github.com/ArubikU/polyloft-bvm/internal/vm/vm.go:2411.2,2411.77 1 0
github.com/ArubikU/polyloft-bvm/internal/vm/vm.go:2411.77,2413.3 1 0
github.com/ArubikU/polyloft-bvm/internal/vm/vm.go:2414.2,2414.29 1 0
github.com/ArubikU/polyloft-bvm/internal/vm/vm.go:2414.29,2416.3 1 0
github.com/ArubikU/polyloft-bvm/internal/vm/vm.go:2417.2,2417.24 1 0
github.com/ArubikU/polyloft-bvm/internal/vm/vm.go:2420.120,2421.18 1 0
github.com/ArubikU/polyloft-bvm/internal/vm/vm.go:2421.18,2423.3 1 0
github.com/ArubikU/polyloft-bvm/internal/vm/vm.go:2424.2,2426.49 3 0
github.com/ArubikU/polyloft-bvm/internal/vm/vm.go:2426.49,2427.84 1 0
github.com/ArubikU/polyloft-bvm/internal/vm/vm.go:2427.84,2428.12 1 0
github.com/ArubikU/polyloft-bvm/internal/vm/vm.go:2430.3,2431.24 2 0
github.com/ArubikU/polyloft-bvm/internal/vm/vm.go:2431.24,2434.4 2 0
github.com/ArubikU/polyloft-bvm/internal/vm/vm.go:2436.2,2436.13 1 0
github.com/ArubikU/polyloft-bvm/internal/vm/vm.go:2439.131,2440.18 1 0
github.com/ArubikU/polyloft-bvm/internal/vm/vm.go:2440.18,2442.3 1 0
github.com/ArubikU/polyloft-bvm/internal/vm/vm.go:2443.2,2443.85 1 0
github.com/ArubikU/polyloft-bvm/internal/vm/vm.go:2443.85,2445.3 1 0
github.com/ArubikU/polyloft-bvm/internal/vm/vm.go:2446.2,2446.77 1 0
github.com/ArubikU/polyloft-bvm/internal/vm/vm.go:2446.77,2448.3 1 0
github.com/ArubikU/polyloft-bvm/internal/vm/vm.go:2449.2,2449.29 1 0
github.com/ArubikU/polyloft-bvm/internal/vm/vm.go:2449.29,2451.3 1 0
github.com/ArubikU/polyloft-bvm/internal/vm/vm.go:2452.2,2452.24 1 0
github.com/ArubikU/polyloft-bvm/internal/vm/vm.go:2455.105,2458.31 3 0
github.com/ArubikU/polyloft-bvm/internal/vm/vm.go:2458.31,2459.49 1 0
github.com/ArubikU/polyloft-bvm/internal/vm/vm.go:2459.49,2460.12 1 0
github.com/ArubikU/polyloft-bvm/internal/vm/vm.go:2462.3,2463.24 2 0
github.com/ArubikU/polyloft-bvm/internal/vm/vm.go:2463.24,2466.4 2 0
github.com/ArubikU/polyloft-bvm/internal/vm/vm.go:2468.2,2468.13 1 0
github.com/ArubikU/polyloft-bvm/internal/vm/vm.go:2471.79,2472.40 1 0
github.com/ArubikU/polyloft-bvm/internal/vm/vm.go:2472.40,2474.3 1 0
github.com/ArubikU/polyloft-bvm/internal/vm/vm.go:2475.2,2475.27 1 0
github.com/ArubikU/polyloft-bvm/internal/vm/vm.go:2475.27,2477.29 2 0
github.com/ArubikU/polyloft-bvm/internal/vm/vm.go:2477.29,2479.4 1 0
github.com/ArubikU/polyloft-bvm/internal/vm/vm.go:2480.3,2481.55 2 0
github.com/ArubikU/polyloft-bvm/internal/vm/vm.go:2481.55,2482.12 1 0
github.com/ArubikU/polyloft-bvm/internal/vm/vm.go:2484.3,2484.42 1 0
github.com/ArubikU/polyloft-bvm/internal/vm/vm.go:2484.42,2485.12 1 0
github.com/ArubikU/polyloft-bvm/internal/vm/vm.go:2487.3,2487.37 1 0
github.com/ArubikU/polyloft-bvm/internal/vm/vm.go:2487.37,2489.4 1 0
github.com/ArubikU/polyloft-bvm/internal/vm/vm.go:2491.2,2491.13 1 0
github.com/ArubikU/polyloft-bvm/internal/vm/vm.go:2494.76,2496.27 2 0
github.com/ArubikU/polyloft-bvm/internal/vm/vm.go:2496.27,2498.29 2 0
github.com/ArubikU/polyloft-bvm/internal/vm/vm.go:2498.29,2500.4 1 0
github.com/ArubikU/polyloft-bvm/internal/vm/vm.go:2501.3,2502.55 2 0
github.com/ArubikU/polyloft-bvm/internal/vm/vm.go:2502.55,2503.12 1 0
github.com/ArubikU/polyloft-bvm/internal/vm/vm.go:2505.3,2505.42 1 0
github.com/ArubikU/polyloft-bvm/internal/vm/vm.go:2505.42,2506.12 1 0
github.com/ArubikU/polyloft-bvm/internal/vm/vm.go:2508.3,2509.73 2 0
github.com/ArubikU/polyloft-bvm/internal/vm/vm.go:2509.73,2511.4 1 0
github.com/ArubikU/polyloft-bvm/internal/vm/vm.go:2511.9,2511.43 1 0
github.com/ArubikU/polyloft-bvm/internal/vm/vm.go:2511.43,2513.4 1 0
github.com/ArubikU/polyloft-bvm/internal/vm/vm.go:2515.2,2515.14 1 0
github.com/ArubikU/polyloft-bvm/internal/vm/vm.go:2518.54,2520.43 2 0
github.com/ArubikU/polyloft-bvm/internal/vm/vm.go:2520.43,2522.3 1 0
github.com/ArubikU/polyloft-bvm/internal/vm/vm.go:2523.2,2523.33 1 0
github.com/ArubikU/polyloft-bvm/internal/vm/vm.go:2523.33,2524.17 1 0
github.com/ArubikU/polyloft-bvm/internal/vm/vm.go:2524.17,2525.28 1 0
github.com/ArubikU/polyloft-bvm/internal/vm/vm.go:2525.28,2527.5 1 0
github.com/ArubikU/polyloft-bvm/internal/vm/vm.go:2528.4,2528.12 1 0
github.com/ArubikU/polyloft-bvm/internal/vm/vm.go:2530.3,2530.27 1 0
github.com/ArubikU/polyloft-bvm/internal/vm/vm.go:2530.27,2532.4 1 0
github.com/ArubikU/polyloft-bvm/internal/vm/vm.go:2534.2,2534.13 1 0
github.com/ArubikU/polyloft-bvm/internal/vm/vm.go:2537.58,2538.15 1 0
github.com/ArubikU/polyloft-bvm/internal/vm/vm.go:2538.15,2540.31 2 0
github.com/ArubikU/polyloft-bvm/internal/vm/vm.go:2540.31,2542.4 1 0
github.com/ArubikU/polyloft-bvm/internal/vm/vm.go:2543.3,2543.65 1 0
github.com/ArubikU/polyloft-bvm/internal/vm/vm.go:2545.2,2545.15 1 0
github.com/ArubikU/polyloft-bvm/internal/vm/vm.go:2545.15,2548.61 3 0
github.com/ArubikU/polyloft-bvm/internal/vm/vm.go:2548.61,2550.4 1 0
github.com/ArubikU/polyloft-bvm/internal/vm/vm.go:2551.3,2552.26 2 0
github.com/ArubikU/polyloft-bvm/internal/vm/vm.go:2552.26,2554.4 1 0
github.com/ArubikU/polyloft-bvm/internal/vm/vm.go:2555.3,2555.81 1 0
github.com/ArubikU/polyloft-bvm/internal/vm/vm.go:2557.2,2557.58 1 0
github.com/ArubikU/polyloft-bvm/internal/vm/vm.go:2560.96,2561.14 1 0
github.com/ArubikU/polyloft-bvm/internal/vm/vm.go:2562.9,2564.31 2 0
github.com/ArubikU/polyloft-bvm/internal/vm/vm.go:2564.31,2566.4 1 0
github.com/ArubikU/polyloft-bvm/internal/vm/vm.go:2567.3,2570.13 4 0
github.com/ArubikU/polyloft-bvm/internal/vm/vm.go:2571.9,2574.61 3 0
github.com/ArubikU/polyloft-bvm/internal/vm/vm.go:2574.61,2576.4 1 0
github.com/ArubikU/polyloft-bvm/internal/vm/vm.go:2577.3,2578.26 2 0
github.com/ArubikU/polyloft-bvm/internal/vm/vm.go:2578.26,2580.4 1 0
github.com/ArubikU/polyloft-bvm/internal/vm/vm.go:2581.3,2584.13 4 0
github.com/ArubikU/polyloft-bvm/internal/vm/vm.go:2585.10,2586.54 1 0
github.com/ArubikU/polyloft-bvm/internal/vm/vm.go:2590.94,2594.91 4 0
github.com/ArubikU/polyloft-bvm/internal/vm/vm.go:2594.91,2596.3 1 0
github.com/ArubikU/polyloft-bvm/internal/vm/vm.go:2597.2,2598.37 2 0
github.com/ArubikU/polyloft-bvm/internal/vm/vm.go:2598.37,2600.3 1 0
github.com/ArubikU/polyloft-bvm/internal/vm/vm.go:2601.2,2601.37 1 0
github.com/ArubikU/polyloft-bvm/internal/vm/vm.go:2601.37,2603.3 1 0
github.com/ArubikU/polyloft-bvm/internal/vm/vm.go:2604.2,2605.18 2 0
github.com/ArubikU/polyloft-bvm/internal/vm/vm.go:2608.37,2610.2 1 0
github.com/ArubikU/polyloft-bvm/internal/vm/vm.go:2612.73,2613.64 1 0
github.com/ArubikU/polyloft-bvm/internal/vm/vm.go:2613.64,2615.3 1 0
github.com/ArubikU/polyloft-bvm/internal/vm/vm.go:2616.2,2618.28 3 0
github.com/ArubikU/polyloft-bvm/internal/vm/vm.go:2618.28,2620.3 1 0
github.com/ArubikU/polyloft-bvm/internal/vm/vm.go:2621.2,2621.36 1 0
github.com/ArubikU/polyloft-bvm/internal/vm/vm.go:2621.36,2623.3 1 0
github.com/ArubikU/polyloft-bvm/internal/vm/vm.go:2624.2,2624.31 1 0
github.com/ArubikU/polyloft-bvm/internal/vm/vm.go:2624.31,2626.77 2 0
github.com/ArubikU/polyloft-bvm/internal/vm/vm.go:2626.77,2627.24 1 0
github.com/ArubikU/polyloft-bvm/internal/vm/vm.go:2627.24,2629.5 1 0
github.com/ArubikU/polyloft-bvm/internal/vm/vm.go:2632.2,2632.76 1 0
github.com/ArubikU/polyloft-bvm/internal/vm/vm.go:2635.59,2636.16 1 0
github.com/ArubikU/polyloft-bvm/internal/vm/vm.go:2636.16,2638.3 1 0
github.com/ArubikU/polyloft-bvm/internal/vm/vm.go:2639.2,2639.43 1 0
github.com/ArubikU/polyloft-bvm/internal/vm/vm.go:2639.43,2640.48 1 0
github.com/ArubikU/polyloft-bvm/internal/vm/vm.go:2640.48,2642.4 1 0
github.com/ArubikU/polyloft-bvm/internal/vm/vm.go:2644.2,2644.43 1 0
github.com/ArubikU/polyloft-bvm/internal/vm/vm.go:2644.43,2645.15 1 0
github.com/ArubikU/polyloft-bvm/internal/vm/vm.go:2645.15,2646.12 1 0
github.com/ArubikU/polyloft-bvm/internal/vm/vm.go:2648.3,2648.83 1 0
github.com/ArubikU/polyloft-bvm/internal/vm/vm.go:2648.83,2650.4 1 0
github.com/ArubikU/polyloft-bvm/internal/vm/vm.go:2652.2,2652.12 1 0
github.com/ArubikU/polyloft-bvm/internal/vm/vm.go:2655.85,2656.43 1 0
github.com/ArubikU/polyloft-bvm/internal/vm/vm.go:2656.43,2658.3 1 0
github.com/ArubikU/polyloft-bvm/internal/vm/vm.go:2659.2,2659.48 1 0
github.com/ArubikU/polyloft-bvm/internal/vm/vm.go:2659.48,2660.79 1 0
github.com/ArubikU/polyloft-bvm/internal/vm/vm.go:2660.79,2661.12 1 0
github.com/ArubikU/polyloft-bvm/internal/vm/vm.go:2663.3,2663.33 1 0
github.com/ArubikU/polyloft-bvm/internal/vm/vm.go:2665.2,2665.32 1 0
github.com/ArubikU/polyloft-bvm/internal/vm/vm.go:2668.119,2670.27 2 0
github.com/ArubikU/polyloft-bvm/internal/vm/vm.go:2670.27,2674.3 3 0
github.com/ArubikU/polyloft-bvm/internal/vm/vm.go:2674.8,2676.3 1 0
github.com/ArubikU/polyloft-bvm/internal/vm/vm.go:2677.2,2683.28 7 0
github.com/ArubikU/polyloft-bvm/internal/vm/vm.go:2683.28,2685.3 1 0
github.com/ArubikU/polyloft-bvm/internal/vm/vm.go:2685.8,2687.3 1 0
github.com/ArubikU/polyloft-bvm/internal/vm/vm.go:2688.2,2688.32 1 0
github.com/ArubikU/polyloft-bvm/internal/vm/vm.go:2688.32,2690.3 1 0
github.com/ArubikU/polyloft-bvm/internal/vm/vm.go:2690.8,2692.3 1 0
github.com/ArubikU/polyloft-bvm/internal/vm/vm.go:2693.2,2694.38 2 0
github.com/ArubikU/polyloft-bvm/internal/vm/vm.go:2694.38,2696.3 1 0
github.com/ArubikU/polyloft-bvm/internal/vm/vm.go:2696.8,2699.3 2 0
github.com/ArubikU/polyloft-bvm/internal/vm/vm.go:2700.2,2700.14 1 0
github.com/ArubikU/polyloft-bvm/internal/vm/vm.go:2703.42,2714.2 10 0
github.com/ArubikU/polyloft-bvm/internal/vm/vm.go:2716.57,2717.32 1 0
github.com/ArubikU/polyloft-bvm/internal/vm/vm.go:2717.32,2719.3 1 0
github.com/ArubikU/polyloft-bvm/internal/vm/vm.go:2719.8,2721.3 1 0
github.com/ArubikU/polyloft-bvm/internal/vm/vm.go:2722.2,2722.23 1 0
github.com/ArubikU/polyloft-bvm/internal/vm/vm.go:2725.35,2727.2 1 0
github.com/ArubikU/polyloft-bvm/internal/vm/vm.go:2729.33,2733.2 3 0
github.com/ArubikU/polyloft-bvm/internal/vm/vm.go:2735.46,2737.2 1 0
github.com/ArubikU/polyloft-bvm/internal/vm/vm.go:2739.43,2743.2 3 0
github.com/ArubikU/polyloft-bvm/internal/vm/vm.go:2745.47,2749.2 3 0
github.com/ArubikU/polyloft-bvm/internal/vm/vm.go:2751.53,2752.26 1 0
github.com/ArubikU/polyloft-bvm/internal/vm/vm.go:2753.11,2754.26 1 0
github.com/ArubikU/polyloft-bvm/internal/vm/vm.go:2755.13,2756.27 1 0
github.com/ArubikU/polyloft-bvm/internal/vm/vm.go:2757.15,2758.29 1 0
github.com/ArubikU/polyloft-bvm/internal/vm/vm.go:2759.12,2760.28 1 0
github.com/ArubikU/polyloft-bvm/internal/vm/vm.go:2761.12,2762.28 1 0
github.com/ArubikU/polyloft-bvm/internal/vm/vm.go:2763.14,2764.30 1 0
github.com/ArubikU/polyloft-bvm/internal/vm/vm.go:2765.26,2766.30 1 0
github.com/ArubikU/polyloft-bvm/internal/vm/vm.go:2767.10,2768.30 1 0
github.com/ArubikU/polyloft-bvm/internal/vm/vm.go:2772.61,2774.43 2 0
github.com/ArubikU/polyloft-bvm/internal/vm/vm.go:2774.43,2776.3 1 0
github.com/ArubikU/polyloft-bvm/internal/vm/vm.go:2777.2,2777.27 1 0
github.com/ArubikU/polyloft-bvm/internal/vm/vm.go:2780.64,2782.43 2 0
github.com/ArubikU/polyloft-bvm/internal/vm/vm.go:2782.43,2785.3 2 0
github.com/ArubikU/polyloft-bvm/internal/vm/vm.go:2786.2,2786.24 1 0
github.com/ArubikU/polyloft-bvm/internal/vm/vm.go:2789.65,2790.18 1 0
github.com/ArubikU/polyloft-bvm/internal/vm/vm.go:2791.22,2792.27 1 0
github.com/ArubikU/polyloft-bvm/internal/vm/vm.go:2793.22,2794.27 1 0
github.com/ArubikU/polyloft-bvm/internal/vm/vm.go:2795.22,2796.27 1 0
github.com/ArubikU/polyloft-bvm/internal/vm/vm.go:2797.22,2798.27 1 0
github.com/ArubikU/polyloft-bvm/internal/vm/vm.go:2799.22,2800.27 1 0
github.com/ArubikU/polyloft-bvm/internal/vm/vm.go:2801.22,2802.27 1 0
github.com/ArubikU/polyloft-bvm/internal/vm/vm.go:2803.26,2804.25 1 0
github.com/ArubikU/polyloft-bvm/internal/vm/vm.go:2805.23,2806.25 1 0
github.com/ArubikU/polyloft-bvm/internal/vm/vm.go:2807.10,2808.16 1 0
github.com/ArubikU/polyloft-bvm/internal/vm/vm.go:2812.134,2813.66 1 0
github.com/ArubikU/polyloft-bvm/internal/vm/vm.go:2813.66,2815.3 1 0
github.com/ArubikU/polyloft-bvm/internal/vm/vm.go:2816.2,2816.123 1 0
github.com/ArubikU/polyloft-bvm/internal/vm/vm.go:2816.123,2818.17 2 0
github.com/ArubikU/polyloft-bvm/internal/vm/vm.go:2818.17,2820.4 1 0
github.com/ArubikU/polyloft-bvm/internal/vm/vm.go:2821.3,2821.27 1 0
github.com/ArubikU/polyloft-bvm/internal/vm/vm.go:2823.2,2824.9 2 0
github.com/ArubikU/polyloft-bvm/internal/vm/vm.go:2824.9,2826.3 1 0
github.com/ArubikU/polyloft-bvm/internal/vm/vm.go:2827.2,2828.16 2 0
github.com/ArubikU/polyloft-bvm/internal/vm/vm.go:2828.16,2830.3 1 0
github.com/ArubikU/polyloft-bvm/internal/vm/vm.go:2831.2,2831.26 1 0
github.com/ArubikU/polyloft-bvm/internal/vm/vm.go:2834.157,2835.46 1 0
github.com/ArubikU/polyloft-bvm/internal/vm/vm.go:2835.46,2837.3 1 0
github.com/ArubikU/polyloft-bvm/internal/vm/vm.go:2838.2,2838.114 1 0
github.com/ArubikU/polyloft-bvm/internal/vm/vm.go:2838.114,2840.17 2 0
github.com/ArubikU/polyloft-bvm/internal/vm/vm.go:2840.17,2842.4 1 0
github.com/ArubikU/polyloft-bvm/internal/vm/vm.go:2843.3,2843.27 1 0
github.com/ArubikU/polyloft-bvm/internal/vm/vm.go:2845.2,2845.24 1 0
github.com/ArubikU/polyloft-bvm/internal/vm/vm.go:2845.24,2847.3 1 0
github.com/ArubikU/polyloft-bvm/internal/vm/vm.go:2848.2,2848.37 1 0
github.com/ArubikU/polyloft-bvm/internal/vm/vm.go:2851.99,2853.9 2 0
github.com/ArubikU/polyloft-bvm/internal/vm/vm.go:2853.9,2855.3 1 0
github.com/ArubikU/polyloft-bvm/internal/vm/vm.go:2856.2,2856.59 1 0
github.com/ArubikU/polyloft-bvm/internal/vm/vm.go:2859.119,2861.43 2 0
github.com/ArubikU/polyloft-bvm/internal/vm/vm.go:2861.43,2862.111 1 0
github.com/ArubikU/polyloft-bvm/internal/vm/vm.go:2862.111,2864.4 1 0
github.com/ArubikU/polyloft-bvm/internal/vm/vm.go:2866.2,2866.44 1 0
github.com/ArubikU/polyloft-bvm/internal/vm/vm.go:2866.44,2867.111 1 0
github.com/ArubikU/polyloft-bvm/internal/vm/vm.go:2867.111,2869.4 1 0
github.com/ArubikU/polyloft-bvm/internal/vm/vm.go:2871.2,2871.37 1 0
github.com/ArubikU/polyloft-bvm/internal/vm/vm.go:2874.96,2876.28 2 0
github.com/ArubikU/polyloft-bvm/internal/vm/vm.go:2876.28,2878.3 1 0
github.com/ArubikU/polyloft-bvm/internal/vm/vm.go:2879.2,2880.9 2 0
github.com/ArubikU/polyloft-bvm/internal/vm/vm.go:2880.9,2882.3 1 0
github.com/ArubikU/polyloft-bvm/internal/vm/vm.go:2883.2,2883.32 1 0
github.com/ArubikU/polyloft-bvm/internal/vm/vm.go:2886.82,2888.2 1 0
github.com/ArubikU/polyloft-bvm/internal/vm/vm.go:2890.65,2892.43 2 0
github.com/ArubikU/polyloft-bvm/internal/vm/vm.go:2892.43,2894.3 1 0
github.com/ArubikU/polyloft-bvm/internal/vm/vm.go:2895.2,2897.13 3 0
github.com/ArubikU/polyloft-bvm/internal/vm/vm.go:2900.78,2902.9 2 0
github.com/ArubikU/polyloft-bvm/internal/vm/vm.go:2902.9,2905.44 3 0
github.com/ArubikU/polyloft-bvm/internal/vm/vm.go:2905.44,2907.4 1 0
github.com/ArubikU/polyloft-bvm/internal/vm/vm.go:2908.3,2908.59 1 0
github.com/ArubikU/polyloft-bvm/internal/vm/vm.go:2908.59,2910.4 1 0
github.com/ArubikU/polyloft-bvm/internal/vm/vm.go:2910.9,2910.36 1 0
github.com/ArubikU/polyloft-bvm/internal/vm/vm.go:2910.36,2912.4 1 0
github.com/ArubikU/polyloft-bvm/internal/vm/vm.go:2913.3,2913.42 1 0
github.com/ArubikU/polyloft-bvm/internal/vm/vm.go:2915.2,2915.50 1 0
github.com/ArubikU/polyloft-bvm/internal/vm/vm.go:2918.63,2920.9 2 0
github.com/ArubikU/polyloft-bvm/internal/vm/vm.go:2920.9,2922.3 1 0
github.com/ArubikU/polyloft-bvm/internal/vm/vm.go:2923.2,2924.43 2 0
github.com/ArubikU/polyloft-bvm/internal/vm/vm.go:2924.43,2926.3 1 0
github.com/ArubikU/polyloft-bvm/internal/vm/vm.go:2926.8,2928.3 1 0
github.com/ArubikU/polyloft-bvm/internal/vm/vm.go:2931.93,2934.138 3 0
github.com/ArubikU/polyloft-bvm/internal/vm/vm.go:2934.138,2937.19 3 0
github.com/ArubikU/polyloft-bvm/internal/vm/vm.go:2938.42,2940.14 2 0
github.com/ArubikU/polyloft-bvm/internal/vm/vm.go:2941.42,2943.14 2 0
github.com/ArubikU/polyloft-bvm/internal/vm/vm.go:2944.42,2946.14 2 0
github.com/ArubikU/polyloft-bvm/internal/vm/vm.go:2947.42,2948.21 1 0
github.com/ArubikU/polyloft-bvm/internal/vm/vm.go:2948.21,2950.5 1 0
github.com/ArubikU/polyloft-bvm/internal/vm/vm.go:2951.4,2952.14 2 0
github.com/ArubikU/polyloft-bvm/internal/vm/vm.go:2955.2,2956.9 2 0
github.com/ArubikU/polyloft-bvm/internal/vm/vm.go:2956.9,2957.86 1 0
github.com/ArubikU/polyloft-bvm/internal/vm/vm.go:2957.86,2959.4 1 0
github.com/ArubikU/polyloft-bvm/internal/vm/vm.go:2959.9,2959.21 1 0
github.com/ArubikU/polyloft-bvm/internal/vm/vm.go:2959.21,2962.4 2 0
github.com/ArubikU/polyloft-bvm/internal/vm/vm.go:2963.3,2963.57 1 0
github.com/ArubikU/polyloft-bvm/internal/vm/vm.go:2965.2,2966.9 2 0
github.com/ArubikU/polyloft-bvm/internal/vm/vm.go:2966.9,2967.86 1 0
github.com/ArubikU/polyloft-bvm/internal/vm/vm.go:2967.86,2969.4 1 0
github.com/ArubikU/polyloft-bvm/internal/vm/vm.go:2969.9,2969.21 1 0
github.com/ArubikU/polyloft-bvm/internal/vm/vm.go:2969.21,2972.4 2 0
github.com/ArubikU/polyloft-bvm/internal/vm/vm.go:2973.3,2973.57 1 0
github.com/ArubikU/polyloft-bvm/internal/vm/vm.go:2975.2,2975.147 1 0
github.com/ArubikU/polyloft-bvm/internal/vm/vm.go:2975.147,2977.3 1 0
github.com/ArubikU/polyloft-bvm/internal/vm/vm.go:2978.2,2979.12 2 0
github.com/ArubikU/polyloft-bvm/internal/vm/vm.go:2982.55,2985.138 3 0
github.com/ArubikU/polyloft-bvm/internal/vm/vm.go:2985.138,2988.20 3 0
github.com/ArubikU/polyloft-bvm/internal/vm/vm.go:2988.20,2989.64 1 0
github.com/ArubikU/polyloft-bvm/internal/vm/vm.go:2989.64,2992.5 2 0
github.com/ArubikU/polyloft-bvm/internal/vm/vm.go:2995.2,2996.9 2 0
github.com/ArubikU/polyloft-bvm/internal/vm/vm.go:2996.9,2997.86 1 0
github.com/ArubikU/polyloft-bvm/internal/vm/vm.go:2997.86,2999.4 1 0
github.com/ArubikU/polyloft-bvm/internal/vm/vm.go:2999.9,2999.21 1 0
github.com/ArubikU/polyloft-bvm/internal/vm/vm.go:2999.21,3002.4 2 0
github.com/ArubikU/polyloft-bvm/internal/vm/vm.go:3003.3,3003.57 1 0
github.com/ArubikU/polyloft-bvm/internal/vm/vm.go:3005.2,3006.9 2 0
github.com/ArubikU/polyloft-bvm/internal/vm/vm.go:3006.9,3007.86 1 0
github.com/ArubikU/polyloft-bvm/internal/vm/vm.go:3007.86,3009.4 1 0
github.com/ArubikU/polyloft-bvm/internal/vm/vm.go:3009.9,3009.21 1 0
github.com/ArubikU/polyloft-bvm/internal/vm/vm.go:3009.21,3012.4 2 0
github.com/ArubikU/polyloft-bvm/internal/vm/vm.go:3013.3,3013.57 1 0
github.com/ArubikU/polyloft-bvm/internal/vm/vm.go:3015.2,3016.12 2 0
github.com/ArubikU/polyloft-bvm/internal/vm/vm.go:3019.55,3021.45 2 0
github.com/ArubikU/polyloft-bvm/internal/vm/vm.go:3021.45,3023.3 1 0
github.com/ArubikU/polyloft-bvm/internal/vm/vm.go:3024.2,3024.74 1 0
github.com/ArubikU/polyloft-bvm/internal/vm/vm.go:3027.82,3029.63 2 0
github.com/ArubikU/polyloft-bvm/internal/vm/vm.go:3029.63,3031.35 2 0
github.com/ArubikU/polyloft-bvm/internal/vm/vm.go:3031.35,3032.12 1 0
github.com/ArubikU/polyloft-bvm/internal/vm/vm.go:3034.3,3036.32 3 0
github.com/ArubikU/polyloft-bvm/internal/vm/vm.go:3036.32,3040.4 3 0
github.com/ArubikU/polyloft-bvm/internal/vm/vm.go:3041.3,3041.41 1 0
github.com/ArubikU/polyloft-bvm/internal/vm/vm.go:3041.41,3043.4 1 0
github.com/ArubikU/polyloft-bvm/internal/vm/vm.go:3044.3,3046.19 3 0
github.com/ArubikU/polyloft-bvm/internal/vm/vm.go:3048.2,3048.22 1 0
github.com/ArubikU/polyloft-bvm/internal/vm/vm.go:3051.80,3052.47 1 0
github.com/ArubikU/polyloft-bvm/internal/vm/vm.go:3052.47,3053.24 1 0
github.com/ArubikU/polyloft-bvm/internal/vm/vm.go:3053.24,3055.4 1 0
github.com/ArubikU/polyloft-bvm/internal/vm/vm.go:3056.3,3056.28 1 0
github.com/ArubikU/polyloft-bvm/internal/vm/vm.go:3056.28,3058.4 1 0
github.com/ArubikU/polyloft-bvm/internal/vm/vm.go:3059.3,3059.23 1 0
github.com/ArubikU/polyloft-bvm/internal/vm/vm.go:3059.23,3061.4 1 0
github.com/ArubikU/polyloft-bvm/internal/vm/vm.go:3062.3,3062.29 1 0
github.com/ArubikU/polyloft-bvm/internal/vm/vm.go:3062.29,3064.4 1 0
github.com/ArubikU/polyloft-bvm/internal/vm/vm.go:3065.3,3065.23 1 0
github.com/ArubikU/polyloft-bvm/internal/vm/vm.go:3065.23,3068.4 2 0
github.com/ArubikU/polyloft-bvm/internal/vm/vm.go:3069.3,3069.24 1 0
github.com/ArubikU/polyloft-bvm/internal/vm/vm.go:3069.24,3071.4 1 0
github.com/ArubikU/polyloft-bvm/internal/vm/vm.go:3072.3,3072.16 1 0
github.com/ArubikU/polyloft-bvm/internal/vm/vm.go:3074.2,3081.15 8 0
github.com/ArubikU/polyloft-bvm/internal/vm/vm.go:3084.45,3085.96 1 0
github.com/ArubikU/polyloft-bvm/internal/vm/vm.go:3085.96,3087.3 1 0
github.com/ArubikU/polyloft-bvm/internal/vm/vm.go:3088.2,3089.15 2 0
github.com/ArubikU/polyloft-bvm/internal/vm/vm.go:3089.15,3091.3 1 0
github.com/ArubikU/polyloft-bvm/internal/vm/vm.go:3092.2,3092.40 1 0
github.com/ArubikU/polyloft-bvm/internal/vm/vm.go:3092.40,3094.3 1 0
github.com/ArubikU/polyloft-bvm/internal/vm/vm.go:3095.2,3095.36 1 0
github.com/ArubikU/polyloft-bvm/internal/vm/vm.go:3098.52,3100.43 2 0
github.com/ArubikU/polyloft-bvm/internal/vm/vm.go:3100.43,3103.3 2 0
github.com/ArubikU/polyloft-bvm/internal/vm/vm.go:3104.2,3104.14 1 0
github.com/ArubikU/polyloft-bvm/internal/vm/vm.go:3107.60,3108.9 1 0
github.com/ArubikU/polyloft-bvm/internal/vm/vm.go:3109.53,3110.21 1 0
github.com/ArubikU/polyloft-bvm/internal/vm/vm.go:3111.42,3112.22 1 0
github.com/ArubikU/polyloft-bvm/internal/vm/vm.go:3113.53,3114.22 1 0
github.com/ArubikU/polyloft-bvm/internal/vm/vm.go:3115.46,3116.21 1 0
github.com/ArubikU/polyloft-bvm/internal/vm/vm.go:3117.49,3118.33 1 0
github.com/ArubikU/polyloft-bvm/internal/vm/vm.go:3119.47,3120.33 1 0
github.com/ArubikU/polyloft-bvm/internal/vm/vm.go:3121.52,3122.23 1 0
github.com/ArubikU/polyloft-bvm/internal/vm/vm.go:3123.10,3124.24 1 0
github.com/ArubikU/polyloft-bvm/internal/vm/vm.go:3128.50,3129.9 1 0
github.com/ArubikU/polyloft-bvm/internal/vm/vm.go:3130.53,3131.48 1 0
github.com/ArubikU/polyloft-bvm/internal/vm/vm.go:3132.42,3133.63 1 0
github.com/ArubikU/polyloft-bvm/internal/vm/vm.go:3134.46,3135.76 1 0
github.com/ArubikU/polyloft-bvm/internal/vm/vm.go:3136.10,3137.12 1 0
github.com/ArubikU/polyloft-bvm/internal/vm/vm.go:3141.79,3143.9 2 0
github.com/ArubikU/polyloft-bvm/internal/vm/vm.go:3143.9,3145.3 1 0
github.com/ArubikU/polyloft-bvm/internal/vm/vm.go:3146.2,3147.9 2 0
github.com/ArubikU/polyloft-bvm/internal/vm/vm.go:3147.9,3149.3 1 0
github.com/ArubikU/polyloft-bvm/internal/vm/vm.go:3150.2,3151.103 2 0
github.com/ArubikU/polyloft-bvm/internal/vm/vm.go:3151.103,3153.3 1 0
github.com/ArubikU/polyloft-bvm/internal/vm/vm.go:3154.2,3154.100 1 0
github.com/ArubikU/polyloft-bvm/internal/vm/vm.go:3154.100,3156.3 1 0
github.com/ArubikU/polyloft-bvm/internal/vm/vm.go:3157.2,3157.36 1 0
github.com/ArubikU/polyloft-bvm/internal/vm/vm.go:3160.62,3161.68 1 0
github.com/ArubikU/polyloft-bvm/internal/vm/vm.go:3161.68,3163.3 1 0
github.com/ArubikU/polyloft-bvm/internal/vm/vm.go:3164.2,3164.48 1 0
github.com/ArubikU/polyloft-bvm/internal/vm/vm.go:3164.48,3165.52 1 0
github.com/ArubikU/polyloft-bvm/internal/vm/vm.go:3165.52,3167.4 1 0
github.com/ArubikU/polyloft-bvm/internal/vm/vm.go:3169.2,3169.27 1 0
github.com/ArubikU/polyloft-bvm/internal/vm/vm.go:3172.116,3173.65 1 0
github.com/ArubikU/polyloft-bvm/internal/vm/vm.go:3173.65,3175.3 1 0
github.com/ArubikU/polyloft-bvm/internal/vm/vm.go:3176.2,3176.65 1 0
github.com/ArubikU/polyloft-bvm/internal/vm/vm.go:3176.65,3177.157 1 0
github.com/ArubikU/polyloft-bvm/internal/vm/vm.go:3177.157,3179.4 1 0
github.com/ArubikU/polyloft-bvm/internal/vm/vm.go:3180.3,3180.34 1 0
github.com/ArubikU/polyloft-bvm/internal/vm/vm.go:3182.2,3182.138 1 0
github.com/ArubikU/polyloft-bvm/internal/vm/vm.go:3182.138,3184.3 1 0
github.com/ArubikU/polyloft-bvm/internal/vm/vm.go:3185.2,3185.33 1 0
github.com/ArubikU/polyloft-bvm/internal/vm/vm.go:3188.129,3191.46 3 0
github.com/ArubikU/polyloft-bvm/internal/vm/vm.go:3191.46,3192.49 1 0
github.com/ArubikU/polyloft-bvm/internal/vm/vm.go:3192.49,3195.4 2 0
github.com/ArubikU/polyloft-bvm/internal/vm/vm.go:3197.2,3197.138 1 0
github.com/ArubikU/polyloft-bvm/internal/vm/vm.go:3197.138,3200.3 2 0
github.com/ArubikU/polyloft-bvm/internal/vm/vm.go:3201.2,3202.9 2 0
github.com/ArubikU/polyloft-bvm/internal/vm/vm.go:3202.9,3203.86 1 0
github.com/ArubikU/polyloft-bvm/internal/vm/vm.go:3203.86,3205.4 1 0
github.com/ArubikU/polyloft-bvm/internal/vm/vm.go:3205.9,3205.21 1 0
github.com/ArubikU/polyloft-bvm/internal/vm/vm.go:3205.21,3207.11 2 0
github.com/ArubikU/polyloft-bvm/internal/vm/vm.go:3207.11,3209.5 1 0
github.com/ArubikU/polyloft-bvm/internal/vm/vm.go:3210.4,3211.14 2 0
github.com/ArubikU/polyloft-bvm/internal/vm/vm.go:3213.3,3213.58 1 0
github.com/ArubikU/polyloft-bvm/internal/vm/vm.go:3215.2,3216.9 2 0
github.com/ArubikU/polyloft-bvm/internal/vm/vm.go:3216.9,3217.86 1 0
github.com/ArubikU/polyloft-bvm/internal/vm/vm.go:3217.86,3219.4 1 0
github.com/ArubikU/polyloft-bvm/internal/vm/vm.go:3219.9,3219.21 1 0
github.com/ArubikU/polyloft-bvm/internal/vm/vm.go:3219.21,3221.11 2 0
github.com/ArubikU/polyloft-bvm/internal/vm/vm.go:3221.11,3223.5 1 0
github.com/ArubikU/polyloft-bvm/internal/vm/vm.go:3224.4,3225.14 2 0
github.com/ArubikU/polyloft-bvm/internal/vm/vm.go:3227.3,3227.58 1 0
github.com/ArubikU/polyloft-bvm/internal/vm/vm.go:3229.2,3230.12 2 0
github.com/ArubikU/polyloft-bvm/internal/vm/vm.go:3233.66,3236.138 3 0
github.com/ArubikU/polyloft-bvm/internal/vm/vm.go:3236.138,3239.19 3 0
github.com/ArubikU/polyloft-bvm/internal/vm/vm.go:3240.27,3242.14 2 0
github.com/ArubikU/polyloft-bvm/internal/vm/vm.go:3243.30,3245.14 2 0
github.com/ArubikU/polyloft-bvm/internal/vm/vm.go:3248.2,3249.9 2 0
github.com/ArubikU/polyloft-bvm/internal/vm/vm.go:3249.9,3251.3 1 0
github.com/ArubikU/polyloft-bvm/internal/vm/vm.go:3252.2,3253.9 2 0
github.com/ArubikU/polyloft-bvm/internal/vm/vm.go:3253.9,3255.3 1 0
github.com/ArubikU/polyloft-bvm/internal/vm/vm.go:3256.2,3256.18 1 0
github.com/ArubikU/polyloft-bvm/internal/vm/vm.go:3257.26,3258.47 1 0
github.com/ArubikU/polyloft-bvm/internal/vm/vm.go:3259.29,3260.47 1 0
github.com/ArubikU/polyloft-bvm/internal/vm/vm.go:3261.10,3262.71 1 0
github.com/ArubikU/polyloft-bvm/internal/vm/vm.go:3264.2,3264.12 1 0
github.com/ArubikU/polyloft-bvm/internal/vm/vm.go:3267.71,3271.20 4 0
github.com/ArubikU/polyloft-bvm/internal/vm/vm.go:3271.20,3272.23 1 0
github.com/ArubikU/polyloft-bvm/internal/vm/vm.go:3272.23,3274.11 2 0
github.com/ArubikU/polyloft-bvm/internal/vm/vm.go:3274.11,3276.5 1 0
github.com/ArubikU/polyloft-bvm/internal/vm/vm.go:3277.4,3277.17 1 0
github.com/ArubikU/polyloft-bvm/internal/vm/vm.go:3279.3,3280.21 2 0
github.com/ArubikU/polyloft-bvm/internal/vm/vm.go:3280.21,3281.9 1 0
github.com/ArubikU/polyloft-bvm/internal/vm/vm.go:3283.3,3284.10 2 0
github.com/ArubikU/polyloft-bvm/internal/vm/vm.go:3284.10,3286.4 1 0
github.com/ArubikU/polyloft-bvm/internal/vm/vm.go:3287.3,3287.21 1 0
github.com/ArubikU/polyloft-bvm/internal/vm/vm.go:3289.2,3289.21 1 0
github.com/ArubikU/polyloft-bvm/internal/vm/vm.go:3292.66,3293.29 1 0
github.com/ArubikU/polyloft-bvm/internal/vm/vm.go:3293.29,3295.3 1 0
github.com/ArubikU/polyloft-bvm/internal/vm/vm.go:3296.2,3297.27 2 0
github.com/ArubikU/polyloft-bvm/internal/vm/vm.go:3297.27,3299.3 1 0
github.com/ArubikU/polyloft-bvm/internal/vm/vm.go:3300.2,3300.22 1 0
github.com/ArubikU/polyloft-bvm/internal/vm/vm.go:3303.69,3304.36 1 0
github.com/ArubikU/polyloft-bvm/internal/vm/vm.go:3304.36,3306.3 1 0
github.com/ArubikU/polyloft-bvm/internal/vm/vm.go:3307.2,3308.34 2 0
github.com/ArubikU/polyloft-bvm/internal/vm/vm.go:3308.34,3310.3 1 0
github.com/ArubikU/polyloft-bvm/internal/vm/vm.go:3311.2,3311.50 1 0
github.com/ArubikU/polyloft-bvm/internal/vm/vm.go:3312.36,3313.109 1 0
github.com/ArubikU/polyloft-bvm/internal/vm/vm.go:3313.109,3315.34 2 0
github.com/ArubikU/polyloft-bvm/internal/vm/vm.go:3315.34,3317.5 1 0
github.com/ArubikU/polyloft-bvm/internal/vm/vm.go:3320.2,3320.17 1 0
github.com/ArubikU/polyloft-bvm/internal/vm/vm.go:3323.66,3324.34 1 0
github.com/ArubikU/polyloft-bvm/internal/vm/vm.go:3324.34,3326.3 1 0
github.com/ArubikU/polyloft-bvm/internal/vm/vm.go:3327.2,3328.34 2 0
github.com/ArubikU/polyloft-bvm/internal/vm/vm.go:3328.34,3330.3 1 0
github.com/ArubikU/polyloft-bvm/internal/vm/vm.go:3331.2,3331.59 1 0
github.com/ArubikU/polyloft-bvm/internal/vm/vm.go:3331.59,3333.3 1 0
github.com/ArubikU/polyloft-bvm/internal/vm/vm.go:3334.2,3334.108 1 0
github.com/ArubikU/polyloft-bvm/internal/vm/vm.go:3334.108,3336.31 2 0
github.com/ArubikU/polyloft-bvm/internal/vm/vm.go:3336.31,3338.4 1 0
github.com/ArubikU/polyloft-bvm/internal/vm/vm.go:3340.2,3340.21 1 0
github.com/ArubikU/polyloft-bvm/internal/vm/vm.go:3343.78,3344.46 1 0
github.com/ArubikU/polyloft-bvm/internal/vm/vm.go:3344.46,3345.49 1 0
github.com/ArubikU/polyloft-bvm/internal/vm/vm.go:3345.49,3347.4 1 0
github.com/ArubikU/polyloft-bvm/internal/vm/vm.go:3349.2,3349.48 1 0
github.com/ArubikU/polyloft-bvm/internal/vm/vm.go:3349.48,3350.51 1 0
github.com/ArubikU/polyloft-bvm/internal/vm/vm.go:3350.51,3352.4 1 0
github.com/ArubikU/polyloft-bvm/internal/vm/vm.go:3354.2,3354.49 1 0
github.com/ArubikU/polyloft-bvm/internal/vm/vm.go:3354.49,3355.52 1 0
github.com/ArubikU/polyloft-bvm/internal/vm/vm.go:3355.52,3357.4 1 0
github.com/ArubikU/polyloft-bvm/internal/vm/vm.go:3359.2,3359.43 1 0
github.com/ArubikU/polyloft-bvm/internal/vm/vm.go:3359.43,3360.77 1 0
github.com/ArubikU/polyloft-bvm/internal/vm/vm.go:3360.77,3362.4 1 0
github.com/ArubikU/polyloft-bvm/internal/vm/vm.go:3362.9,3362.21 1 0
github.com/ArubikU/polyloft-bvm/internal/vm/vm.go:3362.21,3364.4 1 0
github.com/ArubikU/polyloft-bvm/internal/vm/vm.go:3366.2,3366.44 1 0
github.com/ArubikU/polyloft-bvm/internal/vm/vm.go:3366.44,3367.76 1 0
github.com/ArubikU/polyloft-bvm/internal/vm/vm.go:3367.76,3369.4 1 0
github.com/ArubikU/polyloft-bvm/internal/vm/vm.go:3369.9,3369.21 1 0
github.com/ArubikU/polyloft-bvm/internal/vm/vm.go:3369.21,3371.4 1 0
github.com/ArubikU/polyloft-bvm/internal/vm/vm.go:3373.2,3373.38 1 0
github.com/ArubikU/polyloft-bvm/internal/vm/vm.go:3376.103,3378.9 2 0
github.com/ArubikU/polyloft-bvm/internal/vm/vm.go:3378.9,3380.3 1 0
github.com/ArubikU/polyloft-bvm/internal/vm/vm.go:3381.2,3382.9 2 0
github.com/ArubikU/polyloft-bvm/internal/vm/vm.go:3382.9,3384.3 1 0
github.com/ArubikU/polyloft-bvm/internal/vm/vm.go:3385.2,3387.56 3 0
github.com/ArubikU/polyloft-bvm/internal/vm/vm.go:3387.56,3389.3 1 0
github.com/ArubikU/polyloft-bvm/internal/vm/vm.go:3390.2,3390.20 1 0
github.com/ArubikU/polyloft-bvm/internal/vm/vm.go:3391.17,3393.10 2 0
github.com/ArubikU/polyloft-bvm/internal/vm/vm.go:3393.10,3395.4 1 0
github.com/ArubikU/polyloft-bvm/internal/vm/vm.go:3396.3,3396.62 1 0
github.com/ArubikU/polyloft-bvm/internal/vm/vm.go:3397.25,3399.10 2 0
github.com/ArubikU/polyloft-bvm/internal/vm/vm.go:3399.10,3401.4 1 0
github.com/ArubikU/polyloft-bvm/internal/vm/vm.go:3402.3,3402.57 1 0
github.com/ArubikU/polyloft-bvm/internal/vm/vm.go:3403.17,3405.10 2 0
github.com/ArubikU/polyloft-bvm/internal/vm/vm.go:3405.10,3407.4 1 0
github.com/ArubikU/polyloft-bvm/internal/vm/vm.go:3408.3,3408.56 1 0
github.com/ArubikU/polyloft-bvm/internal/vm/vm.go:3409.14,3410.35 1 0
github.com/ArubikU/polyloft-bvm/internal/vm/vm.go:3410.35,3412.4 1 0
github.com/ArubikU/polyloft-bvm/internal/vm/vm.go:3413.3,3413.36 1 0
github.com/ArubikU/polyloft-bvm/internal/vm/vm.go:3414.10,3415.38 1 0
github.com/ArubikU/polyloft-bvm/internal/vm/vm.go:3417.2,3417.47 1 0
github.com/ArubikU/polyloft-bvm/internal/vm/vm.go:3420.87,3422.55 2 0
github.com/ArubikU/polyloft-bvm/internal/vm/vm.go:3422.55,3424.71 2 0
github.com/ArubikU/polyloft-bvm/internal/vm/vm.go:3424.71,3425.12 1 0
github.com/ArubikU/polyloft-bvm/internal/vm/vm.go:3427.3,3427.87 1 0
github.com/ArubikU/polyloft-bvm/internal/vm/vm.go:3427.87,3429.4 1 0
github.com/ArubikU/polyloft-bvm/internal/vm/vm.go:3431.2,3431.40 1 0
github.com/ArubikU/polyloft-bvm/internal/vm/vm.go:3434.59,3435.41 1 0
github.com/ArubikU/polyloft-bvm/internal/vm/vm.go:3435.41,3437.3 1 0
github.com/ArubikU/polyloft-bvm/internal/vm/vm.go:3438.2,3438.40 1 0
github.com/ArubikU/polyloft-bvm/internal/vm/vm.go:3438.40,3440.3 1 0
github.com/ArubikU/polyloft-bvm/internal/vm/vm.go:3441.2,3441.40 1 0
github.com/ArubikU/polyloft-bvm/internal/vm/vm.go:3441.40,3443.3 1 0
github.com/ArubikU/polyloft-bvm/internal/vm/vm.go:3444.2,3444.44 1 0
github.com/ArubikU/polyloft-bvm/internal/vm/vm.go:3444.44,3446.3 1 0
github.com/ArubikU/polyloft-bvm/internal/vm/vm.go:3447.2,3447.50 1 0
github.com/ArubikU/polyloft-bvm/internal/vm/vm.go:3447.50,3449.3 1 0
github.com/ArubikU/polyloft-bvm/internal/vm/vm.go:3450.2,3450.14 1 0
github.com/ArubikU/polyloft-bvm/internal/vm/vm.go:3453.87,3454.39 1 0
github.com/ArubikU/polyloft-bvm/internal/vm/vm.go:3455.18,3456.39 1 0
github.com/ArubikU/polyloft-bvm/internal/vm/vm.go:3456.39,3458.4 1 0
github.com/ArubikU/polyloft-bvm/internal/vm/vm.go:3459.3,3459.74 1 0
github.com/ArubikU/polyloft-bvm/internal/vm/vm.go:3459.74,3461.4 1 0
github.com/ArubikU/polyloft-bvm/internal/vm/vm.go:3462.22,3463.39 1 0
github.com/ArubikU/polyloft-bvm/internal/vm/vm.go:3463.39,3465.4 1 0
github.com/ArubikU/polyloft-bvm/internal/vm/vm.go:3466.3,3466.74 1 0
github.com/ArubikU/polyloft-bvm/internal/vm/vm.go:3466.74,3468.4 1 0
github.com/ArubikU/polyloft-bvm/internal/vm/vm.go:3469.19,3470.37 1 0
github.com/ArubikU/polyloft-bvm/internal/vm/vm.go:3470.37,3472.4 1 0
github.com/ArubikU/polyloft-bvm/internal/vm/vm.go:3473.3,3473.39 1 0
github.com/ArubikU/polyloft-bvm/internal/vm/vm.go:3473.39,3475.4 1 0
github.com/ArubikU/polyloft-bvm/internal/vm/vm.go:3476.3,3476.39 1 0
github.com/ArubikU/polyloft-bvm/internal/vm/vm.go:3476.39,3478.4 1 0
github.com/ArubikU/polyloft-bvm/internal/vm/vm.go:3479.3,3479.37 1 0
github.com/ArubikU/polyloft-bvm/internal/vm/vm.go:3479.37,3481.4 1 0
github.com/ArubikU/polyloft-bvm/internal/vm/vm.go:3482.3,3482.74 1 0
github.com/ArubikU/polyloft-bvm/internal/vm/vm.go:3482.74,3484.4 1 0
github.com/ArubikU/polyloft-bvm/internal/vm/vm.go:3485.19,3486.37 1 0
github.com/ArubikU/polyloft-bvm/internal/vm/vm.go:3486.37,3488.4 1 0
github.com/ArubikU/polyloft-bvm/internal/vm/vm.go:3489.3,3489.39 1 0
github.com/ArubikU/polyloft-bvm/internal/vm/vm.go:3489.39,3491.4 1 0
github.com/ArubikU/polyloft-bvm/internal/vm/vm.go:3492.3,3492.39 1 0
github.com/ArubikU/polyloft-bvm/internal/vm/vm.go:3492.39,3494.4 1 0
github.com/ArubikU/polyloft-bvm/internal/vm/vm.go:3495.3,3495.74 1 0
github.com/ArubikU/polyloft-bvm/internal/vm/vm.go:3495.74,3497.4 1 0
github.com/ArubikU/polyloft-bvm/internal/vm/vm.go:3499.2,3499.14 1 0
github.com/ArubikU/polyloft-bvm/internal/vm/vm.go:3502.99,3504.49 2 0
github.com/ArubikU/polyloft-bvm/internal/vm/vm.go:3504.49,3505.44 1 0
github.com/ArubikU/polyloft-bvm/internal/vm/vm.go:3505.44,3507.4 1 0
github.com/ArubikU/polyloft-bvm/internal/vm/vm.go:3508.3,3508.33 1 0
github.com/ArubikU/polyloft-bvm/internal/vm/vm.go:3510.2,3510.36 1 0
github.com/ArubikU/polyloft-bvm/internal/vm/vm.go:3510.36,3512.3 1 0
github.com/ArubikU/polyloft-bvm/internal/vm/vm.go:3513.2,3514.9 2 0
github.com/ArubikU/polyloft-bvm/internal/vm/vm.go:3514.9,3516.3 1 0
github.com/ArubikU/polyloft-bvm/internal/vm/vm.go:3517.2,3517.136 1 0
github.com/ArubikU/polyloft-bvm/internal/vm/vm.go:3520.103,3521.72 1 0
github.com/ArubikU/polyloft-bvm/internal/vm/vm.go:3521.72,3523.3 1 0
github.com/ArubikU/polyloft-bvm/internal/vm/vm.go:3524.2,3524.39 1 0
github.com/ArubikU/polyloft-bvm/internal/vm/vm.go:3525.29,3526.45 1 0
github.com/ArubikU/polyloft-bvm/internal/vm/vm.go:3526.45,3528.4 1 0
github.com/ArubikU/polyloft-bvm/internal/vm/vm.go:3529.3,3529.35 1 0
github.com/ArubikU/polyloft-bvm/internal/vm/vm.go:3529.35,3531.4 1 0
github.com/ArubikU/polyloft-bvm/internal/vm/vm.go:3532.27,3533.128 1 0
github.com/ArubikU/polyloft-bvm/internal/vm/vm.go:3533.128,3534.110 1 0
github.com/ArubikU/polyloft-bvm/internal/vm/vm.go:3534.110,3536.33 2 0
github.com/ArubikU/polyloft-bvm/internal/vm/vm.go:3536.33,3538.6 1 0
github.com/ArubikU/polyloft-bvm/internal/vm/vm.go:3541.3,3541.37 1 0
github.com/ArubikU/polyloft-bvm/internal/vm/vm.go:3541.37,3543.23 2 0
github.com/ArubikU/polyloft-bvm/internal/vm/vm.go:3543.23,3545.5 1 0
github.com/ArubikU/polyloft-bvm/internal/vm/vm.go:3546.4,3546.47 1 0
github.com/ArubikU/polyloft-bvm/internal/vm/vm.go:3548.55,3549.73 1 0
github.com/ArubikU/polyloft-bvm/internal/vm/vm.go:3551.2,3551.37 1 0
github.com/ArubikU/polyloft-bvm/internal/vm/vm.go:3554.59,3556.2 1 0
github.com/ArubikU/polyloft-bvm/internal/vm/vm.go:3558.69,3559.44 1 0
github.com/ArubikU/polyloft-bvm/internal/vm/vm.go:3559.44,3561.3 1 0
github.com/ArubikU/polyloft-bvm/internal/vm/vm.go:3562.2,3563.34 2 0
github.com/ArubikU/polyloft-bvm/internal/vm/vm.go:3563.34,3565.3 1 0
github.com/ArubikU/polyloft-bvm/internal/vm/vm.go:3566.2,3567.51 2 0
github.com/ArubikU/polyloft-bvm/internal/vm/vm.go:3567.51,3569.3 1 0
github.com/ArubikU/polyloft-bvm/internal/vm/vm.go:3570.2,3571.16 2 0
github.com/ArubikU/polyloft-bvm/internal/vm/vm.go:3571.16,3573.3 1 0
github.com/ArubikU/polyloft-bvm/internal/vm/vm.go:3574.2,3574.72 1 0
github.com/ArubikU/polyloft-bvm/internal/vm/vm.go:3574.72,3576.3 1 0
github.com/ArubikU/polyloft-bvm/internal/vm/vm.go:3577.2,3577.41 1 0
github.com/ArubikU/polyloft-bvm/internal/vm/vm.go:3577.41,3579.3 1 0
github.com/ArubikU/polyloft-bvm/internal/vm/vm.go:3580.2,3580.29 1 0
github.com/ArubikU/polyloft-bvm/internal/vm/vm.go:3583.57,3584.47 1 0
github.com/ArubikU/polyloft-bvm/internal/vm/vm.go:3584.47,3585.24 1 0
github.com/ArubikU/polyloft-bvm/internal/vm/vm.go:3585.24,3587.4 1 0
github.com/ArubikU/polyloft-bvm/internal/vm/vm.go:3588.3,3588.36 1 0
github.com/ArubikU/polyloft-bvm/internal/vm/vm.go:3590.2,3590.38 1 0
github.com/ArubikU/polyloft-bvm/internal/vm/vm.go:3593.88,3594.44 1 0
github.com/ArubikU/polyloft-bvm/internal/vm/vm.go:3594.44,3596.3 1 0
github.com/ArubikU/polyloft-bvm/internal/vm/vm.go:3597.2,3597.33 1 0
github.com/ArubikU/polyloft-bvm/internal/vm/vm.go:3597.33,3599.3 1 0
github.com/ArubikU/polyloft-bvm/internal/vm/vm.go:3600.2,3600.77 1 0
github.com/ArubikU/polyloft-bvm/internal/runtime/collections_module.go:14.46,17.113 2 0
github.com/ArubikU/polyloft-bvm/internal/runtime/collections_module.go:17.113,20.3 2 0
github.com/ArubikU/polyloft-bvm/internal/runtime/collections_module.go:22.2,22.121 1 0
github.com/ArubikU/polyloft-bvm/internal/runtime/collections_module.go:22.121,24.17 2 0
github.com/ArubikU/polyloft-bvm/internal/runtime/collections_module.go:24.17,26.4 1 0
github.com/ArubikU/polyloft-bvm/internal/runtime/collections_module.go:27.3,27.49 1 0
github.com/ArubikU/polyloft-bvm/internal/runtime/collections_module.go:30.2,30.130 1 0
github.com/ArubikU/polyloft-bvm/internal/runtime/collections_module.go:30.130,32.17 2 0
github.com/ArubikU/polyloft-bvm/internal/runtime/collections_module.go:32.17,34.4 1 0
github.com/ArubikU/polyloft-bvm/internal/runtime/collections_module.go:35.3,38.31 4 0
github.com/ArubikU/polyloft-bvm/internal/runtime/collections_module.go:41.2,41.136 1 0
github.com/ArubikU/polyloft-bvm/internal/runtime/collections_module.go:41.136,43.17 2 0
github.com/ArubikU/polyloft-bvm/internal/runtime/collections_module.go:43.17,45.4 1 0
github.com/ArubikU/polyloft-bvm/internal/runtime/collections_module.go:46.3,50.31 5 0
github.com/ArubikU/polyloft-bvm/internal/runtime/collections_module.go:53.2,53.135 1 0
github.com/ArubikU/polyloft-bvm/internal/runtime/collections_module.go:53.135,55.17 2 0
github.com/ArubikU/polyloft-bvm/internal/runtime/collections_module.go:55.17,57.4 1 0
github.com/ArubikU/polyloft-bvm/internal/runtime/collections_module.go:58.3,61.31 4 0
github.com/ArubikU/polyloft-bvm/internal/runtime/collections_module.go:64.2,64.133 1 0
github.com/ArubikU/polyloft-bvm/internal/runtime/collections_module.go:64.133,66.17 2 0
github.com/ArubikU/polyloft-bvm/internal/runtime/collections_module.go:66.17,68.4 1 0
github.com/ArubikU/polyloft-bvm/internal/runtime/collections_module.go:69.3,69.42 1 0
github.com/ArubikU/polyloft-bvm/internal/runtime/collections_module.go:69.42,70.47 1 0
github.com/ArubikU/polyloft-bvm/internal/runtime/collections_module.go:70.47,75.5 4 0
github.com/ArubikU/polyloft-bvm/internal/runtime/collections_module.go:77.3,77.37 1 0
github.com/ArubikU/polyloft-bvm/internal/runtime/collections_module.go:80.2,80.135 1 0
github.com/ArubikU/polyloft-bvm/internal/runtime/collections_module.go:80.135,82.17 2 0
github.com/ArubikU/polyloft-bvm/internal/runtime/collections_module.go:82.17,84.4 1 0
github.com/ArubikU/polyloft-bvm/internal/runtime/collections_module.go:85.3,85.42 1 0
github.com/ArubikU/polyloft-bvm/internal/runtime/collections_module.go:85.42,86.47 1 0
github.com/ArubikU/polyloft-bvm/internal/runtime/collections_module.go:86.47,88.5 1 0
github.com/ArubikU/polyloft-bvm/internal/runtime/collections_module.go:90.3,90.37 1 0
github.com/ArubikU/polyloft-bvm/internal/runtime/collections_module.go:93.2,93.123 1 0
github.com/ArubikU/polyloft-bvm/internal/runtime/collections_module.go:93.123,95.17 2 0
github.com/ArubikU/polyloft-bvm/internal/runtime/collections_module.go:95.17,97.4 1 0
github.com/ArubikU/polyloft-bvm/internal/runtime/collections_module.go:98.3,100.31 3 0
github.com/ArubikU/polyloft-bvm/internal/runtime/collections_module.go:103.2,103.127 1 0
github.com/ArubikU/polyloft-bvm/internal/runtime/collections_module.go:103.127,105.17 2 0
github.com/ArubikU/polyloft-bvm/internal/runtime/collections_module.go:105.17,107.4 1 0
github.com/ArubikU/polyloft-bvm/internal/runtime/collections_module.go:108.3,109.63 2 0
github.com/ArubikU/polyloft-bvm/internal/runtime/collections_module.go:112.2,112.129 1 0
github.com/ArubikU/polyloft-bvm/internal/runtime/collections_module.go:112.129,114.17 2 0
github.com/ArubikU/polyloft-bvm/internal/runtime/collections_module.go:114.17,116.4 1 0
github.com/ArubikU/polyloft-bvm/internal/runtime/collections_module.go:117.3,118.36 2 0
github.com/ArubikU/polyloft-bvm/internal/runtime/collections_module.go:118.36,120.4 1 0
github.com/ArubikU/polyloft-bvm/internal/runtime/collections_module.go:121.3,121.32 1 0
github.com/ArubikU/polyloft-bvm/internal/runtime/collections_module.go:124.2,124.129 1 0
github.com/ArubikU/polyloft-bvm/internal/runtime/collections_module.go:124.129,126.17 2 0
github.com/ArubikU/polyloft-bvm/internal/runtime/collections_module.go:126.17,128.4 1 0
github.com/ArubikU/polyloft-bvm/internal/runtime/collections_module.go:129.3,129.23 1 0
github.com/ArubikU/polyloft-bvm/internal/runtime/collections_module.go:129.23,131.4 1 0
github.com/ArubikU/polyloft-bvm/internal/runtime/collections_module.go:132.3,136.22 5 0
github.com/ArubikU/polyloft-bvm/internal/runtime/collections_module.go:139.2,139.128 1 0
github.com/ArubikU/polyloft-bvm/internal/runtime/collections_module.go:139.128,141.17 2 0
github.com/ArubikU/polyloft-bvm/internal/runtime/collections_module.go:141.17,143.4 1 0
github.com/ArubikU/polyloft-bvm/internal/runtime/collections_module.go:144.3,144.23 1 0
github.com/ArubikU/polyloft-bvm/internal/runtime/collections_module.go:144.23,146.4 1 0
github.com/ArubikU/polyloft-bvm/internal/runtime/collections_module.go:147.3,150.22 4 0
github.com/ArubikU/polyloft-bvm/internal/runtime/collections_module.go:153.2,153.139 1 0
github.com/ArubikU/polyloft-bvm/internal/runtime/collections_module.go:153.139,155.17 2 0
github.com/ArubikU/polyloft-bvm/internal/runtime/collections_module.go:155.17,157.4 1 0
github.com/ArubikU/polyloft-bvm/internal/runtime/collections_module.go:158.3,159.36 2 0
github.com/ArubikU/polyloft-bvm/internal/runtime/collections_module.go:159.36,161.4 1 0
github.com/ArubikU/polyloft-bvm/internal/runtime/collections_module.go:162.3,163.31 2 0
github.com/ArubikU/polyloft-bvm/internal/runtime/collections_module.go:166.2,166.24 1 0
github.com/ArubikU/polyloft-bvm/internal/runtime/collections_module.go:169.75,171.26 2 0
github.com/ArubikU/polyloft-bvm/internal/runtime/collections_module.go:171.26,173.3 1 0
github.com/ArubikU/polyloft-bvm/internal/runtime/collections_module.go:174.2,174.20 1 0
github.com/ArubikU/polyloft-bvm/internal/runtime/collections_module.go:177.65,178.38 1 0
github.com/ArubikU/polyloft-bvm/internal/runtime/collections_module.go:178.38,180.3 1 0
github.com/ArubikU/polyloft-bvm/internal/runtime/collections_module.go:181.2,182.22 2 0
github.com/ArubikU/polyloft-bvm/internal/runtime/collections_module.go:182.22,184.3 1 0
github.com/ArubikU/polyloft-bvm/internal/runtime/collections_module.go:185.2,185.33 1 0
github.com/ArubikU/polyloft-bvm/internal/runtime/collections_module.go:185.33,187.3 1 0
github.com/ArubikU/polyloft-bvm/internal/runtime/collections_module.go:188.2,190.22 3 0
github.com/ArubikU/polyloft-bvm/internal/runtime/concurrent_module.go:20.38,22.2 1 0
github.com/ArubikU/polyloft-bvm/internal/runtime/concurrent_module.go:24.84,27.17 3 0
github.com/ArubikU/polyloft-bvm/internal/runtime/concurrent_module.go:27.17,29.3 1 0
github.com/ArubikU/polyloft-bvm/internal/runtime/concurrent_module.go:30.2,35.13 6 0
github.com/ArubikU/polyloft-bvm/internal/runtime/concurrent_module.go:38.58,40.2 1 0
github.com/ArubikU/polyloft-bvm/internal/runtime/concurrent_module.go:42.45,44.2 1 0
github.com/ArubikU/polyloft-bvm/internal/runtime/concurrent_module.go:46.38,48.2 1 0
github.com/ArubikU/polyloft-bvm/internal/runtime/concurrent_module.go:50.91,51.16 1 0
github.com/ArubikU/polyloft-bvm/internal/runtime/concurrent_module.go:51.16,52.10 1 0
github.com/ArubikU/polyloft-bvm/internal/runtime/concurrent_module.go:53.17,53.17 0 0
github.com/ArubikU/polyloft-bvm/internal/runtime/concurrent_module.go:54.30,55.96 1 0
github.com/ArubikU/polyloft-bvm/internal/runtime/concurrent_module.go:57.8,59.3 1 0
github.com/ArubikU/polyloft-bvm/internal/runtime/concurrent_module.go:60.2,62.18 3 0
github.com/ArubikU/polyloft-bvm/internal/runtime/concurrent_module.go:62.18,64.3 1 0
github.com/ArubikU/polyloft-bvm/internal/runtime/concurrent_module.go:65.2,65.38 1 0
github.com/ArubikU/polyloft-bvm/internal/runtime/concurrent_module.go:68.38,72.2 3 0
github.com/ArubikU/polyloft-bvm/internal/runtime/concurrent_module.go:81.54,83.2 1 0
github.com/ArubikU/polyloft-bvm/internal/runtime/concurrent_module.go:85.38,87.15 2 0
github.com/ArubikU/polyloft-bvm/internal/runtime/concurrent_module.go:87.15,90.3 2 0
github.com/ArubikU/polyloft-bvm/internal/runtime/concurrent_module.go:91.2,95.26 5 0
github.com/ArubikU/polyloft-bvm/internal/runtime/concurrent_module.go:95.26,98.3 2 0
github.com/ArubikU/polyloft-bvm/internal/runtime/concurrent_module.go:99.2,99.12 1 0
github.com/ArubikU/polyloft-bvm/internal/runtime/concurrent_module.go:99.12,101.17 2 0
github.com/ArubikU/polyloft-bvm/internal/runtime/concurrent_module.go:101.17,104.4 2 0
github.com/ArubikU/polyloft-bvm/internal/runtime/concurrent_module.go:105.3,105.26 1 0
github.com/ArubikU/polyloft-bvm/internal/runtime/concurrent_module.go:107.2,107.12 1 0
github.com/ArubikU/polyloft-bvm/internal/runtime/concurrent_module.go:110.52,115.14 5 0
github.com/ArubikU/polyloft-bvm/internal/runtime/concurrent_module.go:115.14,117.3 1 0
github.com/ArubikU/polyloft-bvm/internal/runtime/concurrent_module.go:118.2,118.31 1 0
github.com/ArubikU/polyloft-bvm/internal/runtime/concurrent_module.go:121.39,127.2 5 0
github.com/ArubikU/polyloft-bvm/internal/runtime/concurrent_module.go:135.52,136.18 1 0
github.com/ArubikU/polyloft-bvm/internal/runtime/concurrent_module.go:136.18,138.3 1 0
github.com/ArubikU/polyloft-bvm/internal/runtime/concurrent_module.go:139.2,139.61 1 0
github.com/ArubikU/polyloft-bvm/internal/runtime/concurrent_module.go:142.59,144.14 2 0
github.com/ArubikU/polyloft-bvm/internal/runtime/concurrent_module.go:144.14,147.3 2 0
github.com/ArubikU/polyloft-bvm/internal/runtime/concurrent_module.go:148.2,151.12 4 0
github.com/ArubikU/polyloft-bvm/internal/runtime/concurrent_module.go:154.47,156.9 2 0
github.com/ArubikU/polyloft-bvm/internal/runtime/concurrent_module.go:156.9,158.3 1 0
github.com/ArubikU/polyloft-bvm/internal/runtime/concurrent_module.go:159.2,159.29 1 0
github.com/ArubikU/polyloft-bvm/internal/runtime/concurrent_module.go:162.38,165.14 3 0
github.com/ArubikU/polyloft-bvm/internal/runtime/concurrent_module.go:165.14,167.3 1 0
github.com/ArubikU/polyloft-bvm/internal/runtime/concurrent_module.go:168.2,170.13 3 0
github.com/ArubikU/polyloft-bvm/internal/runtime/concurrent_module.go:173.41,177.2 3 0
github.com/ArubikU/polyloft-bvm/internal/runtime/concurrent_module.go:179.45,182.122 2 0
github.com/ArubikU/polyloft-bvm/internal/runtime/concurrent_module.go:182.122,184.3 1 0
github.com/ArubikU/polyloft-bvm/internal/runtime/concurrent_module.go:185.2,185.125 1 0
github.com/ArubikU/polyloft-bvm/internal/runtime/concurrent_module.go:185.125,187.10 2 0
github.com/ArubikU/polyloft-bvm/internal/runtime/concurrent_module.go:187.10,189.4 1 0
github.com/ArubikU/polyloft-bvm/internal/runtime/concurrent_module.go:190.3,190.42 1 0
github.com/ArubikU/polyloft-bvm/internal/runtime/concurrent_module.go:192.2,192.123 1 0
github.com/ArubikU/polyloft-bvm/internal/runtime/concurrent_module.go:192.123,194.10 2 0
github.com/ArubikU/polyloft-bvm/internal/runtime/concurrent_module.go:194.10,196.4 1 0
github.com/ArubikU/polyloft-bvm/internal/runtime/concurrent_module.go:197.3,197.23 1 0
github.com/ArubikU/polyloft-bvm/internal/runtime/concurrent_module.go:199.2,199.128 1 0
github.com/ArubikU/polyloft-bvm/internal/runtime/concurrent_module.go:199.128,201.10 2 0
github.com/ArubikU/polyloft-bvm/internal/runtime/concurrent_module.go:201.10,203.4 1 0
github.com/ArubikU/polyloft-bvm/internal/runtime/concurrent_module.go:204.3,204.48 1 0
github.com/ArubikU/polyloft-bvm/internal/runtime/concurrent_module.go:207.2,207.115 1 0
github.com/ArubikU/polyloft-bvm/internal/runtime/concurrent_module.go:207.115,209.3 1 0
github.com/ArubikU/polyloft-bvm/internal/runtime/concurrent_module.go:210.2,210.128 1 0
github.com/ArubikU/polyloft-bvm/internal/runtime/concurrent_module.go:210.128,212.27 2 0
github.com/ArubikU/polyloft-bvm/internal/runtime/concurrent_module.go:212.27,215.4 2 0
github.com/ArubikU/polyloft-bvm/internal/runtime/concurrent_module.go:216.3,217.13 2 0
github.com/ArubikU/polyloft-bvm/internal/runtime/concurrent_module.go:217.13,219.18 2 0
github.com/ArubikU/polyloft-bvm/internal/runtime/concurrent_module.go:219.18,222.5 2 0
github.com/ArubikU/polyloft-bvm/internal/runtime/concurrent_module.go:223.4,223.27 1 0
github.com/ArubikU/polyloft-bvm/internal/runtime/concurrent_module.go:225.3,225.40 1 0
github.com/ArubikU/polyloft-bvm/internal/runtime/concurrent_module.go:227.2,227.137 1 0
github.com/ArubikU/polyloft-bvm/internal/runtime/concurrent_module.go:227.137,229.10 2 0
github.com/ArubikU/polyloft-bvm/internal/runtime/concurrent_module.go:229.10,231.4 1 0
github.com/ArubikU/polyloft-bvm/internal/runtime/concurrent_module.go:232.3,232.56 1 0
github.com/ArubikU/polyloft-bvm/internal/runtime/concurrent_module.go:234.2,234.122 1 0
github.com/ArubikU/polyloft-bvm/internal/runtime/concurrent_module.go:234.122,236.10 2 0
github.com/ArubikU/polyloft-bvm/internal/runtime/concurrent_module.go:236.10,238.4 1 0
github.com/ArubikU/polyloft-bvm/internal/runtime/concurrent_module.go:239.3,239.32 1 0
github.com/ArubikU/polyloft-bvm/internal/runtime/concurrent_module.go:241.2,241.139 1 0
github.com/ArubikU/polyloft-bvm/internal/runtime/concurrent_module.go:241.139,243.10 2 0
github.com/ArubikU/polyloft-bvm/internal/runtime/concurrent_module.go:243.10,245.4 1 0
github.com/ArubikU/polyloft-bvm/internal/runtime/concurrent_module.go:246.3,246.78 1 0
github.com/ArubikU/polyloft-bvm/internal/runtime/concurrent_module.go:248.2,248.127 1 0
github.com/ArubikU/polyloft-bvm/internal/runtime/concurrent_module.go:248.127,250.10 2 0
github.com/ArubikU/polyloft-bvm/internal/runtime/concurrent_module.go:250.10,252.4 1 0
github.com/ArubikU/polyloft-bvm/internal/runtime/concurrent_module.go:253.3,253.47 1 0
github.com/ArubikU/polyloft-bvm/internal/runtime/concurrent_module.go:255.2,255.126 1 0
github.com/ArubikU/polyloft-bvm/internal/runtime/concurrent_module.go:255.126,257.10 2 0
github.com/ArubikU/polyloft-bvm/internal/runtime/concurrent_module.go:257.10,259.4 1 0
github.com/ArubikU/polyloft-bvm/internal/runtime/concurrent_module.go:260.3,260.47 1 0
github.com/ArubikU/polyloft-bvm/internal/runtime/concurrent_module.go:262.2,262.132 1 0
github.com/ArubikU/polyloft-bvm/internal/runtime/concurrent_module.go:262.132,264.10 2 0
github.com/ArubikU/polyloft-bvm/internal/runtime/concurrent_module.go:264.10,266.4 1 0
github.com/ArubikU/polyloft-bvm/internal/runtime/concurrent_module.go:267.3,269.13 3 0
github.com/ArubikU/polyloft-bvm/internal/runtime/concurrent_module.go:269.13,271.18 2 0
github.com/ArubikU/polyloft-bvm/internal/runtime/concurrent_module.go:271.18,274.5 2 0
github.com/ArubikU/polyloft-bvm/internal/runtime/concurrent_module.go:275.4,275.28 1 0
github.com/ArubikU/polyloft-bvm/internal/runtime/concurrent_module.go:275.28,278.5 2 0
github.com/ArubikU/polyloft-bvm/internal/runtime/concurrent_module.go:279.4,280.18 2 0
github.com/ArubikU/polyloft-bvm/internal/runtime/concurrent_module.go:280.18,283.5 2 0
github.com/ArubikU/polyloft-bvm/internal/runtime/concurrent_module.go:284.4,284.28 1 0
github.com/ArubikU/polyloft-bvm/internal/runtime/concurrent_module.go:286.3,286.38 1 0
github.com/ArubikU/polyloft-bvm/internal/runtime/concurrent_module.go:288.2,288.133 1 0
github.com/ArubikU/polyloft-bvm/internal/runtime/concurrent_module.go:288.133,290.10 2 0
github.com/ArubikU/polyloft-bvm/internal/runtime/concurrent_module.go:290.10,292.4 1 0
github.com/ArubikU/polyloft-bvm/internal/runtime/concurrent_module.go:293.3,295.13 3 0
github.com/ArubikU/polyloft-bvm/internal/runtime/concurrent_module.go:295.13,297.18 2 0
github.com/ArubikU/polyloft-bvm/internal/runtime/concurrent_module.go:297.18,300.5 2 0
github.com/ArubikU/polyloft-bvm/internal/runtime/concurrent_module.go:301.4,301.28 1 0
github.com/ArubikU/polyloft-bvm/internal/runtime/concurrent_module.go:301.28,304.5 2 0
github.com/ArubikU/polyloft-bvm/internal/runtime/concurrent_module.go:305.4,306.22 2 0
github.com/ArubikU/polyloft-bvm/internal/runtime/concurrent_module.go:306.22,309.5 2 0
github.com/ArubikU/polyloft-bvm/internal/runtime/concurrent_module.go:310.4,310.28 1 0
github.com/ArubikU/polyloft-bvm/internal/runtime/concurrent_module.go:312.3,312.38 1 0
github.com/ArubikU/polyloft-bvm/internal/runtime/concurrent_module.go:314.2,314.135 1 0
github.com/ArubikU/polyloft-bvm/internal/runtime/concurrent_module.go:314.135,316.10 2 0
github.com/ArubikU/polyloft-bvm/internal/runtime/concurrent_module.go:316.10,318.4 1 0
github.com/ArubikU/polyloft-bvm/internal/runtime/concurrent_module.go:319.3,321.13 3 0
github.com/ArubikU/polyloft-bvm/internal/runtime/concurrent_module.go:321.13,323.28 2 0
github.com/ArubikU/polyloft-bvm/internal/runtime/concurrent_module.go:323.28,326.5 2 0
github.com/ArubikU/polyloft-bvm/internal/runtime/concurrent_module.go:327.4,328.22 2 0
github.com/ArubikU/polyloft-bvm/internal/runtime/concurrent_module.go:328.22,331.5 2 0
github.com/ArubikU/polyloft-bvm/internal/runtime/concurrent_module.go:332.4,332.18 1 0
github.com/ArubikU/polyloft-bvm/internal/runtime/concurrent_module.go:332.18,335.5 2 0
github.com/ArubikU/polyloft-bvm/internal/runtime/concurrent_module.go:336.4,336.25 1 0
github.com/ArubikU/polyloft-bvm/internal/runtime/concurrent_module.go:338.3,338.38 1 0
github.com/ArubikU/polyloft-bvm/internal/runtime/concurrent_module.go:341.2,341.123 1 0
github.com/ArubikU/polyloft-bvm/internal/runtime/concurrent_module.go:341.123,343.3 1 0
github.com/ArubikU/polyloft-bvm/internal/runtime/concurrent_module.go:344.2,344.134 1 0
github.com/ArubikU/polyloft-bvm/internal/runtime/concurrent_module.go:344.134,346.10 2 0
github.com/ArubikU/polyloft-bvm/internal/runtime/concurrent_module.go:346.10,348.4 1 0
github.com/ArubikU/polyloft-bvm/internal/runtime/concurrent_module.go:349.3,349.48 1 0
github.com/ArubikU/polyloft-bvm/internal/runtime/concurrent_module.go:351.2,351.127 1 0
github.com/ArubikU/polyloft-bvm/internal/runtime/concurrent_module.go:351.127,353.10 2 0
github.com/ArubikU/polyloft-bvm/internal/runtime/concurrent_module.go:353.10,355.4 1 0
github.com/ArubikU/polyloft-bvm/internal/runtime/concurrent_module.go:356.3,356.31 1 0
github.com/ArubikU/polyloft-bvm/internal/runtime/concurrent_module.go:358.2,358.126 1 0
github.com/ArubikU/polyloft-bvm/internal/runtime/concurrent_module.go:358.126,360.10 2 0
github.com/ArubikU/polyloft-bvm/internal/runtime/concurrent_module.go:360.10,362.4 1 0
github.com/ArubikU/polyloft-bvm/internal/runtime/concurrent_module.go:363.3,363.46 1 0
github.com/ArubikU/polyloft-bvm/internal/runtime/concurrent_module.go:365.2,365.130 1 0
github.com/ArubikU/polyloft-bvm/internal/runtime/concurrent_module.go:365.130,367.10 2 0
github.com/ArubikU/polyloft-bvm/internal/runtime/concurrent_module.go:367.10,369.4 1 0
github.com/ArubikU/polyloft-bvm/internal/runtime/concurrent_module.go:370.3,370.49 1 0
github.com/ArubikU/polyloft-bvm/internal/runtime/concurrent_module.go:373.2,373.24 1 0
github.com/ArubikU/polyloft-bvm/internal/runtime/core.go:16.63,19.120 2 0
github.com/ArubikU/polyloft-bvm/internal/runtime/core.go:19.120,21.28 2 0
github.com/ArubikU/polyloft-bvm/internal/runtime/core.go:21.28,23.28 2 0
github.com/ArubikU/polyloft-bvm/internal/runtime/core.go:23.28,25.19 2 0
github.com/ArubikU/polyloft-bvm/internal/runtime/core.go:25.19,27.6 1 0
github.com/ArubikU/polyloft-bvm/internal/runtime/core.go:28.5,28.20 1 0
github.com/ArubikU/polyloft-bvm/internal/runtime/core.go:30.4,30.31 1 0
github.com/ArubikU/polyloft-bvm/internal/runtime/core.go:32.3,33.31 2 0
github.com/ArubikU/polyloft-bvm/internal/runtime/core.go:36.2,36.122 1 0
github.com/ArubikU/polyloft-bvm/internal/runtime/core.go:36.122,38.28 2 0
github.com/ArubikU/polyloft-bvm/internal/runtime/core.go:38.28,40.28 2 0
github.com/ArubikU/polyloft-bvm/internal/runtime/core.go:40.28,42.19 2 0
github.com/ArubikU/polyloft-bvm/internal/runtime/core.go:42.19,44.6 1 0
github.com/ArubikU/polyloft-bvm/internal/runtime/core.go:45.5,45.20 1 0
github.com/ArubikU/polyloft-bvm/internal/runtime/core.go:47.4,47.31 1 0
github.com/ArubikU/polyloft-bvm/internal/runtime/core.go:49.3,50.31 2 0
github.com/ArubikU/polyloft-bvm/internal/runtime/core.go:53.2,53.125 1 0
github.com/ArubikU/polyloft-bvm/internal/runtime/core.go:53.125,54.20 1 0
github.com/ArubikU/polyloft-bvm/internal/runtime/core.go:54.20,56.4 1 0
github.com/ArubikU/polyloft-bvm/internal/runtime/core.go:57.3,57.21 1 0
github.com/ArubikU/polyloft-bvm/internal/runtime/core.go:57.21,59.28 2 0
github.com/ArubikU/polyloft-bvm/internal/runtime/core.go:59.28,61.19 2 0
github.com/ArubikU/polyloft-bvm/internal/runtime/core.go:61.19,63.6 1 0
github.com/ArubikU/polyloft-bvm/internal/runtime/core.go:64.5,64.20 1 0
github.com/ArubikU/polyloft-bvm/internal/runtime/core.go:66.4,66.28 1 0
github.com/ArubikU/polyloft-bvm/internal/runtime/core.go:68.3,70.34 3 0
github.com/ArubikU/polyloft-bvm/internal/runtime/core.go:70.34,72.4 1 0
github.com/ArubikU/polyloft-bvm/internal/runtime/core.go:73.3,73.90 1 0
github.com/ArubikU/polyloft-bvm/internal/runtime/core.go:76.2,76.130 1 0
github.com/ArubikU/polyloft-bvm/internal/runtime/core.go:76.130,78.3 1 0
github.com/ArubikU/polyloft-bvm/internal/runtime/core.go:80.2,80.118 1 0
github.com/ArubikU/polyloft-bvm/internal/runtime/core.go:80.118,82.20 2 0
github.com/ArubikU/polyloft-bvm/internal/runtime/core.go:83.21,84.60 1 0
github.com/ArubikU/polyloft-bvm/internal/runtime/core.go:86.3,86.38 1 0
github.com/ArubikU/polyloft-bvm/internal/runtime/core.go:86.38,88.4 1 0
github.com/ArubikU/polyloft-bvm/internal/runtime/core.go:89.3,89.38 1 0
github.com/ArubikU/polyloft-bvm/internal/runtime/core.go:89.38,91.4 1 0
github.com/ArubikU/polyloft-bvm/internal/runtime/core.go:92.3,92.32 1 0
github.com/ArubikU/polyloft-bvm/internal/runtime/core.go:92.32,94.4 1 0
github.com/ArubikU/polyloft-bvm/internal/runtime/core.go:95.3,95.82 1 0
github.com/ArubikU/polyloft-bvm/internal/runtime/core.go:98.2,98.128 1 0
github.com/ArubikU/polyloft-bvm/internal/runtime/core.go:98.128,100.70 2 0
github.com/ArubikU/polyloft-bvm/internal/runtime/core.go:100.70,102.4 1 0
github.com/ArubikU/polyloft-bvm/internal/runtime/core.go:103.3,103.19 1 0
github.com/ArubikU/polyloft-bvm/internal/runtime/core.go:103.19,105.4 1 0
github.com/ArubikU/polyloft-bvm/internal/runtime/core.go:106.3,107.24 2 0
github.com/ArubikU/polyloft-bvm/internal/runtime/core.go:107.24,109.4 1 0
github.com/ArubikU/polyloft-bvm/internal/runtime/core.go:110.3,110.63 1 0
github.com/ArubikU/polyloft-bvm/internal/runtime/core.go:113.2,113.124 1 0
github.com/ArubikU/polyloft-bvm/internal/runtime/core.go:113.124,115.32 2 0
github.com/ArubikU/polyloft-bvm/internal/runtime/core.go:115.32,117.4 1 0
github.com/ArubikU/polyloft-bvm/internal/runtime/core.go:118.3,118.19 1 0
github.com/ArubikU/polyloft-bvm/internal/runtime/core.go:118.19,120.4 1 0
github.com/ArubikU/polyloft-bvm/internal/runtime/core.go:121.3,121.52 1 0
github.com/ArubikU/polyloft-bvm/internal/runtime/core.go:124.2,124.160 1 0
github.com/ArubikU/polyloft-bvm/internal/runtime/core.go:124.160,126.10 2 0
github.com/ArubikU/polyloft-bvm/internal/runtime/core.go:126.10,128.4 1 0
github.com/ArubikU/polyloft-bvm/internal/runtime/core.go:129.3,129.35 1 0
github.com/ArubikU/polyloft-bvm/internal/runtime/core.go:129.35,131.4 1 0
github.com/ArubikU/polyloft-bvm/internal/runtime/core.go:132.3,134.39 3 0
github.com/ArubikU/polyloft-bvm/internal/runtime/core.go:137.2,137.153 1 0
github.com/ArubikU/polyloft-bvm/internal/runtime/core.go:137.153,139.10 2 0
github.com/ArubikU/polyloft-bvm/internal/runtime/core.go:139.10,141.4 1 0
github.com/ArubikU/polyloft-bvm/internal/runtime/core.go:142.3,143.30 2 0
github.com/ArubikU/polyloft-bvm/internal/runtime/core.go:143.30,145.4 1 0
github.com/ArubikU/polyloft-bvm/internal/runtime/core.go:146.3,148.31 3 0
github.com/ArubikU/polyloft-bvm/internal/runtime/core.go:148.31,150.4 1 0
github.com/ArubikU/polyloft-bvm/internal/runtime/core.go:151.3,151.63 1 0
github.com/ArubikU/polyloft-bvm/internal/runtime/core.go:154.2,154.150 1 0
github.com/ArubikU/polyloft-bvm/internal/runtime/core.go:154.150,156.10 2 0
github.com/ArubikU/polyloft-bvm/internal/runtime/core.go:156.10,158.4 1 0
github.com/ArubikU/polyloft-bvm/internal/runtime/core.go:159.3,160.30 2 0
github.com/ArubikU/polyloft-bvm/internal/runtime/core.go:160.30,162.4 1 0
github.com/ArubikU/polyloft-bvm/internal/runtime/core.go:163.3,165.31 3 0
github.com/ArubikU/polyloft-bvm/internal/runtime/core.go:165.31,167.4 1 0
github.com/ArubikU/polyloft-bvm/internal/runtime/core.go:168.3,168.63 1 0
github.com/ArubikU/polyloft-bvm/internal/runtime/core.go:171.2,171.122 1 0
github.com/ArubikU/polyloft-bvm/internal/runtime/core.go:171.122,173.3 1 0
github.com/ArubikU/polyloft-bvm/internal/runtime/core.go:175.2,184.40 10 0
github.com/ArubikU/polyloft-bvm/internal/runtime/core.go:187.50,190.200 3 0
github.com/ArubikU/polyloft-bvm/internal/runtime/core.go:190.200,192.3 1 0
github.com/ArubikU/polyloft-bvm/internal/runtime/core.go:195.75,226.2 4 0
github.com/ArubikU/polyloft-bvm/internal/runtime/core.go:228.57,240.2 1 0
github.com/ArubikU/polyloft-bvm/internal/runtime/crypto_module.go:14.41,17.121 2 0
github.com/ArubikU/polyloft-bvm/internal/runtime/crypto_module.go:17.121,20.3 2 0
github.com/ArubikU/polyloft-bvm/internal/runtime/crypto_module.go:22.2,22.122 1 0
github.com/ArubikU/polyloft-bvm/internal/runtime/crypto_module.go:22.122,25.3 2 0
github.com/ArubikU/polyloft-bvm/internal/runtime/crypto_module.go:27.2,27.124 1 0
github.com/ArubikU/polyloft-bvm/internal/runtime/crypto_module.go:27.124,30.3 2 0
github.com/ArubikU/polyloft-bvm/internal/runtime/crypto_module.go:32.2,32.124 1 0
github.com/ArubikU/polyloft-bvm/internal/runtime/crypto_module.go:32.124,35.3 2 0
github.com/ArubikU/polyloft-bvm/internal/runtime/crypto_module.go:37.2,37.131 1 0
github.com/ArubikU/polyloft-bvm/internal/runtime/crypto_module.go:37.131,39.3 1 0
github.com/ArubikU/polyloft-bvm/internal/runtime/crypto_module.go:41.2,41.131 1 0
github.com/ArubikU/polyloft-bvm/internal/runtime/crypto_module.go:41.131,43.17 2 0
github.com/ArubikU/polyloft-bvm/internal/runtime/crypto_module.go:43.17,45.4 1 0
github.com/ArubikU/polyloft-bvm/internal/runtime/crypto_module.go:46.3,46.49 1 0
github.com/ArubikU/polyloft-bvm/internal/runtime/crypto_module.go:49.2,49.128 1 0
github.com/ArubikU/polyloft-bvm/internal/runtime/crypto_module.go:49.128,51.3 1 0
github.com/ArubikU/polyloft-bvm/internal/runtime/crypto_module.go:53.2,53.128 1 0
github.com/ArubikU/polyloft-bvm/internal/runtime/crypto_module.go:53.128,55.17 2 0
github.com/ArubikU/polyloft-bvm/internal/runtime/crypto_module.go:55.17,57.4 1 0
github.com/ArubikU/polyloft-bvm/internal/runtime/crypto_module.go:58.3,58.49 1 0
github.com/ArubikU/polyloft-bvm/internal/runtime/crypto_module.go:61.2,61.24 1 0
github.com/ArubikU/polyloft-bvm/internal/runtime/http_module.go:23.39,28.171 2 0
github.com/ArubikU/polyloft-bvm/internal/runtime/http_module.go:28.171,40.20 8 0
github.com/ArubikU/polyloft-bvm/internal/runtime/http_module.go:40.20,42.4 1 0
github.com/ArubikU/polyloft-bvm/internal/runtime/http_module.go:44.3,45.17 2 0
github.com/ArubikU/polyloft-bvm/internal/runtime/http_module.go:45.17,47.4 1 0
github.com/ArubikU/polyloft-bvm/internal/runtime/http_module.go:49.3,49.24 1 0
github.com/ArubikU/polyloft-bvm/internal/runtime/http_module.go:49.24,50.44 1 0
github.com/ArubikU/polyloft-bvm/internal/runtime/http_module.go:50.44,51.34 1 0
github.com/ArubikU/polyloft-bvm/internal/runtime/http_module.go:51.34,53.6 1 0
github.com/ArubikU/polyloft-bvm/internal/runtime/http_module.go:57.3,58.17 2 0
github.com/ArubikU/polyloft-bvm/internal/runtime/http_module.go:58.17,60.4 1 0
github.com/ArubikU/polyloft-bvm/internal/runtime/http_module.go:61.3,67.36 5 0
github.com/ArubikU/polyloft-bvm/internal/runtime/http_module.go:67.36,68.21 1 0
github.com/ArubikU/polyloft-bvm/internal/runtime/http_module.go:68.21,70.5 1 0
github.com/ArubikU/polyloft-bvm/internal/runtime/http_module.go:73.3,78.64 5 0
github.com/ArubikU/polyloft-bvm/internal/runtime/http_module.go:85.2,85.140 1 0
github.com/ArubikU/polyloft-bvm/internal/runtime/http_module.go:85.140,89.27 3 0
github.com/ArubikU/polyloft-bvm/internal/runtime/http_module.go:89.27,91.4 1 0
github.com/ArubikU/polyloft-bvm/internal/runtime/http_module.go:93.3,94.70 2 0
github.com/ArubikU/polyloft-bvm/internal/runtime/http_module.go:94.70,97.36 2 0
github.com/ArubikU/polyloft-bvm/internal/runtime/http_module.go:97.36,98.22 1 0
github.com/ArubikU/polyloft-bvm/internal/runtime/http_module.go:98.22,100.6 1 0
github.com/ArubikU/polyloft-bvm/internal/runtime/http_module.go:103.4,115.18 10 0
github.com/ArubikU/polyloft-bvm/internal/runtime/http_module.go:115.18,119.5 3 0
github.com/ArubikU/polyloft-bvm/internal/runtime/http_module.go:122.4,122.37 1 0
github.com/ArubikU/polyloft-bvm/internal/runtime/http_module.go:122.37,126.74 3 0
github.com/ArubikU/polyloft-bvm/internal/runtime/http_module.go:126.74,128.6 1 0
github.com/ArubikU/polyloft-bvm/internal/runtime/http_module.go:129.5,129.72 1 0
github.com/ArubikU/polyloft-bvm/internal/runtime/http_module.go:129.72,131.6 1 0
github.com/ArubikU/polyloft-bvm/internal/runtime/http_module.go:132.5,132.49 1 0
github.com/ArubikU/polyloft-bvm/internal/runtime/http_module.go:132.49,133.41 1 0
github.com/ArubikU/polyloft-bvm/internal/runtime/http_module.go:133.41,134.38 1 0
github.com/ArubikU/polyloft-bvm/internal/runtime/http_module.go:134.38,136.8 1 0
github.com/ArubikU/polyloft-bvm/internal/runtime/http_module.go:140.5,141.26 2 0
github.com/ArubikU/polyloft-bvm/internal/runtime/http_module.go:142.10,145.5 2 0
github.com/ArubikU/polyloft-bvm/internal/runtime/http_module.go:148.3,157.17 3 0
github.com/ArubikU/polyloft-bvm/internal/runtime/http_module.go:157.17,159.4 1 0
github.com/ArubikU/polyloft-bvm/internal/runtime/http_module.go:161.3,161.31 1 0
github.com/ArubikU/polyloft-bvm/internal/runtime/http_module.go:164.2,164.24 1 0
github.com/ArubikU/polyloft-bvm/internal/runtime/io_module.go:26.37,29.127 2 0
github.com/ArubikU/polyloft-bvm/internal/runtime/io_module.go:29.127,31.17 2 0
github.com/ArubikU/polyloft-bvm/internal/runtime/io_module.go:31.17,33.4 1 0
github.com/ArubikU/polyloft-bvm/internal/runtime/io_module.go:34.3,34.46 1 0
github.com/ArubikU/polyloft-bvm/internal/runtime/io_module.go:37.2,37.138 1 0
github.com/ArubikU/polyloft-bvm/internal/runtime/io_module.go:37.138,38.54 1 0
github.com/ArubikU/polyloft-bvm/internal/runtime/io_module.go:38.54,40.4 1 0
github.com/ArubikU/polyloft-bvm/internal/runtime/io_module.go:41.3,41.79 1 0
github.com/ArubikU/polyloft-bvm/internal/runtime/io_module.go:41.79,43.4 1 0
github.com/ArubikU/polyloft-bvm/internal/runtime/io_module.go:44.3,44.31 1 0
github.com/ArubikU/polyloft-bvm/internal/runtime/io_module.go:47.2,47.139 1 0
github.com/ArubikU/polyloft-bvm/internal/runtime/io_module.go:47.139,48.54 1 0
github.com/ArubikU/polyloft-bvm/internal/runtime/io_module.go:48.54,50.4 1 0
github.com/ArubikU/polyloft-bvm/internal/runtime/io_module.go:51.3,52.17 2 0
github.com/ArubikU/polyloft-bvm/internal/runtime/io_module.go:52.17,54.4 1 0
github.com/ArubikU/polyloft-bvm/internal/runtime/io_module.go:55.3,56.58 2 0
github.com/ArubikU/polyloft-bvm/internal/runtime/io_module.go:56.58,58.4 1 0
github.com/ArubikU/polyloft-bvm/internal/runtime/io_module.go:59.3,59.31 1 0
github.com/ArubikU/polyloft-bvm/internal/runtime/io_module.go:62.2,62.122 1 0
github.com/ArubikU/polyloft-bvm/internal/runtime/io_module.go:62.122,64.17 2 0
github.com/ArubikU/polyloft-bvm/internal/runtime/io_module.go:64.17,66.4 1 0
github.com/ArubikU/polyloft-bvm/internal/runtime/io_module.go:67.3,67.25 1 0
github.com/ArubikU/polyloft-bvm/internal/runtime/io_module.go:67.25,69.4 1 0
github.com/ArubikU/polyloft-bvm/internal/runtime/io_module.go:70.3,70.31 1 0
github.com/ArubikU/polyloft-bvm/internal/runtime/io_module.go:73.2,73.127 1 0
github.com/ArubikU/polyloft-bvm/internal/runtime/io_module.go:73.127,74.71 1 0
github.com/ArubikU/polyloft-bvm/internal/runtime/io_module.go:74.71,76.4 1 0
github.com/ArubikU/polyloft-bvm/internal/runtime/io_module.go:77.3,77.31 1 0
github.com/ArubikU/polyloft-bvm/internal/runtime/io_module.go:80.2,80.121 1 0
github.com/ArubikU/polyloft-bvm/internal/runtime/io_module.go:80.121,81.57 1 0
github.com/ArubikU/polyloft-bvm/internal/runtime/io_module.go:81.57,83.4 1 0
github.com/ArubikU/polyloft-bvm/internal/runtime/io_module.go:84.3,84.31 1 0
github.com/ArubikU/polyloft-bvm/internal/runtime/io_module.go:87.2,87.125 1 0
github.com/ArubikU/polyloft-bvm/internal/runtime/io_module.go:87.125,89.17 2 0
github.com/ArubikU/polyloft-bvm/internal/runtime/io_module.go:89.17,91.4 1 0
github.com/ArubikU/polyloft-bvm/internal/runtime/io_module.go:92.3,93.33 2 0
github.com/ArubikU/polyloft-bvm/internal/runtime/io_module.go:93.33,95.4 1 0
github.com/ArubikU/polyloft-bvm/internal/runtime/io_module.go:96.3,98.30 3 0
github.com/ArubikU/polyloft-bvm/internal/runtime/io_module.go:98.30,100.4 1 0
github.com/ArubikU/polyloft-bvm/internal/runtime/io_module.go:101.3,101.63 1 0
github.com/ArubikU/polyloft-bvm/internal/runtime/io_module.go:104.2,104.122 1 0
github.com/ArubikU/polyloft-bvm/internal/runtime/io_module.go:104.122,106.17 2 0
github.com/ArubikU/polyloft-bvm/internal/runtime/io_module.go:106.17,107.26 1 0
github.com/ArubikU/polyloft-bvm/internal/runtime/io_module.go:107.26,109.5 1 0
github.com/ArubikU/polyloft-bvm/internal/runtime/io_module.go:110.4,110.32 1 0
github.com/ArubikU/polyloft-bvm/internal/runtime/io_module.go:112.3,112.44 1 0
github.com/ArubikU/polyloft-bvm/internal/runtime/io_module.go:115.2,115.123 1 0
github.com/ArubikU/polyloft-bvm/internal/runtime/io_module.go:115.123,117.17 2 0
github.com/ArubikU/polyloft-bvm/internal/runtime/io_module.go:117.17,118.26 1 0
github.com/ArubikU/polyloft-bvm/internal/runtime/io_module.go:118.26,120.5 1 0
github.com/ArubikU/polyloft-bvm/internal/runtime/io_module.go:121.4,121.32 1 0
github.com/ArubikU/polyloft-bvm/internal/runtime/io_module.go:123.3,123.45 1 0
github.com/ArubikU/polyloft-bvm/internal/runtime/io_module.go:126.2,126.124 1 0
github.com/ArubikU/polyloft-bvm/internal/runtime/io_module.go:126.124,128.17 2 0
github.com/ArubikU/polyloft-bvm/internal/runtime/io_module.go:128.17,130.4 1 0
github.com/ArubikU/polyloft-bvm/internal/runtime/io_module.go:131.3,131.42 1 0
github.com/ArubikU/polyloft-bvm/internal/runtime/io_module.go:134.2,134.124 1 0
github.com/ArubikU/polyloft-bvm/internal/runtime/io_module.go:134.124,136.17 2 0
github.com/ArubikU/polyloft-bvm/internal/runtime/io_module.go:136.17,138.4 1 0
github.com/ArubikU/polyloft-bvm/internal/runtime/io_module.go:139.3,145.62 2 0
github.com/ArubikU/polyloft-bvm/internal/runtime/io_module.go:148.2,148.124 1 0
github.com/ArubikU/polyloft-bvm/internal/runtime/io_module.go:148.124,150.17 2 0
github.com/ArubikU/polyloft-bvm/internal/runtime/io_module.go:150.17,152.4 1 0
github.com/ArubikU/polyloft-bvm/internal/runtime/io_module.go:153.3,153.40 1 0
github.com/ArubikU/polyloft-bvm/internal/runtime/io_module.go:156.2,156.141 1 0
github.com/ArubikU/polyloft-bvm/internal/runtime/io_module.go:156.141,158.17 2 0
github.com/ArubikU/polyloft-bvm/internal/runtime/io_module.go:158.17,160.4 1 0
github.com/ArubikU/polyloft-bvm/internal/runtime/io_module.go:161.3,161.40 1 0
github.com/ArubikU/polyloft-bvm/internal/runtime/io_module.go:164.2,164.124 1 0
github.com/ArubikU/polyloft-bvm/internal/runtime/io_module.go:164.124,166.17 2 0
github.com/ArubikU/polyloft-bvm/internal/runtime/io_module.go:166.17,168.4 1 0
github.com/ArubikU/polyloft-bvm/internal/runtime/io_module.go:169.3,170.17 2 0
github.com/ArubikU/polyloft-bvm/internal/runtime/io_module.go:170.17,172.4 1 0
github.com/ArubikU/polyloft-bvm/internal/runtime/io_module.go:173.3,173.46 1 0
github.com/ArubikU/polyloft-bvm/internal/runtime/io_module.go:176.2,176.138 1 0
github.com/ArubikU/polyloft-bvm/internal/runtime/io_module.go:176.138,178.17 2 0
github.com/ArubikU/polyloft-bvm/internal/runtime/io_module.go:178.17,180.4 1 0
github.com/ArubikU/polyloft-bvm/internal/runtime/io_module.go:181.3,182.16 2 0
github.com/ArubikU/polyloft-bvm/internal/runtime/io_module.go:182.16,184.4 1 0
github.com/ArubikU/polyloft-bvm/internal/runtime/io_module.go:185.3,187.34 3 0
github.com/ArubikU/polyloft-bvm/internal/runtime/io_module.go:187.34,189.4 1 0
github.com/ArubikU/polyloft-bvm/internal/runtime/io_module.go:190.3,190.49 1 0
github.com/ArubikU/polyloft-bvm/internal/runtime/io_module.go:193.2,193.126 1 0
github.com/ArubikU/polyloft-bvm/internal/runtime/io_module.go:193.126,195.17 2 0
github.com/ArubikU/polyloft-bvm/internal/runtime/io_module.go:195.17,197.4 1 0
github.com/ArubikU/polyloft-bvm/internal/runtime/io_module.go:198.3,199.17 2 0
github.com/ArubikU/polyloft-bvm/internal/runtime/io_module.go:199.17,200.21 1 0
github.com/ArubikU/polyloft-bvm/internal/runtime/io_module.go:200.21,201.19 1 0
github.com/ArubikU/polyloft-bvm/internal/runtime/io_module.go:201.19,203.6 1 0
github.com/ArubikU/polyloft-bvm/internal/runtime/io_module.go:204.10,206.5 1 0
github.com/ArubikU/polyloft-bvm/internal/runtime/io_module.go:208.3,209.38 2 0
github.com/ArubikU/polyloft-bvm/internal/runtime/io_module.go:212.2,212.135 1 0
github.com/ArubikU/polyloft-bvm/internal/runtime/io_module.go:212.135,214.17 2 0
github.com/ArubikU/polyloft-bvm/internal/runtime/io_module.go:214.17,216.4 1 0
github.com/ArubikU/polyloft-bvm/internal/runtime/io_module.go:217.3,217.65 1 0
github.com/ArubikU/polyloft-bvm/internal/runtime/io_module.go:217.65,219.4 1 0
github.com/ArubikU/polyloft-bvm/internal/runtime/io_module.go:220.3,220.31 1 0
github.com/ArubikU/polyloft-bvm/internal/runtime/io_module.go:223.2,223.123 1 0
github.com/ArubikU/polyloft-bvm/internal/runtime/io_module.go:223.123,225.17 2 0
github.com/ArubikU/polyloft-bvm/internal/runtime/io_module.go:225.17,227.4 1 0
github.com/ArubikU/polyloft-bvm/internal/runtime/io_module.go:228.3,228.45 1 0
github.com/ArubikU/polyloft-bvm/internal/runtime/io_module.go:228.45,230.4 1 0
github.com/ArubikU/polyloft-bvm/internal/runtime/io_module.go:231.3,231.31 1 0
github.com/ArubikU/polyloft-bvm/internal/runtime/io_module.go:234.2,234.115 1 0
github.com/ArubikU/polyloft-bvm/internal/runtime/io_module.go:234.115,236.3 1 0
github.com/ArubikU/polyloft-bvm/internal/runtime/io_module.go:238.2,238.137 1 0
github.com/ArubikU/polyloft-bvm/internal/runtime/io_module.go:238.137,240.3 1 0
github.com/ArubikU/polyloft-bvm/internal/runtime/io_module.go:242.2,242.137 1 0
github.com/ArubikU/polyloft-bvm/internal/runtime/io_module.go:242.137,244.17 2 0
github.com/ArubikU/polyloft-bvm/internal/runtime/io_module.go:244.17,246.4 1 0
github.com/ArubikU/polyloft-bvm/internal/runtime/io_module.go:247.3,248.31 2 0
github.com/ArubikU/polyloft-bvm/internal/runtime/io_module.go:251.2,251.135 1 0
github.com/ArubikU/polyloft-bvm/internal/runtime/io_module.go:251.135,253.17 2 0
github.com/ArubikU/polyloft-bvm/internal/runtime/io_module.go:253.17,255.4 1 0
github.com/ArubikU/polyloft-bvm/internal/runtime/io_module.go:256.3,257.50 2 0
github.com/ArubikU/polyloft-bvm/internal/runtime/io_module.go:257.50,259.4 1 0
github.com/ArubikU/polyloft-bvm/internal/runtime/io_module.go:260.3,261.29 2 0
github.com/ArubikU/polyloft-bvm/internal/runtime/io_module.go:261.29,263.4 1 0
github.com/ArubikU/polyloft-bvm/internal/runtime/io_module.go:264.3,266.39 3 0
github.com/ArubikU/polyloft-bvm/internal/runtime/io_module.go:269.2,269.128 1 0
github.com/ArubikU/polyloft-bvm/internal/runtime/io_module.go:269.128,271.17 2 0
github.com/ArubikU/polyloft-bvm/internal/runtime/io_module.go:271.17,273.4 1 0
github.com/ArubikU/polyloft-bvm/internal/runtime/io_module.go:274.3,274.53 1 0
github.com/ArubikU/polyloft-bvm/internal/runtime/io_module.go:277.2,277.125 1 0
github.com/ArubikU/polyloft-bvm/internal/runtime/io_module.go:277.125,279.17 2 0
github.com/ArubikU/polyloft-bvm/internal/runtime/io_module.go:279.17,281.4 1 0
github.com/ArubikU/polyloft-bvm/internal/runtime/io_module.go:282.3,284.31 3 0
github.com/ArubikU/polyloft-bvm/internal/runtime/io_module.go:287.2,287.24 1 0
github.com/ArubikU/polyloft-bvm/internal/runtime/io_module.go:290.41,292.35 2 0
github.com/ArubikU/polyloft-bvm/internal/runtime/io_module.go:292.35,294.3 1 0
github.com/ArubikU/polyloft-bvm/internal/runtime/io_module.go:295.2,295.35 1 0
github.com/ArubikU/polyloft-bvm/internal/runtime/io_module.go:298.68,300.21 2 0
github.com/ArubikU/polyloft-bvm/internal/runtime/io_module.go:300.21,302.3 1 0
github.com/ArubikU/polyloft-bvm/internal/runtime/io_module.go:303.2,307.19 2 0
github.com/ArubikU/polyloft-bvm/internal/runtime/io_module.go:308.11,309.28 1 0
github.com/ArubikU/polyloft-bvm/internal/runtime/io_module.go:310.11,311.47 1 0
github.com/ArubikU/polyloft-bvm/internal/runtime/io_module.go:311.47,313.4 1 0
github.com/ArubikU/polyloft-bvm/internal/runtime/io_module.go:314.3,314.75 1 0
github.com/ArubikU/polyloft-bvm/internal/runtime/io_module.go:315.11,316.47 1 0
github.com/ArubikU/polyloft-bvm/internal/runtime/io_module.go:316.47,318.4 1 0
github.com/ArubikU/polyloft-bvm/internal/runtime/io_module.go:319.3,319.76 1 0
github.com/ArubikU/polyloft-bvm/internal/runtime/io_module.go:320.24,321.47 1 0
github.com/ArubikU/polyloft-bvm/internal/runtime/io_module.go:321.47,323.4 1 0
github.com/ArubikU/polyloft-bvm/internal/runtime/io_module.go:324.3,324.62 1 0
github.com/ArubikU/polyloft-bvm/internal/runtime/io_module.go:325.10,326.64 1 0
github.com/ArubikU/polyloft-bvm/internal/runtime/io_module.go:328.2,328.16 1 0
github.com/ArubikU/polyloft-bvm/internal/runtime/io_module.go:328.16,330.3 1 0
github.com/ArubikU/polyloft-bvm/internal/runtime/io_module.go:331.2,331.68 1 0
github.com/ArubikU/polyloft-bvm/internal/runtime/io_module.go:334.55,335.28 1 0
github.com/ArubikU/polyloft-bvm/internal/runtime/io_module.go:335.28,337.3 1 0
github.com/ArubikU/polyloft-bvm/internal/runtime/io_module.go:338.2,339.9 2 0
github.com/ArubikU/polyloft-bvm/internal/runtime/io_module.go:339.9,341.3 1 0
github.com/ArubikU/polyloft-bvm/internal/runtime/io_module.go:342.2,342.20 1 0
github.com/ArubikU/polyloft-bvm/internal/runtime/io_module.go:345.59,346.28 1 0
github.com/ArubikU/polyloft-bvm/internal/runtime/io_module.go:346.28,348.3 1 0
github.com/ArubikU/polyloft-bvm/internal/runtime/io_module.go:349.2,350.9 2 0
github.com/ArubikU/polyloft-bvm/internal/runtime/io_module.go:350.9,352.3 1 0
github.com/ArubikU/polyloft-bvm/internal/runtime/io_module.go:353.2,353.20 1 0
github.com/ArubikU/polyloft-bvm/internal/runtime/json_module.go:12.39,17.124 2 0
github.com/ArubikU/polyloft-bvm/internal/runtime/json_module.go:17.124,20.17 3 0
github.com/ArubikU/polyloft-bvm/internal/runtime/json_module.go:20.17,22.4 1 0
github.com/ArubikU/polyloft-bvm/internal/runtime/json_module.go:23.3,23.43 1 0
github.com/ArubikU/polyloft-bvm/internal/runtime/json_module.go:28.2,28.120 1 0
github.com/ArubikU/polyloft-bvm/internal/runtime/json_module.go:28.120,31.63 3 0
github.com/ArubikU/polyloft-bvm/internal/runtime/json_module.go:31.63,33.4 1 0
github.com/ArubikU/polyloft-bvm/internal/runtime/json_module.go:34.3,34.33 1 0
github.com/ArubikU/polyloft-bvm/internal/runtime/json_module.go:37.2,37.24 1 0
github.com/ArubikU/polyloft-bvm/internal/runtime/json_module.go:41.39,42.16 1 0
github.com/ArubikU/polyloft-bvm/internal/runtime/json_module.go:43.20,44.38 1 0
github.com/ArubikU/polyloft-bvm/internal/runtime/json_module.go:44.38,46.4 1 0
github.com/ArubikU/polyloft-bvm/internal/runtime/json_module.go:47.3,47.15 1 0
github.com/ArubikU/polyloft-bvm/internal/runtime/json_module.go:48.18,49.16 1 0
github.com/ArubikU/polyloft-bvm/internal/runtime/json_module.go:50.20,51.15 1 0
github.com/ArubikU/polyloft-bvm/internal/runtime/json_module.go:52.17,53.13 1 0
github.com/ArubikU/polyloft-bvm/internal/runtime/json_module.go:54.20,55.29 1 0
github.com/ArubikU/polyloft-bvm/internal/runtime/json_module.go:55.29,57.34 2 0
github.com/ArubikU/polyloft-bvm/internal/runtime/json_module.go:57.34,59.5 1 0
github.com/ArubikU/polyloft-bvm/internal/runtime/json_module.go:60.4,60.17 1 0
github.com/ArubikU/polyloft-bvm/internal/runtime/json_module.go:62.3,62.33 1 0
github.com/ArubikU/polyloft-bvm/internal/runtime/json_module.go:62.33,64.36 2 0
github.com/ArubikU/polyloft-bvm/internal/runtime/json_module.go:64.36,66.5 1 0
github.com/ArubikU/polyloft-bvm/internal/runtime/json_module.go:67.4,67.17 1 0
github.com/ArubikU/polyloft-bvm/internal/runtime/json_module.go:70.3,70.37 1 0
github.com/ArubikU/polyloft-bvm/internal/runtime/json_module.go:70.37,72.47 2 0
github.com/ArubikU/polyloft-bvm/internal/runtime/json_module.go:72.47,73.29 1 0
github.com/ArubikU/polyloft-bvm/internal/runtime/json_module.go:73.29,75.6 1 0
github.com/ArubikU/polyloft-bvm/internal/runtime/json_module.go:77.4,77.17 1 0
github.com/ArubikU/polyloft-bvm/internal/runtime/json_module.go:79.3,79.20 1 0
github.com/ArubikU/polyloft-bvm/internal/runtime/json_module.go:80.10,81.20 1 0
github.com/ArubikU/polyloft-bvm/internal/runtime/json_module.go:86.41,87.16 1 0
github.com/ArubikU/polyloft-bvm/internal/runtime/json_module.go:87.16,89.3 1 0
github.com/ArubikU/polyloft-bvm/internal/runtime/json_module.go:90.2,90.25 1 0
github.com/ArubikU/polyloft-bvm/internal/runtime/json_module.go:91.12,92.28 1 0
github.com/ArubikU/polyloft-bvm/internal/runtime/json_module.go:93.15,94.30 1 0
github.com/ArubikU/polyloft-bvm/internal/runtime/json_module.go:95.14,96.30 1 0
github.com/ArubikU/polyloft-bvm/internal/runtime/json_module.go:97.13,99.24 2 0
github.com/ArubikU/polyloft-bvm/internal/runtime/json_module.go:99.24,101.4 1 0
github.com/ArubikU/polyloft-bvm/internal/runtime/json_module.go:102.3,102.32 1 0
github.com/ArubikU/polyloft-bvm/internal/runtime/json_module.go:103.22,105.25 2 0
github.com/ArubikU/polyloft-bvm/internal/runtime/json_module.go:105.25,107.4 1 0
github.com/ArubikU/polyloft-bvm/internal/runtime/json_module.go:108.3,108.57 1 0
github.com/ArubikU/polyloft-bvm/internal/runtime/json_module.go:109.10,110.49 1 0
github.com/ArubikU/polyloft-bvm/internal/runtime/math_module.go:18.39,24.120 4 0
github.com/ArubikU/polyloft-bvm/internal/runtime/math_module.go:24.120,26.3 1 0
github.com/ArubikU/polyloft-bvm/internal/runtime/math_module.go:28.2,28.122 1 0
github.com/ArubikU/polyloft-bvm/internal/runtime/math_module.go:28.122,30.3 1 0
github.com/ArubikU/polyloft-bvm/internal/runtime/math_module.go:32.2,32.121 1 0
github.com/ArubikU/polyloft-bvm/internal/runtime/math_module.go:32.121,34.3 1 0
github.com/ArubikU/polyloft-bvm/internal/runtime/math_module.go:36.2,36.122 1 0
github.com/ArubikU/polyloft-bvm/internal/runtime/math_module.go:36.122,38.3 1 0
github.com/ArubikU/polyloft-bvm/internal/runtime/math_module.go:40.2,40.121 1 0
github.com/ArubikU/polyloft-bvm/internal/runtime/math_module.go:40.121,41.22 1 0
github.com/ArubikU/polyloft-bvm/internal/runtime/math_module.go:41.22,43.4 1 0
github.com/ArubikU/polyloft-bvm/internal/runtime/math_module.go:44.3,44.55 1 0
github.com/ArubikU/polyloft-bvm/internal/runtime/math_module.go:47.2,47.132 1 0
github.com/ArubikU/polyloft-bvm/internal/runtime/math_module.go:47.132,49.3 1 0
github.com/ArubikU/polyloft-bvm/internal/runtime/math_module.go:51.2,51.120 1 0
github.com/ArubikU/polyloft-bvm/internal/runtime/math_module.go:51.120,53.3 1 0
github.com/ArubikU/polyloft-bvm/internal/runtime/math_module.go:55.2,55.120 1 0
github.com/ArubikU/polyloft-bvm/internal/runtime/math_module.go:55.120,57.3 1 0
github.com/ArubikU/polyloft-bvm/internal/runtime/math_module.go:59.2,59.120 1 0
github.com/ArubikU/polyloft-bvm/internal/runtime/math_module.go:59.120,61.3 1 0
github.com/ArubikU/polyloft-bvm/internal/runtime/math_module.go:63.2,63.132 1 0
github.com/ArubikU/polyloft-bvm/internal/runtime/math_module.go:63.132,65.3 1 0
github.com/ArubikU/polyloft-bvm/internal/runtime/math_module.go:67.2,67.132 1 0
github.com/ArubikU/polyloft-bvm/internal/runtime/math_module.go:67.132,69.3 1 0
github.com/ArubikU/polyloft-bvm/internal/runtime/math_module.go:71.2,71.146 1 0
github.com/ArubikU/polyloft-bvm/internal/runtime/math_module.go:71.146,75.22 4 0
github.com/ArubikU/polyloft-bvm/internal/runtime/math_module.go:75.22,77.4 1 0
github.com/ArubikU/polyloft-bvm/internal/runtime/math_module.go:78.3,78.77 1 0
github.com/ArubikU/polyloft-bvm/internal/runtime/math_module.go:81.2,81.113 1 0
github.com/ArubikU/polyloft-bvm/internal/runtime/math_module.go:81.113,85.3 3 0
github.com/ArubikU/polyloft-bvm/internal/runtime/math_module.go:87.2,87.24 1 0
github.com/ArubikU/polyloft-bvm/internal/runtime/registry.go:63.30,65.2 1 0
github.com/ArubikU/polyloft-bvm/internal/runtime/registry.go:67.53,69.2 1 0
github.com/ArubikU/polyloft-bvm/internal/runtime/registry.go:71.44,73.2 1 0
github.com/ArubikU/polyloft-bvm/internal/runtime/registry.go:75.57,77.2 1 0
github.com/ArubikU/polyloft-bvm/internal/runtime/registry.go:79.76,82.2 2 0
github.com/ArubikU/polyloft-bvm/internal/runtime/registry.go:84.76,86.2 1 0
github.com/ArubikU/polyloft-bvm/internal/runtime/registry.go:88.80,90.15 2 0
github.com/ArubikU/polyloft-bvm/internal/runtime/registry.go:90.15,92.25 2 0
github.com/ArubikU/polyloft-bvm/internal/runtime/registry.go:92.25,94.4 1 0
github.com/ArubikU/polyloft-bvm/internal/runtime/registry.go:96.2,96.60 1 0
github.com/ArubikU/polyloft-bvm/internal/runtime/registry.go:99.125,101.2 1 0
github.com/ArubikU/polyloft-bvm/internal/runtime/registry.go:103.148,105.14 2 0
github.com/ArubikU/polyloft-bvm/internal/runtime/registry.go:105.14,107.3 1 0
github.com/ArubikU/polyloft-bvm/internal/runtime/registry.go:108.2,113.3 1 0
github.com/ArubikU/polyloft-bvm/internal/runtime/registry.go:116.56,123.2 2 0
github.com/ArubikU/polyloft-bvm/internal/runtime/registry.go:130.51,141.2 1 0
github.com/ArubikU/polyloft-bvm/internal/runtime/registry.go:143.98,145.15 2 0
github.com/ArubikU/polyloft-bvm/internal/runtime/registry.go:145.15,147.25 2 0
github.com/ArubikU/polyloft-bvm/internal/runtime/registry.go:147.25,149.4 1 0
github.com/ArubikU/polyloft-bvm/internal/runtime/registry.go:151.2,151.65 1 0
github.com/ArubikU/polyloft-bvm/internal/runtime/registry.go:154.143,156.14 2 0
github.com/ArubikU/polyloft-bvm/internal/runtime/registry.go:156.14,158.3 1 0
github.com/ArubikU/polyloft-bvm/internal/runtime/registry.go:159.2,169.10 3 0
github.com/ArubikU/polyloft-bvm/internal/runtime/registry.go:172.79,174.2 1 0
github.com/ArubikU/polyloft-bvm/internal/runtime/registry.go:176.101,180.2 3 0
github.com/ArubikU/polyloft-bvm/internal/runtime/registry.go:182.48,184.2 1 0
github.com/ArubikU/polyloft-bvm/internal/runtime/spec_infer.go:10.51,11.18 1 0
github.com/ArubikU/polyloft-bvm/internal/runtime/spec_infer.go:12.20,13.40 1 0
github.com/ArubikU/polyloft-bvm/internal/runtime/spec_infer.go:13.40,15.4 1 0
github.com/ArubikU/polyloft-bvm/internal/runtime/spec_infer.go:16.3,16.47 1 0
github.com/ArubikU/polyloft-bvm/internal/runtime/spec_infer.go:17.18,18.46 1 0
github.com/ArubikU/polyloft-bvm/internal/runtime/spec_infer.go:19.20,20.48 1 0
github.com/ArubikU/polyloft-bvm/internal/runtime/spec_infer.go:21.17,22.45 1 0
github.com/ArubikU/polyloft-bvm/internal/runtime/spec_infer.go:25.2,25.40 1 0
github.com/ArubikU/polyloft-bvm/internal/runtime/spec_infer.go:25.40,28.24 3 0
github.com/ArubikU/polyloft-bvm/internal/runtime/spec_infer.go:28.24,30.26 2 0
github.com/ArubikU/polyloft-bvm/internal/runtime/spec_infer.go:30.26,32.5 1 0
github.com/ArubikU/polyloft-bvm/internal/runtime/spec_infer.go:34.3,34.128 1 0
github.com/ArubikU/polyloft-bvm/internal/runtime/spec_infer.go:36.2,36.40 1 0
github.com/ArubikU/polyloft-bvm/internal/runtime/spec_infer.go:36.40,38.3 1 0
github.com/ArubikU/polyloft-bvm/internal/runtime/spec_infer.go:39.2,39.36 1 0
github.com/ArubikU/polyloft-bvm/internal/runtime/spec_infer.go:39.36,41.3 1 0
github.com/ArubikU/polyloft-bvm/internal/runtime/spec_infer.go:42.2,42.38 1 0
github.com/ArubikU/polyloft-bvm/internal/runtime/spec_infer.go:42.38,44.55 2 0
github.com/ArubikU/polyloft-bvm/internal/runtime/spec_infer.go:44.55,46.4 1 0
github.com/ArubikU/polyloft-bvm/internal/runtime/spec_infer.go:47.3,47.106 1 0
github.com/ArubikU/polyloft-bvm/internal/runtime/spec_infer.go:49.2,49.36 1 0
github.com/ArubikU/polyloft-bvm/internal/runtime/spec_infer.go:49.36,51.3 1 0
github.com/ArubikU/polyloft-bvm/internal/runtime/spec_infer.go:52.2,52.32 1 0
github.com/ArubikU/polyloft-bvm/internal/runtime/spec_infer.go:52.32,54.3 1 0
github.com/ArubikU/polyloft-bvm/internal/runtime/spec_infer.go:55.2,55.30 1 0
github.com/ArubikU/polyloft-bvm/internal/runtime/spec_infer.go:55.30,57.3 1 0
github.com/ArubikU/polyloft-bvm/internal/runtime/spec_infer.go:58.2,58.32 1 0
github.com/ArubikU/polyloft-bvm/internal/runtime/spec_infer.go:58.32,60.3 1 0
github.com/ArubikU/polyloft-bvm/internal/runtime/spec_infer.go:61.2,61.32 1 0
github.com/ArubikU/polyloft-bvm/internal/runtime/spec_infer.go:61.32,63.3 1 0
github.com/ArubikU/polyloft-bvm/internal/runtime/spec_infer.go:64.2,64.42 1 0
github.com/ArubikU/polyloft-bvm/internal/runtime/spec_infer.go:64.42,66.3 1 0
github.com/ArubikU/polyloft-bvm/internal/runtime/spec_infer.go:67.2,67.44 1 0
github.com/ArubikU/polyloft-bvm/internal/runtime/spec_infer.go:70.60,74.15 4 0
github.com/ArubikU/polyloft-bvm/internal/runtime/spec_infer.go:74.15,76.3 1 0
github.com/ArubikU/polyloft-bvm/internal/runtime/spec_infer.go:77.2,77.31 1 0
github.com/ArubikU/polyloft-bvm/internal/runtime/spec_infer.go:77.31,78.18 1 0
github.com/ArubikU/polyloft-bvm/internal/runtime/spec_infer.go:78.18,80.4 1 0
github.com/ArubikU/polyloft-bvm/internal/runtime/spec_infer.go:82.2,82.103 1 0
github.com/ArubikU/polyloft-bvm/internal/runtime/spec_infer.go:85.83,86.15 1 0
github.com/ArubikU/polyloft-bvm/internal/runtime/spec_infer.go:86.15,88.3 1 0
github.com/ArubikU/polyloft-bvm/internal/runtime/spec_infer.go:89.2,91.31 3 0
github.com/ArubikU/polyloft-bvm/internal/runtime/spec_infer.go:91.31,92.18 1 0
github.com/ArubikU/polyloft-bvm/internal/runtime/spec_infer.go:92.18,94.4 1 0
github.com/ArubikU/polyloft-bvm/internal/runtime/spec_infer.go:96.2,97.15 2 0
github.com/ArubikU/polyloft-bvm/internal/runtime/spec_infer.go:97.15,99.3 1 0
github.com/ArubikU/polyloft-bvm/internal/runtime/spec_infer.go:100.2,100.51 1 0
github.com/ArubikU/polyloft-bvm/internal/runtime/spec_infer.go:103.103,104.25 1 0
github.com/ArubikU/polyloft-bvm/internal/runtime/spec_infer.go:104.25,106.3 1 0
github.com/ArubikU/polyloft-bvm/internal/runtime/spec_infer.go:107.2,108.37 2 0
github.com/ArubikU/polyloft-bvm/internal/runtime/spec_infer.go:108.37,110.23 2 0
github.com/ArubikU/polyloft-bvm/internal/runtime/spec_infer.go:110.23,111.12 1 0
github.com/ArubikU/polyloft-bvm/internal/runtime/spec_infer.go:113.3,113.37 1 0
github.com/ArubikU/polyloft-bvm/internal/runtime/spec_infer.go:115.2,115.22 1 0
github.com/ArubikU/polyloft-bvm/internal/runtime/spec_infer.go:115.22,117.3 1 0
github.com/ArubikU/polyloft-bvm/internal/runtime/spec_infer.go:118.2,118.35 1 0
github.com/ArubikU/polyloft-bvm/internal/runtime/spec_infer.go:118.35,120.3 1 0
github.com/ArubikU/polyloft-bvm/internal/runtime/spec_infer.go:121.2,121.15 1 0
github.com/ArubikU/polyloft-bvm/internal/runtime/spec_infer.go:124.54,129.85 5 0
github.com/ArubikU/polyloft-bvm/internal/runtime/spec_infer.go:129.85,131.3 1 0
github.com/ArubikU/polyloft-bvm/internal/runtime/spec_infer.go:132.2,133.54 2 0
github.com/ArubikU/polyloft-bvm/internal/runtime/spec_infer.go:133.54,135.23 2 0
github.com/ArubikU/polyloft-bvm/internal/runtime/spec_infer.go:135.23,137.4 1 0
github.com/ArubikU/polyloft-bvm/internal/runtime/spec_infer.go:139.2,151.3 1 0
github.com/ArubikU/polyloft-bvm/internal/runtime/spec_infer.go:154.58,155.23 1 0
github.com/ArubikU/polyloft-bvm/internal/runtime/spec_infer.go:155.23,157.3 1 0
github.com/ArubikU/polyloft-bvm/internal/runtime/spec_infer.go:158.2,159.28 2 0
github.com/ArubikU/polyloft-bvm/internal/runtime/spec_infer.go:159.28,161.3 1 0
github.com/ArubikU/polyloft-bvm/internal/runtime/spec_infer.go:162.2,163.14 2 0
github.com/ArubikU/polyloft-bvm/internal/runtime/spec_infer.go:166.110,167.18 1 0
github.com/ArubikU/polyloft-bvm/internal/runtime/spec_infer.go:167.18,169.3 1 0
github.com/ArubikU/polyloft-bvm/internal/runtime/spec_infer.go:170.2,171.40 2 0
github.com/ArubikU/polyloft-bvm/internal/runtime/spec_infer.go:171.40,173.21 2 0
github.com/ArubikU/polyloft-bvm/internal/runtime/spec_infer.go:173.21,175.4 1 0
github.com/ArubikU/polyloft-bvm/internal/runtime/spec_infer.go:176.3,176.82 1 0
github.com/ArubikU/polyloft-bvm/internal/runtime/spec_infer.go:178.2,178.42 1 0
github.com/ArubikU/polyloft-bvm/internal/runtime/spec_infer.go:178.42,180.107 2 0
github.com/ArubikU/polyloft-bvm/internal/runtime/spec_infer.go:180.107,183.4 2 0
github.com/ArubikU/polyloft-bvm/internal/runtime/spec_infer.go:184.3,184.31 1 0
github.com/ArubikU/polyloft-bvm/internal/runtime/spec_infer.go:186.2,186.46 1 0
github.com/ArubikU/polyloft-bvm/internal/runtime/spec_infer.go:186.46,188.21 2 0
github.com/ArubikU/polyloft-bvm/internal/runtime/spec_infer.go:188.21,190.4 1 0
github.com/ArubikU/polyloft-bvm/internal/runtime/spec_infer.go:191.3,191.80 1 0
github.com/ArubikU/polyloft-bvm/internal/runtime/spec_infer.go:193.2,193.48 1 0
github.com/ArubikU/polyloft-bvm/internal/runtime/spec_infer.go:193.48,195.113 2 0
github.com/ArubikU/polyloft-bvm/internal/runtime/spec_infer.go:195.113,198.4 2 0
github.com/ArubikU/polyloft-bvm/internal/runtime/spec_infer.go:199.3,199.29 1 0
github.com/ArubikU/polyloft-bvm/internal/runtime/sys_module.go:10.38,12.112 1 0
github.com/ArubikU/polyloft-bvm/internal/runtime/sys_module.go:12.112,13.28 1 0
github.com/ArubikU/polyloft-bvm/internal/runtime/sys_module.go:13.28,15.5 1 0
github.com/ArubikU/polyloft-bvm/internal/runtime/sys_module.go:16.4,16.69 1 0
github.com/ArubikU/polyloft-bvm/internal/runtime/sys_module.go:18.125,19.28 1 0
github.com/ArubikU/polyloft-bvm/internal/runtime/sys_module.go:19.28,21.5 1 0
github.com/ArubikU/polyloft-bvm/internal/runtime/sys_module.go:22.4,23.18 2 0
github.com/ArubikU/polyloft-bvm/internal/runtime/sys_module.go:23.18,25.5 1 0
github.com/ArubikU/polyloft-bvm/internal/runtime/sys_module.go:26.4,26.40 1 0
github.com/ArubikU/polyloft-bvm/internal/runtime/sys_module.go:28.95,30.4 1 0
github.com/ArubikU/polyloft-bvm/internal/runtime/sys_module.go:31.111,32.36 1 0
github.com/ArubikU/polyloft-bvm/internal/runtime/sys_module.go:32.36,34.5 1 0
github.com/ArubikU/polyloft-bvm/internal/runtime/sys_module.go:35.4,36.32 2 0
github.com/ArubikU/polyloft-bvm/internal/runtime/time_module.go:12.63,14.58 2 0
github.com/ArubikU/polyloft-bvm/internal/runtime/time_module.go:14.58,16.3 1 0
github.com/ArubikU/polyloft-bvm/internal/runtime/time_module.go:17.2,17.74 1 0
github.com/ArubikU/polyloft-bvm/internal/runtime/time_module.go:17.74,19.3 1 0
github.com/ArubikU/polyloft-bvm/internal/runtime/time_module.go:20.2,20.72 1 0
github.com/ArubikU/polyloft-bvm/internal/runtime/time_module.go:20.72,22.17 2 0
github.com/ArubikU/polyloft-bvm/internal/runtime/time_module.go:22.17,24.4 1 0
github.com/ArubikU/polyloft-bvm/internal/runtime/time_module.go:25.3,26.46 2 0
github.com/ArubikU/polyloft-bvm/internal/runtime/time_module.go:28.2,29.16 2 0
github.com/ArubikU/polyloft-bvm/internal/runtime/time_module.go:29.16,31.3 1 0
github.com/ArubikU/polyloft-bvm/internal/runtime/time_module.go:32.2,32.17 1 0
github.com/ArubikU/polyloft-bvm/internal/runtime/time_module.go:35.50,36.15 1 0
github.com/ArubikU/polyloft-bvm/internal/runtime/time_module.go:36.15,38.3 1 0
github.com/ArubikU/polyloft-bvm/internal/runtime/time_module.go:39.2,40.19 2 0
github.com/ArubikU/polyloft-bvm/internal/runtime/time_module.go:40.19,42.3 1 0
github.com/ArubikU/polyloft-bvm/internal/runtime/time_module.go:42.8,42.26 1 0
github.com/ArubikU/polyloft-bvm/internal/runtime/time_module.go:42.26,44.3 1 0
github.com/ArubikU/polyloft-bvm/internal/runtime/time_module.go:45.2,48.33 4 0
github.com/ArubikU/polyloft-bvm/internal/runtime/time_module.go:48.33,50.22 2 0
github.com/ArubikU/polyloft-bvm/internal/runtime/time_module.go:50.22,52.4 1 0
github.com/ArubikU/polyloft-bvm/internal/runtime/time_module.go:53.3,54.17 2 0
github.com/ArubikU/polyloft-bvm/internal/runtime/time_module.go:54.17,56.4 1 0
github.com/ArubikU/polyloft-bvm/internal/runtime/time_module.go:57.3,58.17 2 0
github.com/ArubikU/polyloft-bvm/internal/runtime/time_module.go:58.17,60.4 1 0
github.com/ArubikU/polyloft-bvm/internal/runtime/time_module.go:61.3,62.14 2 0
github.com/ArubikU/polyloft-bvm/internal/runtime/time_module.go:63.8,64.39 1 0
github.com/ArubikU/polyloft-bvm/internal/runtime/time_module.go:64.39,66.4 1 0
github.com/ArubikU/polyloft-bvm/internal/runtime/time_module.go:67.3,68.17 2 0
github.com/ArubikU/polyloft-bvm/internal/runtime/time_module.go:68.17,70.4 1 0
github.com/ArubikU/polyloft-bvm/internal/runtime/time_module.go:71.3,72.21 2 0
github.com/ArubikU/polyloft-bvm/internal/runtime/time_module.go:72.21,74.18 2 0
github.com/ArubikU/polyloft-bvm/internal/runtime/time_module.go:74.18,76.5 1 0
github.com/ArubikU/polyloft-bvm/internal/runtime/time_module.go:77.4,77.15 1 0
github.com/ArubikU/polyloft-bvm/internal/runtime/time_module.go:80.2,80.60 1 0
github.com/ArubikU/polyloft-bvm/internal/runtime/time_module.go:80.60,82.3 1 0
github.com/ArubikU/polyloft-bvm/internal/runtime/time_module.go:83.2,83.41 1 0
github.com/ArubikU/polyloft-bvm/internal/runtime/time_module.go:86.51,87.28 1 0
github.com/ArubikU/polyloft-bvm/internal/runtime/time_module.go:87.28,89.3 1 0
github.com/ArubikU/polyloft-bvm/internal/runtime/time_module.go:90.2,90.37 1 0
github.com/ArubikU/polyloft-bvm/internal/runtime/time_module.go:90.37,92.3 1 0
github.com/ArubikU/polyloft-bvm/internal/runtime/time_module.go:93.2,93.26 1 0
github.com/ArubikU/polyloft-bvm/internal/runtime/time_module.go:96.44,115.2 3 0
github.com/ArubikU/polyloft-bvm/internal/runtime/time_module.go:117.39,120.115 2 0
github.com/ArubikU/polyloft-bvm/internal/runtime/time_module.go:120.115,122.3 1 0
github.com/ArubikU/polyloft-bvm/internal/runtime/time_module.go:124.2,124.115 1 0
github.com/ArubikU/polyloft-bvm/internal/runtime/time_module.go:124.115,126.3 1 0
github.com/ArubikU/polyloft-bvm/internal/runtime/time_module.go:128.2,128.120 1 0
github.com/ArubikU/polyloft-bvm/internal/runtime/time_module.go:128.120,130.36 2 0
github.com/ArubikU/polyloft-bvm/internal/runtime/time_module.go:130.36,132.4 1 0
github.com/ArubikU/polyloft-bvm/internal/runtime/time_module.go:133.3,133.38 1 0
github.com/ArubikU/polyloft-bvm/internal/runtime/time_module.go:136.2,136.134 1 0
github.com/ArubikU/polyloft-bvm/internal/runtime/time_module.go:136.134,138.17 2 0
github.com/ArubikU/polyloft-bvm/internal/runtime/time_module.go:138.17,140.4 1 0
github.com/ArubikU/polyloft-bvm/internal/runtime/time_module.go:141.3,142.49 2 0
github.com/ArubikU/polyloft-bvm/internal/runtime/time_module.go:145.2,145.133 1 0
github.com/ArubikU/polyloft-bvm/internal/runtime/time_module.go:145.133,147.17 2 0
github.com/ArubikU/polyloft-bvm/internal/runtime/time_module.go:147.17,149.4 1 0
github.com/ArubikU/polyloft-bvm/internal/runtime/time_module.go:150.3,150.77 1 0
github.com/ArubikU/polyloft-bvm/internal/runtime/time_module.go:153.2,153.128 1 0
github.com/ArubikU/polyloft-bvm/internal/runtime/time_module.go:153.128,155.17 2 0
github.com/ArubikU/polyloft-bvm/internal/runtime/time_module.go:155.17,157.4 1 0
github.com/ArubikU/polyloft-bvm/internal/runtime/time_module.go:158.3,158.73 1 0
github.com/ArubikU/polyloft-bvm/internal/runtime/time_module.go:161.2,161.143 1 0
github.com/ArubikU/polyloft-bvm/internal/runtime/time_module.go:161.143,163.17 2 0
github.com/ArubikU/polyloft-bvm/internal/runtime/time_module.go:163.17,165.4 1 0
github.com/ArubikU/polyloft-bvm/internal/runtime/time_module.go:166.3,167.17 2 0
github.com/ArubikU/polyloft-bvm/internal/runtime/time_module.go:167.17,169.4 1 0
github.com/ArubikU/polyloft-bvm/internal/runtime/time_module.go:170.3,170.81 1 0
github.com/ArubikU/polyloft-bvm/internal/runtime/time_module.go:173.2,173.143 1 0
github.com/ArubikU/polyloft-bvm/internal/runtime/time_module.go:173.143,175.17 2 0
github.com/ArubikU/polyloft-bvm/internal/runtime/time_module.go:175.17,177.4 1 0
github.com/ArubikU/polyloft-bvm/internal/runtime/time_module.go:178.3,179.17 2 0
github.com/ArubikU/polyloft-bvm/internal/runtime/time_module.go:179.17,181.4 1 0
github.com/ArubikU/polyloft-bvm/internal/runtime/time_module.go:182.3,182.79 1 0
github.com/ArubikU/polyloft-bvm/internal/runtime/time_module.go:185.2,185.147 1 0
github.com/ArubikU/polyloft-bvm/internal/runtime/time_module.go:185.147,187.17 2 0
github.com/ArubikU/polyloft-bvm/internal/runtime/time_module.go:187.17,189.4 1 0
github.com/ArubikU/polyloft-bvm/internal/runtime/time_module.go:190.3,191.17 2 0
github.com/ArubikU/polyloft-bvm/internal/runtime/time_module.go:191.17,193.4 1 0
github.com/ArubikU/polyloft-bvm/internal/runtime/time_module.go:194.3,194.85 1 0
github.com/ArubikU/polyloft-bvm/internal/runtime/time_module.go:197.2,197.129 1 0
github.com/ArubikU/polyloft-bvm/internal/runtime/time_module.go:197.129,199.17 2 0
github.com/ArubikU/polyloft-bvm/internal/runtime/time_module.go:199.17,201.4 1 0
github.com/ArubikU/polyloft-bvm/internal/runtime/time_module.go:202.3,203.17 2 0
github.com/ArubikU/polyloft-bvm/internal/runtime/time_module.go:203.17,205.4 1 0
github.com/ArubikU/polyloft-bvm/internal/runtime/time_module.go:206.3,206.55 1 0
github.com/ArubikU/polyloft-bvm/internal/runtime/time_module.go:209.2,209.124 1 0
github.com/ArubikU/polyloft-bvm/internal/runtime/time_module.go:209.124,211.17 2 0
github.com/ArubikU/polyloft-bvm/internal/runtime/time_module.go:211.17,213.4 1 0
github.com/ArubikU/polyloft-bvm/internal/runtime/time_module.go:214.3,214.124 1 0
github.com/ArubikU/polyloft-bvm/internal/runtime/time_module.go:214.124,215.59 1 0
github.com/ArubikU/polyloft-bvm/internal/runtime/time_module.go:215.59,217.5 1 0
github.com/ArubikU/polyloft-bvm/internal/runtime/time_module.go:219.3,219.71 1 0
github.com/ArubikU/polyloft-bvm/internal/runtime/time_module.go:222.2,222.24 1 0
github.com/ArubikU/polyloft-bvm/internal/runtime/ui_module.go:48.58,49.14 1 0
github.com/ArubikU/polyloft-bvm/internal/runtime/ui_module.go:49.14,51.3 1 0
github.com/ArubikU/polyloft-bvm/internal/runtime/ui_module.go:52.2,54.21 3 0
github.com/ArubikU/polyloft-bvm/internal/runtime/ui_module.go:57.63,58.14 1 0
github.com/ArubikU/polyloft-bvm/internal/runtime/ui_module.go:58.14,60.3 1 0
github.com/ArubikU/polyloft-bvm/internal/runtime/ui_module.go:61.2,63.15 3 0
github.com/ArubikU/polyloft-bvm/internal/runtime/ui_module.go:66.40,67.40 1 0
github.com/ArubikU/polyloft-bvm/internal/runtime/ui_module.go:67.40,69.3 1 0
github.com/ArubikU/polyloft-bvm/internal/runtime/ui_module.go:72.45,73.40 1 0
github.com/ArubikU/polyloft-bvm/internal/runtime/ui_module.go:73.40,75.3 1 0
github.com/ArubikU/polyloft-bvm/internal/runtime/ui_module.go:78.39,79.14 1 0
github.com/ArubikU/polyloft-bvm/internal/runtime/ui_module.go:79.14,81.3 1 0
github.com/ArubikU/polyloft-bvm/internal/runtime/ui_module.go:82.2,83.15 2 0
github.com/ArubikU/polyloft-bvm/internal/runtime/ui_module.go:83.15,85.3 1 0
github.com/ArubikU/polyloft-bvm/internal/runtime/ui_module.go:86.2,89.43 4 0
github.com/ArubikU/polyloft-bvm/internal/runtime/ui_module.go:89.43,91.3 1 0
github.com/ArubikU/polyloft-bvm/internal/runtime/ui_module.go:92.2,96.17 5 0
github.com/ArubikU/polyloft-bvm/internal/runtime/ui_module.go:128.38,129.38 1 0
github.com/ArubikU/polyloft-bvm/internal/runtime/ui_module.go:129.38,131.3 1 0
github.com/ArubikU/polyloft-bvm/internal/runtime/ui_module.go:132.2,149.63 2 0
github.com/ArubikU/polyloft-bvm/internal/runtime/ui_module.go:149.63,151.3 1 0
github.com/ArubikU/polyloft-bvm/internal/runtime/ui_module.go:152.2,152.12 1 0
github.com/ArubikU/polyloft-bvm/internal/runtime/ui_module.go:155.33,157.2 1 0
github.com/ArubikU/polyloft-bvm/internal/runtime/ui_module.go:159.49,160.16 1 0
github.com/ArubikU/polyloft-bvm/internal/runtime/ui_module.go:160.16,162.3 1 0
github.com/ArubikU/polyloft-bvm/internal/runtime/ui_module.go:163.2,165.49 3 0
github.com/ArubikU/polyloft-bvm/internal/runtime/ui_module.go:168.26,169.44 1 0
github.com/ArubikU/polyloft-bvm/internal/runtime/ui_module.go:169.44,170.17 1 0
github.com/ArubikU/polyloft-bvm/internal/runtime/ui_module.go:170.17,172.4 1 0
github.com/ArubikU/polyloft-bvm/internal/runtime/ui_module.go:176.40,178.19 2 0
github.com/ArubikU/polyloft-bvm/internal/runtime/ui_module.go:178.19,180.3 1 0
github.com/ArubikU/polyloft-bvm/internal/runtime/ui_module.go:181.2,184.47 4 0
github.com/ArubikU/polyloft-bvm/internal/runtime/ui_module.go:184.47,185.20 1 0
github.com/ArubikU/polyloft-bvm/internal/runtime/ui_module.go:185.20,186.12 1 0
github.com/ArubikU/polyloft-bvm/internal/runtime/ui_module.go:188.3,189.46 2 0
github.com/ArubikU/polyloft-bvm/internal/runtime/ui_module.go:189.46,191.4 1 0
github.com/ArubikU/polyloft-bvm/internal/runtime/ui_module.go:195.51,199.2 3 0
github.com/ArubikU/polyloft-bvm/internal/runtime/ui_module.go:201.48,204.53 3 0
github.com/ArubikU/polyloft-bvm/internal/runtime/ui_module.go:205.17,210.39 5 0
github.com/ArubikU/polyloft-bvm/internal/runtime/ui_module.go:211.16,216.39 5 0
github.com/ArubikU/polyloft-bvm/internal/runtime/ui_module.go:217.17,218.36 1 0
github.com/ArubikU/polyloft-bvm/internal/runtime/ui_module.go:218.36,220.4 1 0
github.com/ArubikU/polyloft-bvm/internal/runtime/ui_module.go:221.3,221.35 1 0
github.com/ArubikU/polyloft-bvm/internal/runtime/ui_module.go:225.63,229.44 4 0
github.com/ArubikU/polyloft-bvm/internal/runtime/ui_module.go:229.44,231.3 1 0
github.com/ArubikU/polyloft-bvm/internal/runtime/ui_module.go:232.2,232.12 1 0
github.com/ArubikU/polyloft-bvm/internal/runtime/ui_module.go:235.64,238.26 3 0
github.com/ArubikU/polyloft-bvm/internal/runtime/ui_module.go:238.26,240.3 1 0
github.com/ArubikU/polyloft-bvm/internal/runtime/ui_module.go:241.2,241.22 1 0
github.com/ArubikU/polyloft-bvm/internal/runtime/ui_module.go:244.68,248.17 4 0
github.com/ArubikU/polyloft-bvm/internal/runtime/ui_module.go:248.17,250.3 1 0
github.com/ArubikU/polyloft-bvm/internal/runtime/ui_module.go:251.2,257.13 3 0
github.com/ArubikU/polyloft-bvm/internal/runtime/ui_module.go:260.80,262.15 2 0
github.com/ArubikU/polyloft-bvm/internal/runtime/ui_module.go:262.15,264.3 1 0
github.com/ArubikU/polyloft-bvm/internal/runtime/ui_module.go:265.2,267.43 3 0
github.com/ArubikU/polyloft-bvm/internal/runtime/ui_module.go:267.43,269.3 1 0
github.com/ArubikU/polyloft-bvm/internal/runtime/ui_module.go:270.2,272.16 3 0
github.com/ArubikU/polyloft-bvm/internal/runtime/ui_module.go:275.58,277.15 2 0
github.com/ArubikU/polyloft-bvm/internal/runtime/ui_module.go:277.15,279.3 1 0
github.com/ArubikU/polyloft-bvm/internal/runtime/ui_module.go:280.2,282.26 3 0
github.com/ArubikU/polyloft-bvm/internal/runtime/ui_module.go:285.50,287.15 2 0
github.com/ArubikU/polyloft-bvm/internal/runtime/ui_module.go:287.15,289.3 1 0
github.com/ArubikU/polyloft-bvm/internal/runtime/ui_module.go:290.2,292.20 3 0
github.com/ArubikU/polyloft-bvm/internal/runtime/ui_module.go:292.20,295.3 2 0
github.com/ArubikU/polyloft-bvm/internal/runtime/ui_module.go:296.2,298.24 3 0
github.com/ArubikU/polyloft-bvm/internal/runtime/ui_module.go:301.47,302.40 1 0
github.com/ArubikU/polyloft-bvm/internal/runtime/ui_module.go:302.40,304.3 1 0
github.com/ArubikU/polyloft-bvm/internal/runtime/ui_module.go:305.2,305.41 1 0
github.com/ArubikU/polyloft-bvm/internal/runtime/ui_module.go:305.41,307.3 1 0
github.com/ArubikU/polyloft-bvm/internal/runtime/ui_module.go:308.2,308.40 1 0
github.com/ArubikU/polyloft-bvm/internal/runtime/ui_module.go:308.40,310.3 1 0
github.com/ArubikU/polyloft-bvm/internal/runtime/ui_module.go:311.2,311.14 1 0
github.com/ArubikU/polyloft-bvm/internal/runtime/ui_module.go:314.40,315.17 1 0
github.com/ArubikU/polyloft-bvm/internal/runtime/ui_module.go:315.17,317.3 1 0
github.com/ArubikU/polyloft-bvm/internal/runtime/ui_module.go:318.2,319.41 2 0
github.com/ArubikU/polyloft-bvm/internal/runtime/ui_module.go:319.41,321.3 1 0
github.com/ArubikU/polyloft-bvm/internal/runtime/ui_module.go:322.2,322.38 1 0
github.com/ArubikU/polyloft-bvm/internal/runtime/ui_module.go:322.38,324.3 1 0
github.com/ArubikU/polyloft-bvm/internal/runtime/ui_module.go:325.2,325.17 1 0
github.com/ArubikU/polyloft-bvm/internal/runtime/ui_module.go:328.92,330.2 1 0
github.com/ArubikU/polyloft-bvm/internal/runtime/ui_module.go:332.93,334.2 1 0
github.com/ArubikU/polyloft-bvm/internal/runtime/ui_module.go:336.96,337.29 1 0
github.com/ArubikU/polyloft-bvm/internal/runtime/ui_module.go:337.29,339.3 1 0
github.com/ArubikU/polyloft-bvm/internal/runtime/ui_module.go:340.2,353.21 7 0
github.com/ArubikU/polyloft-bvm/internal/runtime/ui_module.go:356.45,359.33 3 0
github.com/ArubikU/polyloft-bvm/internal/runtime/ui_module.go:359.33,360.35 1 0
github.com/ArubikU/polyloft-bvm/internal/runtime/ui_module.go:360.35,363.4 2 0
github.com/ArubikU/polyloft-bvm/internal/runtime/ui_module.go:365.2,365.14 1 0
github.com/ArubikU/polyloft-bvm/internal/runtime/ui_module.go:368.51,370.25 2 0
github.com/ArubikU/polyloft-bvm/internal/runtime/ui_module.go:370.25,373.3 2 0
github.com/ArubikU/polyloft-bvm/internal/runtime/ui_module.go:374.2,378.40 4 0
github.com/ArubikU/polyloft-bvm/internal/runtime/ui_module.go:378.40,379.45 1 0
github.com/ArubikU/polyloft-bvm/internal/runtime/ui_module.go:379.45,381.4 1 0
github.com/ArubikU/polyloft-bvm/internal/runtime/ui_module.go:382.3,382.47 1 0
github.com/ArubikU/polyloft-bvm/internal/runtime/ui_module.go:384.2,384.43 1 0
github.com/ArubikU/polyloft-bvm/internal/runtime/ui_module.go:384.43,390.3 5 0
github.com/ArubikU/polyloft-bvm/internal/runtime/ui_module.go:392.2,393.29 2 0
github.com/ArubikU/polyloft-bvm/internal/runtime/ui_module.go:393.29,394.18 1 0
github.com/ArubikU/polyloft-bvm/internal/runtime/ui_module.go:394.18,395.12 1 0
github.com/ArubikU/polyloft-bvm/internal/runtime/ui_module.go:397.3,397.27 1 0
github.com/ArubikU/polyloft-bvm/internal/runtime/ui_module.go:397.27,399.12 2 0
github.com/ArubikU/polyloft-bvm/internal/runtime/ui_module.go:401.3,402.17 2 0
github.com/ArubikU/polyloft-bvm/internal/runtime/ui_module.go:402.17,404.12 2 0
github.com/ArubikU/polyloft-bvm/internal/runtime/ui_module.go:406.3,407.40 2 0
github.com/ArubikU/polyloft-bvm/internal/runtime/ui_module.go:409.2,409.17 1 0
github.com/ArubikU/polyloft-bvm/internal/runtime/ui_module.go:412.74,413.21 1 0
github.com/ArubikU/polyloft-bvm/internal/runtime/ui_module.go:413.21,415.3 1 0
github.com/ArubikU/polyloft-bvm/internal/runtime/ui_module.go:416.2,416.25 1 0
github.com/ArubikU/polyloft-bvm/internal/runtime/ui_module.go:416.25,418.3 1 0
github.com/ArubikU/polyloft-bvm/internal/runtime/ui_module.go:419.2,420.21 2 0
github.com/ArubikU/polyloft-bvm/internal/runtime/ui_module.go:420.21,423.3 2 0
github.com/ArubikU/polyloft-bvm/internal/runtime/ui_module.go:424.2,429.12 5 0
github.com/ArubikU/polyloft-bvm/internal/runtime/ui_module.go:429.12,432.7 3 0
github.com/ArubikU/polyloft-bvm/internal/runtime/ui_module.go:432.7,433.11 1 0
github.com/ArubikU/polyloft-bvm/internal/runtime/ui_module.go:434.16,435.11 1 0
github.com/ArubikU/polyloft-bvm/internal/runtime/ui_module.go:436.20,437.43 1 0
github.com/ArubikU/polyloft-bvm/internal/runtime/ui_module.go:441.2,441.13 1 0
github.com/ArubikU/polyloft-bvm/internal/runtime/ui_module.go:444.37,446.22 2 0
github.com/ArubikU/polyloft-bvm/internal/runtime/ui_module.go:446.22,449.3 2 0
github.com/ArubikU/polyloft-bvm/internal/runtime/ui_module.go:450.2,455.13 6 0
github.com/ArubikU/polyloft-bvm/internal/runtime/ui_module.go:458.42,462.2 3 0
github.com/ArubikU/polyloft-bvm/internal/runtime/ui_module.go:464.37,466.2 1 0
github.com/ArubikU/polyloft-bvm/internal/runtime/ui_module.go:468.49,469.24 1 0
github.com/ArubikU/polyloft-bvm/internal/runtime/ui_module.go:470.17,471.13 1 0
github.com/ArubikU/polyloft-bvm/internal/runtime/ui_module.go:472.18,473.24 1 0
github.com/ArubikU/polyloft-bvm/internal/runtime/ui_module.go:474.20,475.46 1 0
github.com/ArubikU/polyloft-bvm/internal/runtime/ui_module.go:475.46,477.4 1 0
github.com/ArubikU/polyloft-bvm/internal/runtime/ui_module.go:478.3,478.23 1 0
github.com/ArubikU/polyloft-bvm/internal/runtime/ui_module.go:479.32,480.23 1 0
github.com/ArubikU/polyloft-bvm/internal/runtime/ui_module.go:481.20,482.42 1 0
github.com/ArubikU/polyloft-bvm/internal/runtime/ui_module.go:482.42,484.41 2 0
github.com/ArubikU/polyloft-bvm/internal/runtime/ui_module.go:484.41,486.5 1 0
github.com/ArubikU/polyloft-bvm/internal/runtime/ui_module.go:487.4,487.18 1 0
github.com/ArubikU/polyloft-bvm/internal/runtime/ui_module.go:489.3,489.41 1 0
github.com/ArubikU/polyloft-bvm/internal/runtime/ui_module.go:489.41,491.38 2 0
github.com/ArubikU/polyloft-bvm/internal/runtime/ui_module.go:491.38,493.5 1 0
github.com/ArubikU/polyloft-bvm/internal/runtime/ui_module.go:494.4,494.16 1 0
github.com/ArubikU/polyloft-bvm/internal/runtime/ui_module.go:497.2,497.27 1 0
github.com/ArubikU/polyloft-bvm/internal/runtime/ui_module.go:500.86,501.17 1 0
github.com/ArubikU/polyloft-bvm/internal/runtime/ui_module.go:501.17,503.3 1 0
github.com/ArubikU/polyloft-bvm/internal/runtime/ui_module.go:504.2,504.15 1 0
github.com/ArubikU/polyloft-bvm/internal/runtime/ui_module.go:504.15,506.3 1 0
github.com/ArubikU/polyloft-bvm/internal/runtime/ui_module.go:507.2,507.67 1 0
github.com/ArubikU/polyloft-bvm/internal/runtime/ui_module.go:510.46,511.17 1 0
github.com/ArubikU/polyloft-bvm/internal/runtime/ui_module.go:511.17,513.3 1 0
github.com/ArubikU/polyloft-bvm/internal/runtime/ui_module.go:514.2,515.41 2 0
github.com/ArubikU/polyloft-bvm/internal/runtime/ui_module.go:515.41,517.3 1 0
github.com/ArubikU/polyloft-bvm/internal/runtime/ui_module.go:518.2,518.38 1 0
github.com/ArubikU/polyloft-bvm/internal/runtime/ui_module.go:518.38,520.20 2 0
github.com/ArubikU/polyloft-bvm/internal/runtime/ui_module.go:520.20,522.4 1 0
github.com/ArubikU/polyloft-bvm/internal/runtime/ui_module.go:524.2,524.14 1 0
github.com/ArubikU/polyloft-bvm/internal/runtime/ui_module.go:527.45,528.50 1 0
github.com/ArubikU/polyloft-bvm/internal/runtime/ui_module.go:528.50,530.3 1 0
github.com/ArubikU/polyloft-bvm/internal/runtime/ui_module.go:531.2,531.25 1 0
github.com/ArubikU/polyloft-bvm/internal/runtime/ui_module.go:534.38,535.41 1 0
github.com/ArubikU/polyloft-bvm/internal/runtime/ui_module.go:535.41,537.3 1 0
github.com/ArubikU/polyloft-bvm/internal/runtime/ui_module.go:538.2,538.12 1 0
github.com/ArubikU/polyloft-bvm/internal/runtime/ui_module.go:541.47,543.22 2 0
github.com/ArubikU/polyloft-bvm/internal/runtime/ui_module.go:543.22,545.3 1 0
github.com/ArubikU/polyloft-bvm/internal/runtime/ui_module.go:546.2,547.30 2 0
github.com/ArubikU/polyloft-bvm/internal/runtime/ui_module.go:547.30,549.3 1 0
github.com/ArubikU/polyloft-bvm/internal/runtime/ui_module.go:550.2,550.15 1 0
github.com/ArubikU/polyloft-bvm/internal/runtime/ui_module.go:553.48,554.35 1 0
github.com/ArubikU/polyloft-bvm/internal/runtime/ui_module.go:555.11,556.15 1 0
github.com/ArubikU/polyloft-bvm/internal/runtime/ui_module.go:557.13,558.20 1 0
github.com/ArubikU/polyloft-bvm/internal/runtime/ui_module.go:559.15,560.20 1 0
github.com/ArubikU/polyloft-bvm/internal/runtime/ui_module.go:561.15,562.20 1 0
github.com/ArubikU/polyloft-bvm/internal/runtime/ui_module.go:563.14,564.72 1 0
github.com/ArubikU/polyloft-bvm/internal/runtime/ui_module.go:564.72,566.4 1 0
github.com/ArubikU/polyloft-bvm/internal/runtime/ui_module.go:568.2,568.17 1 0
github.com/ArubikU/polyloft-bvm/internal/runtime/ui_module.go:571.57,572.41 1 0
github.com/ArubikU/polyloft-bvm/internal/runtime/ui_module.go:572.41,575.20 3 0
github.com/ArubikU/polyloft-bvm/internal/runtime/ui_module.go:575.20,577.4 1 0
github.com/ArubikU/polyloft-bvm/internal/runtime/ui_module.go:579.2,579.17 1 0
github.com/ArubikU/polyloft-bvm/internal/runtime/ui_module.go:582.89,583.36 1 0
github.com/ArubikU/polyloft-bvm/internal/runtime/ui_module.go:583.36,585.3 1 0
github.com/ArubikU/polyloft-bvm/internal/runtime/ui_module.go:586.2,591.26 6 0
github.com/ArubikU/polyloft-bvm/internal/runtime/ui_module.go:591.26,593.3 1 0
github.com/ArubikU/polyloft-bvm/internal/runtime/ui_module.go:594.2,594.31 1 0
github.com/ArubikU/polyloft-bvm/internal/runtime/ui_module.go:594.31,597.3 2 0
github.com/ArubikU/polyloft-bvm/internal/runtime/ui_module.go:598.2,598.31 1 0
github.com/ArubikU/polyloft-bvm/internal/runtime/ui_module.go:598.31,601.3 2 0
github.com/ArubikU/polyloft-bvm/internal/runtime/ui_module.go:604.46,605.50 1 0
github.com/ArubikU/polyloft-bvm/internal/runtime/ui_module.go:606.23,607.52 1 0
github.com/ArubikU/polyloft-bvm/internal/runtime/ui_module.go:608.16,609.52 1 0
github.com/ArubikU/polyloft-bvm/internal/runtime/ui_module.go:610.25,611.52 1 0
github.com/ArubikU/polyloft-bvm/internal/runtime/ui_module.go:612.10,613.52 1 0
github.com/ArubikU/polyloft-bvm/internal/runtime/ui_module.go:617.65,618.31 1 0
github.com/ArubikU/polyloft-bvm/internal/runtime/ui_module.go:618.31,620.3 1 0
github.com/ArubikU/polyloft-bvm/internal/runtime/ui_module.go:621.2,629.53 9 0
github.com/ArubikU/polyloft-bvm/internal/runtime/ui_module.go:629.53,631.3 1 0
github.com/ArubikU/polyloft-bvm/internal/runtime/ui_module.go:634.66,635.19 1 0
github.com/ArubikU/polyloft-bvm/internal/runtime/ui_module.go:635.19,637.3 1 0
github.com/ArubikU/polyloft-bvm/internal/runtime/ui_module.go:638.2,638.24 1 0
github.com/ArubikU/polyloft-bvm/internal/runtime/ui_module.go:638.24,640.3 1 0
github.com/ArubikU/polyloft-bvm/internal/runtime/ui_module.go:641.2,641.38 1 0
github.com/ArubikU/polyloft-bvm/internal/runtime/ui_module.go:641.38,643.3 1 0
github.com/ArubikU/polyloft-bvm/internal/runtime/ui_module.go:644.2,655.29 11 0
github.com/ArubikU/polyloft-bvm/internal/runtime/ui_module.go:655.29,656.49 1 0
github.com/ArubikU/polyloft-bvm/internal/runtime/ui_module.go:656.49,658.4 1 0
github.com/ArubikU/polyloft-bvm/internal/runtime/ui_module.go:660.2,661.16 2 0
github.com/ArubikU/polyloft-bvm/internal/runtime/ui_module.go:661.16,663.3 1 0
github.com/ArubikU/polyloft-bvm/internal/runtime/ui_module.go:664.2,665.27 2 0
github.com/ArubikU/polyloft-bvm/internal/runtime/ui_module.go:668.89,669.19 1 0
github.com/ArubikU/polyloft-bvm/internal/runtime/ui_module.go:669.19,671.3 1 0
github.com/ArubikU/polyloft-bvm/internal/runtime/ui_module.go:672.2,672.77 1 0
github.com/ArubikU/polyloft-bvm/internal/runtime/ui_module.go:672.77,673.104 1 0
github.com/ArubikU/polyloft-bvm/internal/runtime/ui_module.go:673.104,675.4 1 0
github.com/ArubikU/polyloft-bvm/internal/runtime/ui_module.go:677.2,677.12 1 0
github.com/ArubikU/polyloft-bvm/internal/runtime/ui_module.go:680.60,681.19 1 0
github.com/ArubikU/polyloft-bvm/internal/runtime/ui_module.go:681.19,683.3 1 0
github.com/ArubikU/polyloft-bvm/internal/runtime/ui_module.go:684.2,685.41 2 0
github.com/ArubikU/polyloft-bvm/internal/runtime/ui_module.go:685.41,687.3 1 0
github.com/ArubikU/polyloft-bvm/internal/runtime/ui_module.go:688.2,688.15 1 0
github.com/ArubikU/polyloft-bvm/internal/runtime/ui_module.go:691.75,692.19 1 0
github.com/ArubikU/polyloft-bvm/internal/runtime/ui_module.go:692.19,694.3 1 0
github.com/ArubikU/polyloft-bvm/internal/runtime/ui_module.go:695.2,695.57 1 0
github.com/ArubikU/polyloft-bvm/internal/runtime/ui_module.go:695.57,697.3 1 0
github.com/ArubikU/polyloft-bvm/internal/runtime/ui_module.go:699.2,700.30 2 0
github.com/ArubikU/polyloft-bvm/internal/runtime/ui_module.go:700.30,704.3 3 0
github.com/ArubikU/polyloft-bvm/internal/runtime/ui_module.go:705.2,708.65 2 0
github.com/ArubikU/polyloft-bvm/internal/runtime/ui_module.go:708.65,710.57 2 0
github.com/ArubikU/polyloft-bvm/internal/runtime/ui_module.go:710.57,712.5 1 0
github.com/ArubikU/polyloft-bvm/internal/runtime/ui_module.go:713.4,718.20 6 0
github.com/ArubikU/polyloft-bvm/internal/runtime/ui_module.go:718.20,720.5 1 0
github.com/ArubikU/polyloft-bvm/internal/runtime/ui_module.go:721.4,721.20 1 0
github.com/ArubikU/polyloft-bvm/internal/runtime/ui_module.go:721.20,723.5 1 0
github.com/ArubikU/polyloft-bvm/internal/runtime/ui_module.go:724.4,724.19 1 0
github.com/ArubikU/polyloft-bvm/internal/runtime/ui_module.go:724.19,730.5 1 0
github.com/ArubikU/polyloft-bvm/internal/runtime/ui_module.go:731.4,739.5 3 0
github.com/ArubikU/polyloft-bvm/internal/runtime/ui_module.go:741.71,743.4 1 0
github.com/ArubikU/polyloft-bvm/internal/runtime/ui_module.go:744.37,746.4 1 0
github.com/ArubikU/polyloft-bvm/internal/runtime/ui_module.go:747.19,751.4 3 0
github.com/ArubikU/polyloft-bvm/internal/runtime/ui_module.go:754.2,755.17 2 0
github.com/ArubikU/polyloft-bvm/internal/runtime/ui_module.go:755.17,757.3 1 0
github.com/ArubikU/polyloft-bvm/internal/runtime/ui_module.go:758.2,760.16 3 0
github.com/ArubikU/polyloft-bvm/internal/runtime/ui_module.go:760.16,762.3 1 0
github.com/ArubikU/polyloft-bvm/internal/runtime/ui_module.go:763.2,763.17 1 0
github.com/ArubikU/polyloft-bvm/internal/runtime/ui_module.go:763.17,765.3 1 0
github.com/ArubikU/polyloft-bvm/internal/runtime/ui_module.go:767.2,769.30 3 0
github.com/ArubikU/polyloft-bvm/internal/runtime/ui_module.go:769.30,774.3 4 0
github.com/ArubikU/polyloft-bvm/internal/runtime/ui_module.go:775.2,777.22 3 0
github.com/ArubikU/polyloft-bvm/internal/runtime/ui_module.go:780.52,782.16 2 0
github.com/ArubikU/polyloft-bvm/internal/runtime/ui_module.go:782.16,784.3 1 0
github.com/ArubikU/polyloft-bvm/internal/runtime/ui_module.go:785.2,786.12 2 0
github.com/ArubikU/polyloft-bvm/internal/runtime/ui_module.go:789.48,791.16 2 0
github.com/ArubikU/polyloft-bvm/internal/runtime/ui_module.go:791.16,793.3 1 0
github.com/ArubikU/polyloft-bvm/internal/runtime/ui_module.go:794.2,795.12 2 0
github.com/ArubikU/polyloft-bvm/internal/runtime/ui_module.go:798.37,801.121 2 0
github.com/ArubikU/polyloft-bvm/internal/runtime/ui_module.go:801.121,803.20 2 0
github.com/ArubikU/polyloft-bvm/internal/runtime/ui_module.go:803.20,805.4 1 0
github.com/ArubikU/polyloft-bvm/internal/runtime/ui_module.go:806.3,806.51 1 0
github.com/ArubikU/polyloft-bvm/internal/runtime/ui_module.go:809.2,809.153 1 0
github.com/ArubikU/polyloft-bvm/internal/runtime/ui_module.go:809.153,811.10 2 0
github.com/ArubikU/polyloft-bvm/internal/runtime/ui_module.go:811.10,813.4 1 0
github.com/ArubikU/polyloft-bvm/internal/runtime/ui_module.go:814.3,815.17 2 0
github.com/ArubikU/polyloft-bvm/internal/runtime/ui_module.go:815.17,817.4 1 0
github.com/ArubikU/polyloft-bvm/internal/runtime/ui_module.go:818.3,819.50 2 0
github.com/ArubikU/polyloft-bvm/internal/runtime/ui_module.go:819.50,822.4 2 0
github.com/ArubikU/polyloft-bvm/internal/runtime/ui_module.go:823.3,825.36 3 0
github.com/ArubikU/polyloft-bvm/internal/runtime/ui_module.go:828.2,828.143 1 0
github.com/ArubikU/polyloft-bvm/internal/runtime/ui_module.go:828.143,830.10 2 0
github.com/ArubikU/polyloft-bvm/internal/runtime/ui_module.go:830.10,832.4 1 0
github.com/ArubikU/polyloft-bvm/internal/runtime/ui_module.go:833.3,833.67 1 0
github.com/ArubikU/polyloft-bvm/internal/runtime/ui_module.go:836.2,836.127 1 0
github.com/ArubikU/polyloft-bvm/internal/runtime/ui_module.go:836.127,838.10 2 0
github.com/ArubikU/polyloft-bvm/internal/runtime/ui_module.go:838.10,840.4 1 0
github.com/ArubikU/polyloft-bvm/internal/runtime/ui_module.go:841.3,841.79 1 0
github.com/ArubikU/polyloft-bvm/internal/runtime/ui_module.go:844.2,844.142 1 0
github.com/ArubikU/polyloft-bvm/internal/runtime/ui_module.go:844.142,846.10 2 0
github.com/ArubikU/polyloft-bvm/internal/runtime/ui_module.go:846.10,848.4 1 0
github.com/ArubikU/polyloft-bvm/internal/runtime/ui_module.go:849.3,850.31 2 0
github.com/ArubikU/polyloft-bvm/internal/runtime/ui_module.go:853.2,853.137 1 0
github.com/ArubikU/polyloft-bvm/internal/runtime/ui_module.go:853.137,855.10 2 0
github.com/ArubikU/polyloft-bvm/internal/runtime/ui_module.go:855.10,857.4 1 0
github.com/ArubikU/polyloft-bvm/internal/runtime/ui_module.go:858.3,859.31 2 0
github.com/ArubikU/polyloft-bvm/internal/runtime/ui_module.go:862.2,862.137 1 0
github.com/ArubikU/polyloft-bvm/internal/runtime/ui_module.go:862.137,864.10 2 0
github.com/ArubikU/polyloft-bvm/internal/runtime/ui_module.go:864.10,866.4 1 0
github.com/ArubikU/polyloft-bvm/internal/runtime/ui_module.go:867.3,868.17 2 0
github.com/ArubikU/polyloft-bvm/internal/runtime/ui_module.go:868.17,870.4 1 0
github.com/ArubikU/polyloft-bvm/internal/runtime/ui_module.go:871.3,874.36 4 0
github.com/ArubikU/polyloft-bvm/internal/runtime/ui_module.go:877.2,877.138 1 0
github.com/ArubikU/polyloft-bvm/internal/runtime/ui_module.go:877.138,879.10 2 0
github.com/ArubikU/polyloft-bvm/internal/runtime/ui_module.go:879.10,881.4 1 0
github.com/ArubikU/polyloft-bvm/internal/runtime/ui_module.go:882.3,885.36 4 0
github.com/ArubikU/polyloft-bvm/internal/runtime/ui_module.go:888.2,888.127 1 0
github.com/ArubikU/polyloft-bvm/internal/runtime/ui_module.go:888.127,889.44 1 0
github.com/ArubikU/polyloft-bvm/internal/runtime/ui_module.go:889.44,891.4 1 0
github.com/ArubikU/polyloft-bvm/internal/runtime/ui_module.go:892.3,892.53 1 0
github.com/ArubikU/polyloft-bvm/internal/runtime/ui_module.go:895.2,895.138 1 0
github.com/ArubikU/polyloft-bvm/internal/runtime/ui_module.go:895.138,897.10 2 0
github.com/ArubikU/polyloft-bvm/internal/runtime/ui_module.go:897.10,899.4 1 0
github.com/ArubikU/polyloft-bvm/internal/runtime/ui_module.go:900.3,900.71 1 0
github.com/ArubikU/polyloft-bvm/internal/runtime/ui_module.go:903.2,903.148 1 0
github.com/ArubikU/polyloft-bvm/internal/runtime/ui_module.go:903.148,905.10 2 0
github.com/ArubikU/polyloft-bvm/internal/runtime/ui_module.go:905.10,907.4 1 0
github.com/ArubikU/polyloft-bvm/internal/runtime/ui_module.go:908.3,908.72 1 0
github.com/ArubikU/polyloft-bvm/internal/runtime/ui_module.go:911.2,911.148 1 0
github.com/ArubikU/polyloft-bvm/internal/runtime/ui_module.go:911.148,913.10 2 0
github.com/ArubikU/polyloft-bvm/internal/runtime/ui_module.go:913.10,915.4 1 0
github.com/ArubikU/polyloft-bvm/internal/runtime/ui_module.go:916.3,917.41 2 0
github.com/ArubikU/polyloft-bvm/internal/runtime/ui_module.go:920.2,920.150 1 0
github.com/ArubikU/polyloft-bvm/internal/runtime/ui_module.go:920.150,922.10 2 0
github.com/ArubikU/polyloft-bvm/internal/runtime/ui_module.go:922.10,924.4 1 0
github.com/ArubikU/polyloft-bvm/internal/runtime/ui_module.go:925.3,926.21 2 0
github.com/ArubikU/polyloft-bvm/internal/runtime/ui_module.go:926.21,928.4 1 0
github.com/ArubikU/polyloft-bvm/internal/runtime/ui_module.go:929.3,929.47 1 0
github.com/ArubikU/polyloft-bvm/internal/runtime/ui_module.go:929.47,931.4 1 0
github.com/ArubikU/polyloft-bvm/internal/runtime/ui_module.go:932.3,932.36 1 0
github.com/ArubikU/polyloft-bvm/internal/runtime/ui_module.go:935.2,935.143 1 0
github.com/ArubikU/polyloft-bvm/internal/runtime/ui_module.go:935.143,937.10 2 0
github.com/ArubikU/polyloft-bvm/internal/runtime/ui_module.go:937.10,939.4 1 0
github.com/ArubikU/polyloft-bvm/internal/runtime/ui_module.go:940.3,941.21 2 0
github.com/ArubikU/polyloft-bvm/internal/runtime/ui_module.go:941.21,943.4 1 0
github.com/ArubikU/polyloft-bvm/internal/runtime/ui_module.go:944.3,944.32 1 0
github.com/ArubikU/polyloft-bvm/internal/runtime/ui_module.go:947.2,947.142 1 0
github.com/ArubikU/polyloft-bvm/internal/runtime/ui_module.go:947.142,949.10 2 0
github.com/ArubikU/polyloft-bvm/internal/runtime/ui_module.go:949.10,951.4 1 0
github.com/ArubikU/polyloft-bvm/internal/runtime/ui_module.go:952.3,952.66 1 0
github.com/ArubikU/polyloft-bvm/internal/runtime/ui_module.go:955.2,955.147 1 0
github.com/ArubikU/polyloft-bvm/internal/runtime/ui_module.go:955.147,957.10 2 0
github.com/ArubikU/polyloft-bvm/internal/runtime/ui_module.go:957.10,959.4 1 0
github.com/ArubikU/polyloft-bvm/internal/runtime/ui_module.go:960.3,960.29 1 0
github.com/ArubikU/polyloft-bvm/internal/runtime/ui_module.go:960.29,962.4 1 0
github.com/ArubikU/polyloft-bvm/internal/runtime/ui_module.go:963.3,963.27 1 0
github.com/ArubikU/polyloft-bvm/internal/runtime/ui_module.go:963.27,965.4 1 0
github.com/ArubikU/polyloft-bvm/internal/runtime/ui_module.go:966.3,967.17 2 0
github.com/ArubikU/polyloft-bvm/internal/runtime/ui_module.go:967.17,969.4 1 0
github.com/ArubikU/polyloft-bvm/internal/runtime/ui_module.go:970.3,971.21 2 0
github.com/ArubikU/polyloft-bvm/internal/runtime/ui_module.go:974.2,974.153 1 0
github.com/ArubikU/polyloft-bvm/internal/runtime/ui_module.go:974.153,976.10 2 0
github.com/ArubikU/polyloft-bvm/internal/runtime/ui_module.go:976.10,978.4 1 0
github.com/ArubikU/polyloft-bvm/internal/runtime/ui_module.go:979.3,979.29 1 0
github.com/ArubikU/polyloft-bvm/internal/runtime/ui_module.go:979.29,981.4 1 0
github.com/ArubikU/polyloft-bvm/internal/runtime/ui_module.go:982.3,983.39 2 0
github.com/ArubikU/polyloft-bvm/internal/runtime/ui_module.go:983.39,986.4 2 0
github.com/ArubikU/polyloft-bvm/internal/runtime/ui_module.go:987.3,987.27 1 0
github.com/ArubikU/polyloft-bvm/internal/runtime/ui_module.go:987.27,990.4 2 0
github.com/ArubikU/polyloft-bvm/internal/runtime/ui_module.go:991.3,993.13 3 0
github.com/ArubikU/polyloft-bvm/internal/runtime/ui_module.go:993.13,995.18 2 0
github.com/ArubikU/polyloft-bvm/internal/runtime/ui_module.go:995.18,999.5 3 0
github.com/ArubikU/polyloft-bvm/internal/runtime/ui_module.go:1000.4,1001.42 2 0
github.com/ArubikU/polyloft-bvm/internal/runtime/ui_module.go:1003.3,1003.40 1 0
github.com/ArubikU/polyloft-bvm/internal/runtime/ui_module.go:1006.2,1006.152 1 0
github.com/ArubikU/polyloft-bvm/internal/runtime/ui_module.go:1006.152,1008.10 2 0
github.com/ArubikU/polyloft-bvm/internal/runtime/ui_module.go:1008.10,1010.4 1 0
github.com/ArubikU/polyloft-bvm/internal/runtime/ui_module.go:1011.3,1012.17 2 0
github.com/ArubikU/polyloft-bvm/internal/runtime/ui_module.go:1012.17,1014.4 1 0
github.com/ArubikU/polyloft-bvm/internal/runtime/ui_module.go:1015.3,1015.33 1 0
github.com/ArubikU/polyloft-bvm/internal/runtime/ui_module.go:1018.2,1018.137 1 0
github.com/ArubikU/polyloft-bvm/internal/runtime/ui_module.go:1018.137,1020.10 2 0
github.com/ArubikU/polyloft-bvm/internal/runtime/ui_module.go:1020.10,1022.4 1 0
github.com/ArubikU/polyloft-bvm/internal/runtime/ui_module.go:1023.3,1023.59 1 0
github.com/ArubikU/polyloft-bvm/internal/runtime/ui_module.go:1026.2,1026.141 1 0
github.com/ArubikU/polyloft-bvm/internal/runtime/ui_module.go:1026.141,1028.10 2 0
github.com/ArubikU/polyloft-bvm/internal/runtime/ui_module.go:1028.10,1030.4 1 0
github.com/ArubikU/polyloft-bvm/internal/runtime/ui_module.go:1031.3,1031.73 1 0
github.com/ArubikU/polyloft-bvm/internal/runtime/ui_module.go:1034.2,1034.148 1 0
github.com/ArubikU/polyloft-bvm/internal/runtime/ui_module.go:1034.148,1036.10 2 0
github.com/ArubikU/polyloft-bvm/internal/runtime/ui_module.go:1036.10,1038.4 1 0
github.com/ArubikU/polyloft-bvm/internal/runtime/ui_module.go:1039.3,1040.39 2 0
github.com/ArubikU/polyloft-bvm/internal/runtime/ui_module.go:1043.2,1043.129 1 0
github.com/ArubikU/polyloft-bvm/internal/runtime/ui_module.go:1043.129,1045.10 2 0
github.com/ArubikU/polyloft-bvm/internal/runtime/ui_module.go:1045.10,1047.4 1 0
github.com/ArubikU/polyloft-bvm/internal/runtime/ui_module.go:1048.3,1048.48 1 0
github.com/ArubikU/polyloft-bvm/internal/runtime/ui_module.go:1051.2,1051.132 1 0
github.com/ArubikU/polyloft-bvm/internal/runtime/ui_module.go:1051.132,1053.10 2 0
github.com/ArubikU/polyloft-bvm/internal/runtime/ui_module.go:1053.10,1055.4 1 0
github.com/ArubikU/polyloft-bvm/internal/runtime/ui_module.go:1056.3,1056.53 1 0
github.com/ArubikU/polyloft-bvm/internal/runtime/ui_module.go:1059.2,1059.123 1 0
github.com/ArubikU/polyloft-bvm/internal/runtime/ui_module.go:1059.123,1061.3 1 0
github.com/ArubikU/polyloft-bvm/internal/runtime/ui_module.go:1063.2,1063.147 1 0
github.com/ArubikU/polyloft-bvm/internal/runtime/ui_module.go:1063.147,1065.10 2 0
github.com/ArubikU/polyloft-bvm/internal/runtime/ui_module.go:1065.10,1067.4 1 0
github.com/ArubikU/polyloft-bvm/internal/runtime/ui_module.go:1068.3,1069.31 2 0
github.com/ArubikU/polyloft-bvm/internal/runtime/ui_module.go:1072.2,1072.148 1 0
github.com/ArubikU/polyloft-bvm/internal/runtime/ui_module.go:1072.148,1074.10 2 0
github.com/ArubikU/polyloft-bvm/internal/runtime/ui_module.go:1074.10,1076.4 1 0
github.com/ArubikU/polyloft-bvm/internal/runtime/ui_module.go:1077.3,1078.31 2 0
github.com/ArubikU/polyloft-bvm/internal/runtime/ui_module.go:1081.2,1081.136 1 0
github.com/ArubikU/polyloft-bvm/internal/runtime/ui_module.go:1081.136,1083.10 2 0
github.com/ArubikU/polyloft-bvm/internal/runtime/ui_module.go:1083.10,1085.4 1 0
github.com/ArubikU/polyloft-bvm/internal/runtime/ui_module.go:1086.3,1087.10 2 0
github.com/ArubikU/polyloft-bvm/internal/runtime/ui_module.go:1087.10,1089.4 1 0
github.com/ArubikU/polyloft-bvm/internal/runtime/ui_module.go:1090.3,1091.31 2 0
github.com/ArubikU/polyloft-bvm/internal/runtime/ui_module.go:1094.2,1094.152 1 0
github.com/ArubikU/polyloft-bvm/internal/runtime/ui_module.go:1094.152,1096.10 2 0
github.com/ArubikU/polyloft-bvm/internal/runtime/ui_module.go:1096.10,1098.4 1 0
github.com/ArubikU/polyloft-bvm/internal/runtime/ui_module.go:1099.3,1100.18 2 0
github.com/ArubikU/polyloft-bvm/internal/runtime/ui_module.go:1100.18,1102.4 1 0
github.com/ArubikU/polyloft-bvm/internal/runtime/ui_module.go:1103.3,1114.40 5 0
github.com/ArubikU/polyloft-bvm/internal/runtime/ui_module.go:1117.2,1117.141 1 0
github.com/ArubikU/polyloft-bvm/internal/runtime/ui_module.go:1117.141,1119.10 2 0
github.com/ArubikU/polyloft-bvm/internal/runtime/ui_module.go:1119.10,1121.4 1 0
github.com/ArubikU/polyloft-bvm/internal/runtime/ui_module.go:1122.3,1123.18 2 0
github.com/ArubikU/polyloft-bvm/internal/runtime/ui_module.go:1123.18,1125.4 1 0
github.com/ArubikU/polyloft-bvm/internal/runtime/ui_module.go:1126.3,1127.46 2 0
github.com/ArubikU/polyloft-bvm/internal/runtime/ui_module.go:1127.46,1129.4 1 0
github.com/ArubikU/polyloft-bvm/internal/runtime/ui_module.go:1130.3,1130.36 1 0
github.com/ArubikU/polyloft-bvm/internal/runtime/ui_module.go:1133.2,1133.140 1 0
github.com/ArubikU/polyloft-bvm/internal/runtime/ui_module.go:1133.140,1135.10 2 0
github.com/ArubikU/polyloft-bvm/internal/runtime/ui_module.go:1135.10,1137.4 1 0
github.com/ArubikU/polyloft-bvm/internal/runtime/ui_module.go:1138.3,1139.17 2 0
github.com/ArubikU/polyloft-bvm/internal/runtime/ui_module.go:1139.17,1141.4 1 0
github.com/ArubikU/polyloft-bvm/internal/runtime/ui_module.go:1142.3,1142.24 1 0
github.com/ArubikU/polyloft-bvm/internal/runtime/ui_module.go:1142.24,1147.4 4 0
github.com/ArubikU/polyloft-bvm/internal/runtime/ui_module.go:1148.3,1148.36 1 0
github.com/ArubikU/polyloft-bvm/internal/runtime/ui_module.go:1151.2,1151.137 1 0
github.com/ArubikU/polyloft-bvm/internal/runtime/ui_module.go:1151.137,1153.10 2 0
github.com/ArubikU/polyloft-bvm/internal/runtime/ui_module.go:1153.10,1155.4 1 0
github.com/ArubikU/polyloft-bvm/internal/runtime/ui_module.go:1156.3,1157.10 2 0
github.com/ArubikU/polyloft-bvm/internal/runtime/ui_module.go:1157.10,1159.4 1 0
github.com/ArubikU/polyloft-bvm/internal/runtime/ui_module.go:1160.3,1161.55 2 0
github.com/ArubikU/polyloft-bvm/internal/runtime/ui_module.go:1161.55,1163.4 1 0
github.com/ArubikU/polyloft-bvm/internal/runtime/ui_module.go:1164.3,1164.31 1 0
github.com/ArubikU/polyloft-bvm/internal/runtime/ui_module.go:1167.2,1167.150 1 0
github.com/ArubikU/polyloft-bvm/internal/runtime/ui_module.go:1167.150,1169.10 2 0
github.com/ArubikU/polyloft-bvm/internal/runtime/ui_module.go:1169.10,1171.4 1 0
github.com/ArubikU/polyloft-bvm/internal/runtime/ui_module.go:1172.3,1173.36 2 0
github.com/ArubikU/polyloft-bvm/internal/runtime/ui_module.go:1176.2,1176.148 1 0
github.com/ArubikU/polyloft-bvm/internal/runtime/ui_module.go:1176.148,1178.10 2 0
github.com/ArubikU/polyloft-bvm/internal/runtime/ui_module.go:1178.10,1180.4 1 0
github.com/ArubikU/polyloft-bvm/internal/runtime/ui_module.go:1181.3,1183.10 3 0
github.com/ArubikU/polyloft-bvm/internal/runtime/ui_module.go:1183.10,1185.4 1 0
github.com/ArubikU/polyloft-bvm/internal/runtime/ui_module.go:1186.3,1186.73 1 0
github.com/ArubikU/polyloft-bvm/internal/runtime/ui_module.go:1186.73,1188.4 1 0
github.com/ArubikU/polyloft-bvm/internal/runtime/ui_module.go:1189.3,1189.36 1 0
github.com/ArubikU/polyloft-bvm/internal/runtime/ui_module.go:1192.2,1192.129 1 0
github.com/ArubikU/polyloft-bvm/internal/runtime/ui_module.go:1192.129,1194.10 2 0
github.com/ArubikU/polyloft-bvm/internal/runtime/ui_module.go:1194.10,1196.4 1 0
github.com/ArubikU/polyloft-bvm/internal/runtime/ui_module.go:1197.3,1197.25 1 0
github.com/ArubikU/polyloft-bvm/internal/runtime/ui_module.go:1197.25,1199.4 1 0
github.com/ArubikU/polyloft-bvm/internal/runtime/ui_module.go:1200.3,1207.17 3 0
github.com/ArubikU/polyloft-bvm/internal/runtime/ui_module.go:1207.17,1209.4 1 0
github.com/ArubikU/polyloft-bvm/internal/runtime/ui_module.go:1210.3,1210.43 1 0
github.com/ArubikU/polyloft-bvm/internal/runtime/ui_module.go:1213.2,1213.133 1 0
github.com/ArubikU/polyloft-bvm/internal/runtime/ui_module.go:1213.133,1215.10 2 0
github.com/ArubikU/polyloft-bvm/internal/runtime/ui_module.go:1215.10,1217.4 1 0
github.com/ArubikU/polyloft-bvm/internal/runtime/ui_module.go:1218.3,1218.25 1 0
github.com/ArubikU/polyloft-bvm/internal/runtime/ui_module.go:1218.25,1220.4 1 0
github.com/ArubikU/polyloft-bvm/internal/runtime/ui_module.go:1221.3,1223.17 3 0
github.com/ArubikU/polyloft-bvm/internal/runtime/ui_module.go:1223.17,1225.4 1 0
github.com/ArubikU/polyloft-bvm/internal/runtime/ui_module.go:1226.3,1226.43 1 0
github.com/ArubikU/polyloft-bvm/internal/runtime/ui_module.go:1229.2,1229.137 1 0
github.com/ArubikU/polyloft-bvm/internal/runtime/ui_module.go:1229.137,1231.10 2 0
github.com/ArubikU/polyloft-bvm/internal/runtime/ui_module.go:1231.10,1233.4 1 0
github.com/ArubikU/polyloft-bvm/internal/runtime/ui_module.go:1234.3,1235.10 2 0
github.com/ArubikU/polyloft-bvm/internal/runtime/ui_module.go:1235.10,1237.4 1 0
github.com/ArubikU/polyloft-bvm/internal/runtime/ui_module.go:1238.3,1243.55 6 0
github.com/ArubikU/polyloft-bvm/internal/runtime/ui_module.go:1243.55,1245.4 1 0
github.com/ArubikU/polyloft-bvm/internal/runtime/ui_module.go:1246.3,1251.61 2 0
github.com/ArubikU/polyloft-bvm/internal/runtime/ui_module.go:1254.2,1254.137 1 0
github.com/ArubikU/polyloft-bvm/internal/runtime/ui_module.go:1254.137,1256.10 2 0
github.com/ArubikU/polyloft-bvm/internal/runtime/ui_module.go:1256.10,1258.4 1 0
github.com/ArubikU/polyloft-bvm/internal/runtime/ui_module.go:1259.3,1259.33 1 0
github.com/ArubikU/polyloft-bvm/internal/runtime/ui_module.go:1259.33,1261.4 1 0
github.com/ArubikU/polyloft-bvm/internal/runtime/ui_module.go:1262.3,1263.17 2 0
github.com/ArubikU/polyloft-bvm/internal/runtime/ui_module.go:1263.17,1265.4 1 0
github.com/ArubikU/polyloft-bvm/internal/runtime/ui_module.go:1266.3,1266.43 1 0
github.com/ArubikU/polyloft-bvm/internal/runtime/ui_module.go:1269.2,1269.142 1 0
github.com/ArubikU/polyloft-bvm/internal/runtime/ui_module.go:1269.142,1271.10 2 0
github.com/ArubikU/polyloft-bvm/internal/runtime/ui_module.go:1271.10,1273.4 1 0
github.com/ArubikU/polyloft-bvm/internal/runtime/ui_module.go:1274.3,1274.30 1 0
github.com/ArubikU/polyloft-bvm/internal/runtime/ui_module.go:1274.30,1276.4 1 0
github.com/ArubikU/polyloft-bvm/internal/runtime/ui_module.go:1277.3,1278.17 2 0
github.com/ArubikU/polyloft-bvm/internal/runtime/ui_module.go:1278.17,1280.4 1 0
github.com/ArubikU/polyloft-bvm/internal/runtime/ui_module.go:1281.3,1281.43 1 0
github.com/ArubikU/polyloft-bvm/internal/runtime/ui_module.go:1284.2,1284.124 1 0
github.com/ArubikU/polyloft-bvm/internal/runtime/ui_module.go:1284.124,1286.10 2 0
github.com/ArubikU/polyloft-bvm/internal/runtime/ui_module.go:1286.10,1288.4 1 0
github.com/ArubikU/polyloft-bvm/internal/runtime/ui_module.go:1289.3,1289.24 1 0
github.com/ArubikU/polyloft-bvm/internal/runtime/ui_module.go:1289.24,1291.4 1 0
github.com/ArubikU/polyloft-bvm/internal/runtime/ui_module.go:1292.3,1292.42 1 0
github.com/ArubikU/polyloft-bvm/internal/runtime/ui_module.go:1292.42,1294.4 1 0
github.com/ArubikU/polyloft-bvm/internal/runtime/ui_module.go:1295.3,1296.36 2 0
github.com/ArubikU/polyloft-bvm/internal/runtime/ui_module.go:1299.2,1299.137 1 0
github.com/ArubikU/polyloft-bvm/internal/runtime/ui_module.go:1299.137,1301.10 2 0
github.com/ArubikU/polyloft-bvm/internal/runtime/ui_module.go:1301.10,1303.4 1 0
github.com/ArubikU/polyloft-bvm/internal/runtime/ui_module.go:1304.3,1305.59 2 0
github.com/ArubikU/polyloft-bvm/internal/runtime/ui_module.go:1305.59,1307.4 1 0
github.com/ArubikU/polyloft-bvm/internal/runtime/ui_module.go:1308.3,1308.36 1 0
github.com/ArubikU/polyloft-bvm/internal/runtime/ui_module.go:1311.2,1311.120 1 0
github.com/ArubikU/polyloft-bvm/internal/runtime/ui_module.go:1311.120,1313.10 2 0
github.com/ArubikU/polyloft-bvm/internal/runtime/ui_module.go:1313.10,1315.4 1 0
github.com/ArubikU/polyloft-bvm/internal/runtime/ui_module.go:1316.3,1316.32 1 0
github.com/ArubikU/polyloft-bvm/internal/runtime/ui_module.go:1316.32,1319.4 2 0
github.com/ArubikU/polyloft-bvm/internal/runtime/ui_module.go:1321.3,1324.34 4 0
github.com/ArubikU/polyloft-bvm/internal/runtime/ui_module.go:1324.34,1325.23 1 0
github.com/ArubikU/polyloft-bvm/internal/runtime/ui_module.go:1325.23,1326.13 1 0
github.com/ArubikU/polyloft-bvm/internal/runtime/ui_module.go:1328.4,1329.27 2 0
github.com/ArubikU/polyloft-bvm/internal/runtime/ui_module.go:1329.27,1331.50 2 0
github.com/ArubikU/polyloft-bvm/internal/runtime/ui_module.go:1331.50,1333.6 1 0
github.com/ArubikU/polyloft-bvm/internal/runtime/ui_module.go:1336.3,1337.31 2 0
github.com/ArubikU/polyloft-bvm/internal/runtime/ui_module.go:1342.2,1342.119 1 0
github.com/ArubikU/polyloft-bvm/internal/runtime/ui_module.go:1342.119,1344.3 1 0
github.com/ArubikU/polyloft-bvm/internal/runtime/ui_module.go:1346.2,1346.140 1 0
github.com/ArubikU/polyloft-bvm/internal/runtime/ui_module.go:1346.140,1348.10 2 0
github.com/ArubikU/polyloft-bvm/internal/runtime/ui_module.go:1348.10,1350.4 1 0
github.com/ArubikU/polyloft-bvm/internal/runtime/ui_module.go:1351.3,1352.39 2 0
github.com/ArubikU/polyloft-bvm/internal/runtime/ui_module.go:1355.2,1355.144 1 0
github.com/ArubikU/polyloft-bvm/internal/runtime/ui_module.go:1355.144,1357.10 2 0
github.com/ArubikU/polyloft-bvm/internal/runtime/ui_module.go:1357.10,1359.4 1 0
github.com/ArubikU/polyloft-bvm/internal/runtime/ui_module.go:1360.3,1361.17 2 0
github.com/ArubikU/polyloft-bvm/internal/runtime/ui_module.go:1361.17,1363.4 1 0
github.com/ArubikU/polyloft-bvm/internal/runtime/ui_module.go:1364.3,1364.39 1 0
github.com/ArubikU/polyloft-bvm/internal/runtime/ui_module.go:1367.2,1367.163 1 0
github.com/ArubikU/polyloft-bvm/internal/runtime/ui_module.go:1367.163,1369.10 2 0
github.com/ArubikU/polyloft-bvm/internal/runtime/ui_module.go:1369.10,1371.4 1 0
github.com/ArubikU/polyloft-bvm/internal/runtime/ui_module.go:1372.3,1373.31 2 0
github.com/ArubikU/polyloft-bvm/internal/runtime/ui_module.go:1376.2,1376.153 1 0
github.com/ArubikU/polyloft-bvm/internal/runtime/ui_module.go:1376.153,1378.10 2 0
github.com/ArubikU/polyloft-bvm/internal/runtime/ui_module.go:1378.10,1380.4 1 0
github.com/ArubikU/polyloft-bvm/internal/runtime/ui_module.go:1381.3,1382.35 2 0
github.com/ArubikU/polyloft-bvm/internal/runtime/ui_module.go:1385.2,1385.143 1 0
github.com/ArubikU/polyloft-bvm/internal/runtime/ui_module.go:1385.143,1387.10 2 0
github.com/ArubikU/polyloft-bvm/internal/runtime/ui_module.go:1387.10,1389.4 1 0
github.com/ArubikU/polyloft-bvm/internal/runtime/ui_module.go:1390.3,1391.10 2 0
github.com/ArubikU/polyloft-bvm/internal/runtime/ui_module.go:1391.10,1393.4 1 0
github.com/ArubikU/polyloft-bvm/internal/runtime/ui_module.go:1394.3,1397.45 4 0
github.com/ArubikU/polyloft-bvm/internal/runtime/ui_module.go:1397.45,1399.4 1 0
github.com/ArubikU/polyloft-bvm/internal/runtime/ui_module.go:1400.3,1400.31 1 0
github.com/ArubikU/polyloft-bvm/internal/runtime/ui_module.go:1405.2,1405.121 1 0
github.com/ArubikU/polyloft-bvm/internal/runtime/ui_module.go:1405.121,1407.10 2 0
github.com/ArubikU/polyloft-bvm/internal/runtime/ui_module.go:1407.10,1409.4 1 0
github.com/ArubikU/polyloft-bvm/internal/runtime/ui_module.go:1410.3,1411.31 2 0
github.com/ArubikU/polyloft-bvm/internal/runtime/ui_module.go:1414.2,1414.125 1 0
github.com/ArubikU/polyloft-bvm/internal/runtime/ui_module.go:1414.125,1416.10 2 0
github.com/ArubikU/polyloft-bvm/internal/runtime/ui_module.go:1416.10,1418.4 1 0
github.com/ArubikU/polyloft-bvm/internal/runtime/ui_module.go:1419.3,1421.36 3 0
github.com/ArubikU/polyloft-bvm/internal/runtime/ui_module.go:1424.2,1424.142 1 0
github.com/ArubikU/polyloft-bvm/internal/runtime/ui_module.go:1424.142,1426.10 2 0
github.com/ArubikU/polyloft-bvm/internal/runtime/ui_module.go:1426.10,1428.4 1 0
github.com/ArubikU/polyloft-bvm/internal/runtime/ui_module.go:1429.3,1431.36 2 0
github.com/ArubikU/polyloft-bvm/internal/runtime/ui_module.go:1434.2,1434.134 1 0
github.com/ArubikU/polyloft-bvm/internal/runtime/ui_module.go:1434.134,1436.10 2 0
github.com/ArubikU/polyloft-bvm/internal/runtime/ui_module.go:1436.10,1438.4 1 0
github.com/ArubikU/polyloft-bvm/internal/runtime/ui_module.go:1439.3,1440.23 2 0
github.com/ArubikU/polyloft-bvm/internal/runtime/ui_module.go:1441.19,1442.31 1 0
github.com/ArubikU/polyloft-bvm/internal/runtime/ui_module.go:1443.21,1445.30 2 0
github.com/ArubikU/polyloft-bvm/internal/runtime/ui_module.go:1445.30,1448.5 2 0
github.com/ArubikU/polyloft-bvm/internal/runtime/ui_module.go:1449.4,1451.43 3 0
github.com/ArubikU/polyloft-bvm/internal/runtime/ui_module.go:1452.11,1454.88 2 0
github.com/ArubikU/polyloft-bvm/internal/runtime/ui_module.go:1456.3,1458.55 3 0
github.com/ArubikU/polyloft-bvm/internal/runtime/ui_module.go:1458.55,1460.4 1 0
github.com/ArubikU/polyloft-bvm/internal/runtime/ui_module.go:1461.3,1461.36 1 0
github.com/ArubikU/polyloft-bvm/internal/runtime/ui_module.go:1464.2,1464.142 1 0
github.com/ArubikU/polyloft-bvm/internal/runtime/ui_module.go:1464.142,1466.10 2 0
github.com/ArubikU/polyloft-bvm/internal/runtime/ui_module.go:1466.10,1468.4 1 0
github.com/ArubikU/polyloft-bvm/internal/runtime/ui_module.go:1469.3,1470.29 2 0
github.com/ArubikU/polyloft-bvm/internal/runtime/ui_module.go:1470.29,1472.4 1 0
github.com/ArubikU/polyloft-bvm/internal/runtime/ui_module.go:1473.3,1480.55 7 0
github.com/ArubikU/polyloft-bvm/internal/runtime/ui_module.go:1480.55,1482.4 1 0
github.com/ArubikU/polyloft-bvm/internal/runtime/ui_module.go:1483.3,1483.36 1 0
github.com/ArubikU/polyloft-bvm/internal/runtime/ui_module.go:1486.2,1486.139 1 0
github.com/ArubikU/polyloft-bvm/internal/runtime/ui_module.go:1486.139,1488.10 2 0
github.com/ArubikU/polyloft-bvm/internal/runtime/ui_module.go:1488.10,1490.4 1 0
github.com/ArubikU/polyloft-bvm/internal/runtime/ui_module.go:1491.3,1492.31 2 0
github.com/ArubikU/polyloft-bvm/internal/runtime/ui_module.go:1495.2,1495.139 1 0
github.com/ArubikU/polyloft-bvm/internal/runtime/ui_module.go:1495.139,1497.10 2 0
github.com/ArubikU/polyloft-bvm/internal/runtime/ui_module.go:1497.10,1499.4 1 0
github.com/ArubikU/polyloft-bvm/internal/runtime/ui_module.go:1500.3,1501.48 2 0
github.com/ArubikU/polyloft-bvm/internal/runtime/ui_module.go:1501.48,1503.17 2 0
github.com/ArubikU/polyloft-bvm/internal/runtime/ui_module.go:1503.17,1506.5 2 0
github.com/ArubikU/polyloft-bvm/internal/runtime/ui_module.go:1508.3,1509.31 2 0
github.com/ArubikU/polyloft-bvm/internal/runtime/ui_module.go:1512.2,1512.24 1 0
github.com/ArubikU/polyloft-bvm/internal/sema/checker.go:36.68,38.42 2 0
github.com/ArubikU/polyloft-bvm/internal/sema/checker.go:38.42,39.30 1 0
github.com/ArubikU/polyloft-bvm/internal/sema/checker.go:40.27,41.51 1 0
github.com/ArubikU/polyloft-bvm/internal/sema/checker.go:42.27,43.51 1 0
github.com/ArubikU/polyloft-bvm/internal/sema/checker.go:44.23,45.44 1 0
github.com/ArubikU/polyloft-bvm/internal/sema/checker.go:48.2,49.42 2 0
github.com/ArubikU/polyloft-bvm/internal/sema/checker.go:49.42,50.49 1 0
github.com/ArubikU/polyloft-bvm/internal/sema/checker.go:50.49,52.4 1 0
github.com/ArubikU/polyloft-bvm/internal/sema/checker.go:54.2,54.42 1 0
github.com/ArubikU/polyloft-bvm/internal/sema/checker.go:54.42,55.45 1 0
github.com/ArubikU/polyloft-bvm/internal/sema/checker.go:55.45,57.4 1 0
github.com/ArubikU/polyloft-bvm/internal/sema/checker.go:58.3,58.49 1 0
github.com/ArubikU/polyloft-bvm/internal/sema/checker.go:58.49,60.4 1 0
github.com/ArubikU/polyloft-bvm/internal/sema/checker.go:62.2,62.42 1 0
github.com/ArubikU/polyloft-bvm/internal/sema/checker.go:62.42,63.49 1 0
github.com/ArubikU/polyloft-bvm/internal/sema/checker.go:63.49,65.4 1 0
github.com/ArubikU/polyloft-bvm/internal/sema/checker.go:67.2,67.12 1 0
github.com/ArubikU/polyloft-bvm/internal/sema/checker.go:70.75,71.6 1 0
github.com/ArubikU/polyloft-bvm/internal/sema/checker.go:71.6,73.10 2 0
github.com/ArubikU/polyloft-bvm/internal/sema/checker.go:73.10,74.9 1 0
github.com/ArubikU/polyloft-bvm/internal/sema/checker.go:76.3,76.23 1 0
github.com/ArubikU/polyloft-bvm/internal/sema/checker.go:78.2,79.22 2 0
github.com/ArubikU/polyloft-bvm/internal/sema/checker.go:82.93,83.6 1 0
github.com/ArubikU/polyloft-bvm/internal/sema/checker.go:83.6,85.10 2 0
github.com/ArubikU/polyloft-bvm/internal/sema/checker.go:85.10,86.9 1 0
github.com/ArubikU/polyloft-bvm/internal/sema/checker.go:88.3,88.23 1 0
github.com/ArubikU/polyloft-bvm/internal/sema/checker.go:90.2,91.49 2 0
github.com/ArubikU/polyloft-bvm/internal/sema/checker.go:91.49,93.3 1 0
github.com/ArubikU/polyloft-bvm/internal/sema/checker.go:94.2,95.37 2 0
github.com/ArubikU/polyloft-bvm/internal/sema/checker.go:95.37,97.3 1 0
github.com/ArubikU/polyloft-bvm/internal/sema/checker.go:98.2,98.38 1 0
github.com/ArubikU/polyloft-bvm/internal/sema/checker.go:101.37,102.45 1 0
github.com/ArubikU/polyloft-bvm/internal/sema/checker.go:102.45,104.3 1 0
github.com/ArubikU/polyloft-bvm/internal/sema/checker.go:105.2,105.55 1 0
github.com/ArubikU/polyloft-bvm/internal/sema/checker.go:105.55,108.3 2 0
github.com/ArubikU/polyloft-bvm/internal/sema/checker.go:111.46,237.2 12 0
github.com/ArubikU/polyloft-bvm/internal/sema/checker.go:239.65,240.22 1 0
github.com/ArubikU/polyloft-bvm/internal/sema/checker.go:240.22,242.3 1 0
github.com/ArubikU/polyloft-bvm/internal/sema/checker.go:243.2,244.31 2 0
github.com/ArubikU/polyloft-bvm/internal/sema/checker.go:244.31,246.38 2 0
github.com/ArubikU/polyloft-bvm/internal/sema/checker.go:246.38,248.4 1 0
github.com/ArubikU/polyloft-bvm/internal/sema/checker.go:249.3,250.82 2 0
github.com/ArubikU/polyloft-bvm/internal/sema/checker.go:252.2,252.17 1 0
github.com/ArubikU/polyloft-bvm/internal/sema/checker.go:255.93,256.25 1 0
github.com/ArubikU/polyloft-bvm/internal/sema/checker.go:256.25,257.49 1 0
github.com/ArubikU/polyloft-bvm/internal/sema/checker.go:257.49,258.40 1 0
github.com/ArubikU/polyloft-bvm/internal/sema/checker.go:258.40,260.5 1 0
github.com/ArubikU/polyloft-bvm/internal/sema/checker.go:261.4,261.10 1 0
github.com/ArubikU/polyloft-bvm/internal/sema/checker.go:263.3,264.9 2 0
github.com/ArubikU/polyloft-bvm/internal/sema/checker.go:266.2,266.74 1 0
github.com/ArubikU/polyloft-bvm/internal/sema/checker.go:266.74,267.31 1 0
github.com/ArubikU/polyloft-bvm/internal/sema/checker.go:267.31,269.4 1 0
github.com/ArubikU/polyloft-bvm/internal/sema/checker.go:273.81,275.2 1 0
github.com/ArubikU/polyloft-bvm/internal/sema/checker.go:277.50,278.29 1 0
github.com/ArubikU/polyloft-bvm/internal/sema/checker.go:279.20,283.23 4 0
github.com/ArubikU/polyloft-bvm/internal/sema/checker.go:283.23,286.18 3 0
github.com/ArubikU/polyloft-bvm/internal/sema/checker.go:286.18,288.5 1 0
github.com/ArubikU/polyloft-bvm/internal/sema/checker.go:289.4,289.44 1 0
github.com/ArubikU/polyloft-bvm/internal/sema/checker.go:289.44,291.5 1 0
github.com/ArubikU/polyloft-bvm/internal/sema/checker.go:292.9,294.18 2 0
github.com/ArubikU/polyloft-bvm/internal/sema/checker.go:294.18,296.5 1 0
github.com/ArubikU/polyloft-bvm/internal/sema/checker.go:297.4,297.24 1 0
github.com/ArubikU/polyloft-bvm/internal/sema/checker.go:299.3,300.13 2 0
github.com/ArubikU/polyloft-bvm/internal/sema/checker.go:301.31,303.17 2 0
github.com/ArubikU/polyloft-bvm/internal/sema/checker.go:303.17,305.4 1 0
github.com/ArubikU/polyloft-bvm/internal/sema/checker.go:306.3,307.10 2 0
github.com/ArubikU/polyloft-bvm/internal/sema/checker.go:307.10,309.4 1 0
github.com/ArubikU/polyloft-bvm/internal/sema/checker.go:310.3,310.39 1 0
github.com/ArubikU/polyloft-bvm/internal/sema/checker.go:310.39,312.4 1 0
github.com/ArubikU/polyloft-bvm/internal/sema/checker.go:313.3,313.13 1 0
github.com/ArubikU/polyloft-bvm/internal/sema/checker.go:314.23,316.10 2 0
github.com/ArubikU/polyloft-bvm/internal/sema/checker.go:316.10,318.4 1 0
github.com/ArubikU/polyloft-bvm/internal/sema/checker.go:319.3,319.22 1 0
github.com/ArubikU/polyloft-bvm/internal/sema/checker.go:319.22,321.4 1 0
github.com/ArubikU/polyloft-bvm/internal/sema/checker.go:322.3,323.17 2 0
github.com/ArubikU/polyloft-bvm/internal/sema/checker.go:323.17,325.4 1 0
github.com/ArubikU/polyloft-bvm/internal/sema/checker.go:326.3,326.67 1 0
github.com/ArubikU/polyloft-bvm/internal/sema/checker.go:326.67,328.4 1 0
github.com/ArubikU/polyloft-bvm/internal/sema/checker.go:329.3,329.13 1 0
github.com/ArubikU/polyloft-bvm/internal/sema/checker.go:330.20,332.17 2 0
github.com/ArubikU/polyloft-bvm/internal/sema/checker.go:332.17,334.4 1 0
github.com/ArubikU/polyloft-bvm/internal/sema/checker.go:335.3,336.36 2 0
github.com/ArubikU/polyloft-bvm/internal/sema/checker.go:336.36,338.4 1 0
github.com/ArubikU/polyloft-bvm/internal/sema/checker.go:339.3,339.118 1 0
github.com/ArubikU/polyloft-bvm/internal/sema/checker.go:339.118,341.4 1 0
github.com/ArubikU/polyloft-bvm/internal/sema/checker.go:342.3,343.17 2 0
github.com/ArubikU/polyloft-bvm/internal/sema/checker.go:343.17,345.4 1 0
github.com/ArubikU/polyloft-bvm/internal/sema/checker.go:346.3,346.62 1 0
github.com/ArubikU/polyloft-bvm/internal/sema/checker.go:346.62,348.4 1 0
github.com/ArubikU/polyloft-bvm/internal/sema/checker.go:349.3,349.13 1 0
github.com/ArubikU/polyloft-bvm/internal/sema/checker.go:350.25,352.17 2 0
github.com/ArubikU/polyloft-bvm/internal/sema/checker.go:352.17,354.4 1 0
github.com/ArubikU/polyloft-bvm/internal/sema/checker.go:355.3,355.41 1 0
github.com/ArubikU/polyloft-bvm/internal/sema/checker.go:355.41,357.4 1 0
github.com/ArubikU/polyloft-bvm/internal/sema/checker.go:358.3,359.17 2 0
github.com/ArubikU/polyloft-bvm/internal/sema/checker.go:359.17,361.4 1 0
github.com/ArubikU/polyloft-bvm/internal/sema/checker.go:362.3,363.43 2 0
github.com/ArubikU/polyloft-bvm/internal/sema/checker.go:363.43,365.4 1 0
github.com/ArubikU/polyloft-bvm/internal/sema/checker.go:366.3,368.17 3 0
github.com/ArubikU/polyloft-bvm/internal/sema/checker.go:368.17,370.4 1 0
github.com/ArubikU/polyloft-bvm/internal/sema/checker.go:371.3,371.48 1 0
github.com/ArubikU/polyloft-bvm/internal/sema/checker.go:371.48,373.4 1 0
github.com/ArubikU/polyloft-bvm/internal/sema/checker.go:374.3,374.13 1 0
github.com/ArubikU/polyloft-bvm/internal/sema/checker.go:375.21,377.13 2 0
github.com/ArubikU/polyloft-bvm/internal/sema/checker.go:378.19,379.84 1 0
github.com/ArubikU/polyloft-bvm/internal/sema/checker.go:379.84,380.57 1 0
github.com/ArubikU/polyloft-bvm/internal/sema/checker.go:380.57,382.5 1 0
github.com/ArubikU/polyloft-bvm/internal/sema/checker.go:383.4,387.18 5 0
github.com/ArubikU/polyloft-bvm/internal/sema/checker.go:387.18,390.5 2 0
github.com/ArubikU/polyloft-bvm/internal/sema/checker.go:391.4,391.85 1 0
github.com/ArubikU/polyloft-bvm/internal/sema/checker.go:391.85,394.5 2 0
github.com/ArubikU/polyloft-bvm/internal/sema/checker.go:395.4,395.50 1 0
github.com/ArubikU/polyloft-bvm/internal/sema/checker.go:395.50,398.5 2 0
github.com/ArubikU/polyloft-bvm/internal/sema/checker.go:399.4,400.24 2 0
github.com/ArubikU/polyloft-bvm/internal/sema/checker.go:400.24,402.5 1 0
github.com/ArubikU/polyloft-bvm/internal/sema/checker.go:403.4,403.14 1 0
github.com/ArubikU/polyloft-bvm/internal/sema/checker.go:405.3,406.17 2 0
github.com/ArubikU/polyloft-bvm/internal/sema/checker.go:406.17,408.4 1 0
github.com/ArubikU/polyloft-bvm/internal/sema/checker.go:409.3,409.82 1 0
github.com/ArubikU/polyloft-bvm/internal/sema/checker.go:409.82,411.4 1 0
github.com/ArubikU/polyloft-bvm/internal/sema/checker.go:412.3,412.97 1 0
github.com/ArubikU/polyloft-bvm/internal/sema/checker.go:412.97,415.50 3 0
github.com/ArubikU/polyloft-bvm/internal/sema/checker.go:415.50,418.5 2 0
github.com/ArubikU/polyloft-bvm/internal/sema/checker.go:419.4,419.16 1 0
github.com/ArubikU/polyloft-bvm/internal/sema/checker.go:420.9,421.50 1 0
github.com/ArubikU/polyloft-bvm/internal/sema/checker.go:421.50,423.5 1 0
github.com/ArubikU/polyloft-bvm/internal/sema/checker.go:425.3,425.23 1 0
github.com/ArubikU/polyloft-bvm/internal/sema/checker.go:425.23,427.4 1 0
github.com/ArubikU/polyloft-bvm/internal/sema/checker.go:428.3,428.13 1 0
github.com/ArubikU/polyloft-bvm/internal/sema/checker.go:429.23,430.52 1 0
github.com/ArubikU/polyloft-bvm/internal/sema/checker.go:430.52,432.4 1 0
github.com/ArubikU/polyloft-bvm/internal/sema/checker.go:433.3,433.33 1 0
github.com/ArubikU/polyloft-bvm/internal/sema/checker.go:433.33,435.41 2 0
github.com/ArubikU/polyloft-bvm/internal/sema/checker.go:435.41,436.29 1 0
github.com/ArubikU/polyloft-bvm/internal/sema/checker.go:436.29,437.58 1 0
github.com/ArubikU/polyloft-bvm/internal/sema/checker.go:437.58,440.7 2 0
github.com/ArubikU/polyloft-bvm/internal/sema/checker.go:442.5,442.28 1 0
github.com/ArubikU/polyloft-bvm/internal/sema/checker.go:442.28,445.6 2 0
github.com/ArubikU/polyloft-bvm/internal/sema/checker.go:447.4,447.45 1 0
github.com/ArubikU/polyloft-bvm/internal/sema/checker.go:447.45,448.45 1 0
github.com/ArubikU/polyloft-bvm/internal/sema/checker.go:448.45,451.6 2 0
github.com/ArubikU/polyloft-bvm/internal/sema/checker.go:453.4,453.16 1 0
github.com/ArubikU/polyloft-bvm/internal/sema/checker.go:455.3,455.26 1 0
github.com/ArubikU/polyloft-bvm/internal/sema/checker.go:455.26,457.4 1 0
github.com/ArubikU/polyloft-bvm/internal/sema/checker.go:458.3,458.13 1 0
github.com/ArubikU/polyloft-bvm/internal/sema/checker.go:459.20,460.49 1 0
github.com/ArubikU/polyloft-bvm/internal/sema/checker.go:460.49,462.4 1 0
github.com/ArubikU/polyloft-bvm/internal/sema/checker.go:463.3,463.39 1 0
github.com/ArubikU/polyloft-bvm/internal/sema/checker.go:463.39,465.33 2 0
github.com/ArubikU/polyloft-bvm/internal/sema/checker.go:465.33,467.27 2 0
github.com/ArubikU/polyloft-bvm/internal/sema/checker.go:467.27,469.37 2 0
github.com/ArubikU/polyloft-bvm/internal/sema/checker.go:469.37,471.7 1 0
github.com/ArubikU/polyloft-bvm/internal/sema/checker.go:473.5,473.87 1 0
github.com/ArubikU/polyloft-bvm/internal/sema/checker.go:475.4,475.48 1 0
github.com/ArubikU/polyloft-bvm/internal/sema/checker.go:475.48,476.45 1 0
github.com/ArubikU/polyloft-bvm/internal/sema/checker.go:476.45,479.6 2 0
github.com/ArubikU/polyloft-bvm/internal/sema/checker.go:481.4,481.16 1 0
github.com/ArubikU/polyloft-bvm/internal/sema/checker.go:483.3,483.13 1 0
github.com/ArubikU/polyloft-bvm/internal/sema/checker.go:484.23,485.27 1 0
github.com/ArubikU/polyloft-bvm/internal/sema/checker.go:485.27,487.4 1 0
github.com/ArubikU/polyloft-bvm/internal/sema/checker.go:488.3,488.24 1 0
github.com/ArubikU/polyloft-bvm/internal/sema/checker.go:488.24,489.75 1 0
github.com/ArubikU/polyloft-bvm/internal/sema/checker.go:489.75,491.5 1 0
github.com/ArubikU/polyloft-bvm/internal/sema/checker.go:492.4,492.14 1 0
github.com/ArubikU/polyloft-bvm/internal/sema/checker.go:494.3,496.17 3 0
github.com/ArubikU/polyloft-bvm/internal/sema/checker.go:496.17,498.4 1 0
github.com/ArubikU/polyloft-bvm/internal/sema/checker.go:499.3,499.45 1 0
github.com/ArubikU/polyloft-bvm/internal/sema/checker.go:499.45,502.4 2 0
github.com/ArubikU/polyloft-bvm/internal/sema/checker.go:503.3,503.53 1 0
github.com/ArubikU/polyloft-bvm/internal/sema/checker.go:503.53,505.4 1 0
github.com/ArubikU/polyloft-bvm/internal/sema/checker.go:506.3,506.13 1 0
github.com/ArubikU/polyloft-bvm/internal/sema/checker.go:507.22,509.13 2 0
github.com/ArubikU/polyloft-bvm/internal/sema/checker.go:510.26,511.39 1 0
github.com/ArubikU/polyloft-bvm/internal/sema/checker.go:512.26,514.13 2 0
github.com/ArubikU/polyloft-bvm/internal/sema/checker.go:515.25,522.37 7 0
github.com/ArubikU/polyloft-bvm/internal/sema/checker.go:522.37,524.4 1 0
github.com/ArubikU/polyloft-bvm/internal/sema/checker.go:525.3,525.23 1 0
github.com/ArubikU/polyloft-bvm/internal/sema/checker.go:525.23,526.50 1 0
github.com/ArubikU/polyloft-bvm/internal/sema/checker.go:526.50,527.49 1 0
github.com/ArubikU/polyloft-bvm/internal/sema/checker.go:527.49,531.6 3 0
github.com/ArubikU/polyloft-bvm/internal/sema/checker.go:534.3,536.13 3 0
github.com/ArubikU/polyloft-bvm/internal/sema/checker.go:537.20,539.17 2 0
github.com/ArubikU/polyloft-bvm/internal/sema/checker.go:539.17,541.4 1 0
github.com/ArubikU/polyloft-bvm/internal/sema/checker.go:542.3,542.32 1 0
github.com/ArubikU/polyloft-bvm/internal/sema/checker.go:542.32,544.4 1 0
github.com/ArubikU/polyloft-bvm/internal/sema/checker.go:545.3,547.65 3 0
github.com/ArubikU/polyloft-bvm/internal/sema/checker.go:547.65,550.4 2 0
github.com/ArubikU/polyloft-bvm/internal/sema/checker.go:550.9,550.36 1 0
github.com/ArubikU/polyloft-bvm/internal/sema/checker.go:550.36,552.4 1 0
github.com/ArubikU/polyloft-bvm/internal/sema/checker.go:552.9,554.11 2 0
github.com/ArubikU/polyloft-bvm/internal/sema/checker.go:554.11,557.5 2 0
github.com/ArubikU/polyloft-bvm/internal/sema/checker.go:558.4,558.40 1 0
github.com/ArubikU/polyloft-bvm/internal/sema/checker.go:558.40,560.5 1 0
github.com/ArubikU/polyloft-bvm/internal/sema/checker.go:562.3,563.28 2 0
github.com/ArubikU/polyloft-bvm/internal/sema/checker.go:563.28,564.85 1 0
github.com/ArubikU/polyloft-bvm/internal/sema/checker.go:564.85,565.58 1 0
github.com/ArubikU/polyloft-bvm/internal/sema/checker.go:565.58,568.6 2 0
github.com/ArubikU/polyloft-bvm/internal/sema/checker.go:569.5,574.19 6 0
github.com/ArubikU/polyloft-bvm/internal/sema/checker.go:574.19,578.6 3 0
github.com/ArubikU/polyloft-bvm/internal/sema/checker.go:579.5,579.86 1 0
github.com/ArubikU/polyloft-bvm/internal/sema/checker.go:579.86,583.6 3 0
github.com/ArubikU/polyloft-bvm/internal/sema/checker.go:584.10,584.105 1 0
github.com/ArubikU/polyloft-bvm/internal/sema/checker.go:584.105,585.58 1 0
github.com/ArubikU/polyloft-bvm/internal/sema/checker.go:585.58,588.6 2 0
github.com/ArubikU/polyloft-bvm/internal/sema/checker.go:589.5,592.89 4 0
github.com/ArubikU/polyloft-bvm/internal/sema/checker.go:593.10,595.19 2 0
github.com/ArubikU/polyloft-bvm/internal/sema/checker.go:595.19,598.6 2 0
github.com/ArubikU/polyloft-bvm/internal/sema/checker.go:599.5,599.84 1 0
github.com/ArubikU/polyloft-bvm/internal/sema/checker.go:599.84,602.6 2 0
github.com/ArubikU/polyloft-bvm/internal/sema/checker.go:605.3,606.49 2 0
github.com/ArubikU/polyloft-bvm/internal/sema/checker.go:606.49,607.48 1 0
github.com/ArubikU/polyloft-bvm/internal/sema/checker.go:607.48,609.27 2 0
github.com/ArubikU/polyloft-bvm/internal/sema/checker.go:609.27,611.6 1 0
github.com/ArubikU/polyloft-bvm/internal/sema/checker.go:612.5,613.15 2 0
github.com/ArubikU/polyloft-bvm/internal/sema/checker.go:616.3,617.25 2 0
github.com/ArubikU/polyloft-bvm/internal/sema/checker.go:617.25,619.4 1 0
github.com/ArubikU/polyloft-bvm/internal/sema/checker.go:620.3,621.13 2 0
github.com/ArubikU/polyloft-bvm/internal/sema/checker.go:622.21,623.28 1 0
github.com/ArubikU/polyloft-bvm/internal/sema/checker.go:623.28,625.18 2 0
github.com/ArubikU/polyloft-bvm/internal/sema/checker.go:625.18,627.5 1 0
github.com/ArubikU/polyloft-bvm/internal/sema/checker.go:628.4,628.83 1 0
github.com/ArubikU/polyloft-bvm/internal/sema/checker.go:628.83,630.5 1 0
github.com/ArubikU/polyloft-bvm/internal/sema/checker.go:632.3,635.13 4 0
github.com/ArubikU/polyloft-bvm/internal/sema/checker.go:636.22,637.24 1 0
github.com/ArubikU/polyloft-bvm/internal/sema/checker.go:637.24,639.4 1 0
github.com/ArubikU/polyloft-bvm/internal/sema/checker.go:640.3,640.13 1 0
github.com/ArubikU/polyloft-bvm/internal/sema/checker.go:641.25,642.24 1 0
github.com/ArubikU/polyloft-bvm/internal/sema/checker.go:642.24,644.4 1 0
github.com/ArubikU/polyloft-bvm/internal/sema/checker.go:645.3,645.13 1 0
github.com/ArubikU/polyloft-bvm/internal/sema/checker.go:646.22,647.28 1 0
github.com/ArubikU/polyloft-bvm/internal/sema/checker.go:648.22,649.51 1 0
github.com/ArubikU/polyloft-bvm/internal/sema/checker.go:649.51,651.4 1 0
github.com/ArubikU/polyloft-bvm/internal/sema/checker.go:652.3,654.36 3 0
github.com/ArubikU/polyloft-bvm/internal/sema/checker.go:654.36,656.4 1 0
github.com/ArubikU/polyloft-bvm/internal/sema/checker.go:657.3,657.77 1 0
github.com/ArubikU/polyloft-bvm/internal/sema/checker.go:657.77,659.4 1 0
github.com/ArubikU/polyloft-bvm/internal/sema/checker.go:660.3,662.39 3 0
github.com/ArubikU/polyloft-bvm/internal/sema/checker.go:662.39,667.25 5 0
github.com/ArubikU/polyloft-bvm/internal/sema/checker.go:667.25,668.108 1 0
github.com/ArubikU/polyloft-bvm/internal/sema/checker.go:668.108,671.6 2 0
github.com/ArubikU/polyloft-bvm/internal/sema/checker.go:672.5,673.13 2 0
github.com/ArubikU/polyloft-bvm/internal/sema/checker.go:675.4,679.22 5 0
github.com/ArubikU/polyloft-bvm/internal/sema/checker.go:679.22,681.5 1 0
github.com/ArubikU/polyloft-bvm/internal/sema/checker.go:682.4,682.40 1 0
github.com/ArubikU/polyloft-bvm/internal/sema/checker.go:682.40,684.5 1 0
github.com/ArubikU/polyloft-bvm/internal/sema/checker.go:685.4,685.26 1 0
github.com/ArubikU/polyloft-bvm/internal/sema/checker.go:685.26,686.49 1 0
github.com/ArubikU/polyloft-bvm/internal/sema/checker.go:686.49,687.46 1 0
github.com/ArubikU/polyloft-bvm/internal/sema/checker.go:687.46,691.7 3 0
github.com/ArubikU/polyloft-bvm/internal/sema/checker.go:694.4,694.107 1 0
github.com/ArubikU/polyloft-bvm/internal/sema/checker.go:694.107,699.5 4 0
github.com/ArubikU/polyloft-bvm/internal/sema/checker.go:700.4,700.29 1 0
github.com/ArubikU/polyloft-bvm/internal/sema/checker.go:700.29,701.22 1 0
github.com/ArubikU/polyloft-bvm/internal/sema/checker.go:701.22,702.99 1 0
github.com/ArubikU/polyloft-bvm/internal/sema/checker.go:702.99,704.7 1 0
github.com/ArubikU/polyloft-bvm/internal/sema/checker.go:705.6,705.58 1 0
github.com/ArubikU/polyloft-bvm/internal/sema/checker.go:706.11,707.98 1 0
github.com/ArubikU/polyloft-bvm/internal/sema/checker.go:707.98,709.7 1 0
github.com/ArubikU/polyloft-bvm/internal/sema/checker.go:710.6,710.57 1 0
github.com/ArubikU/polyloft-bvm/internal/sema/checker.go:713.4,715.32 3 0
github.com/ArubikU/polyloft-bvm/internal/sema/checker.go:717.3,718.13 2 0
github.com/ArubikU/polyloft-bvm/internal/sema/checker.go:719.10,720.13 1 0
github.com/ArubikU/polyloft-bvm/internal/sema/checker.go:724.94,725.57 1 0
github.com/ArubikU/polyloft-bvm/internal/sema/checker.go:725.57,727.3 1 0
github.com/ArubikU/polyloft-bvm/internal/sema/checker.go:728.2,728.23 1 0
github.com/ArubikU/polyloft-bvm/internal/sema/checker.go:729.23,730.80 1 0
github.com/ArubikU/polyloft-bvm/internal/sema/checker.go:730.80,732.4 1 0
github.com/ArubikU/polyloft-bvm/internal/sema/checker.go:733.3,733.74 1 0
github.com/ArubikU/polyloft-bvm/internal/sema/checker.go:733.74,735.4 1 0
github.com/ArubikU/polyloft-bvm/internal/sema/checker.go:736.3,736.86 1 0
github.com/ArubikU/polyloft-bvm/internal/sema/checker.go:736.86,739.4 2 0
github.com/ArubikU/polyloft-bvm/internal/sema/checker.go:740.3,740.87 1 0
github.com/ArubikU/polyloft-bvm/internal/sema/checker.go:740.87,742.4 1 0
github.com/ArubikU/polyloft-bvm/internal/sema/checker.go:743.3,743.15 1 0
github.com/ArubikU/polyloft-bvm/internal/sema/checker.go:744.59,745.74 1 0
github.com/ArubikU/polyloft-bvm/internal/sema/checker.go:745.74,747.4 1 0
github.com/ArubikU/polyloft-bvm/internal/sema/checker.go:748.3,748.86 1 0
github.com/ArubikU/polyloft-bvm/internal/sema/checker.go:748.86,751.4 2 0
github.com/ArubikU/polyloft-bvm/internal/sema/checker.go:752.3,753.24 2 0
github.com/ArubikU/polyloft-bvm/internal/sema/checker.go:754.24,755.31 1 0
github.com/ArubikU/polyloft-bvm/internal/sema/checker.go:756.25,757.32 1 0
github.com/ArubikU/polyloft-bvm/internal/sema/checker.go:759.3,759.91 1 0
github.com/ArubikU/polyloft-bvm/internal/sema/checker.go:759.91,761.4 1 0
github.com/ArubikU/polyloft-bvm/internal/sema/checker.go:762.3,762.15 1 0
github.com/ArubikU/polyloft-bvm/internal/sema/checker.go:763.10,764.15 1 0
github.com/ArubikU/polyloft-bvm/internal/sema/checker.go:768.58,771.40 3 0
github.com/ArubikU/polyloft-bvm/internal/sema/checker.go:771.40,772.43 1 0
github.com/ArubikU/polyloft-bvm/internal/sema/checker.go:772.43,774.4 1 0
github.com/ArubikU/polyloft-bvm/internal/sema/checker.go:776.2,776.12 1 0
github.com/ArubikU/polyloft-bvm/internal/sema/checker.go:779.58,781.2 1 0
github.com/ArubikU/polyloft-bvm/internal/sema/checker.go:783.70,784.21 1 0
github.com/ArubikU/polyloft-bvm/internal/sema/checker.go:784.21,786.3 1 0
github.com/ArubikU/polyloft-bvm/internal/sema/checker.go:787.2,788.30 2 0
github.com/ArubikU/polyloft-bvm/internal/sema/checker.go:788.30,790.3 1 0
github.com/ArubikU/polyloft-bvm/internal/sema/checker.go:791.2,791.56 1 0
github.com/ArubikU/polyloft-bvm/internal/sema/checker.go:791.56,792.43 1 0
github.com/ArubikU/polyloft-bvm/internal/sema/checker.go:792.43,793.30 1 0
github.com/ArubikU/polyloft-bvm/internal/sema/checker.go:793.30,795.5 1 0
github.com/ArubikU/polyloft-bvm/internal/sema/checker.go:798.2,798.12 1 0
github.com/ArubikU/polyloft-bvm/internal/sema/checker.go:801.59,802.80 1 0
github.com/ArubikU/polyloft-bvm/internal/sema/checker.go:802.80,804.3 1 0
github.com/ArubikU/polyloft-bvm/internal/sema/checker.go:805.2,806.9 2 0
github.com/ArubikU/polyloft-bvm/internal/sema/checker.go:806.9,808.3 1 0
github.com/ArubikU/polyloft-bvm/internal/sema/checker.go:809.2,809.51 1 0
github.com/ArubikU/polyloft-bvm/internal/sema/checker.go:812.86,813.29 1 0
github.com/ArubikU/polyloft-bvm/internal/sema/checker.go:814.24,815.28 1 0
github.com/ArubikU/polyloft-bvm/internal/sema/checker.go:816.12,817.42 1 0
github.com/ArubikU/polyloft-bvm/internal/sema/checker.go:818.13,819.43 1 0
github.com/ArubikU/polyloft-bvm/internal/sema/checker.go:820.14,821.42 1 0
github.com/ArubikU/polyloft-bvm/internal/sema/checker.go:822.16,823.44 1 0
github.com/ArubikU/polyloft-bvm/internal/sema/checker.go:824.13,825.43 1 0
github.com/ArubikU/polyloft-bvm/internal/sema/checker.go:826.15,827.45 1 0
github.com/ArubikU/polyloft-bvm/internal/sema/checker.go:828.11,829.21 1 0
github.com/ArubikU/polyloft-bvm/internal/sema/checker.go:831.21,834.17 3 0
github.com/ArubikU/polyloft-bvm/internal/sema/checker.go:834.17,836.4 1 0
github.com/ArubikU/polyloft-bvm/internal/sema/checker.go:837.3,837.34 1 0
github.com/ArubikU/polyloft-bvm/internal/sema/checker.go:837.34,838.104 1 0
github.com/ArubikU/polyloft-bvm/internal/sema/checker.go:838.104,840.5 1 0
github.com/ArubikU/polyloft-bvm/internal/sema/checker.go:841.4,841.22 1 0
github.com/ArubikU/polyloft-bvm/internal/sema/checker.go:843.3,843.42 1 0
github.com/ArubikU/polyloft-bvm/internal/sema/checker.go:843.42,845.4 1 0
github.com/ArubikU/polyloft-bvm/internal/sema/checker.go:846.3,846.21 1 0
github.com/ArubikU/polyloft-bvm/internal/sema/checker.go:847.27,848.51 1 0
github.com/ArubikU/polyloft-bvm/internal/sema/checker.go:848.51,850.4 1 0
github.com/ArubikU/polyloft-bvm/internal/sema/checker.go:851.3,852.42 2 0
github.com/ArubikU/polyloft-bvm/internal/sema/checker.go:853.25,854.46 1 0
github.com/ArubikU/polyloft-bvm/internal/sema/checker.go:854.46,856.4 1 0
github.com/ArubikU/polyloft-bvm/internal/sema/checker.go:857.3,857.120 1 0
github.com/ArubikU/polyloft-bvm/internal/sema/checker.go:858.21,859.49 1 0
github.com/ArubikU/polyloft-bvm/internal/sema/checker.go:859.49,861.4 1 0
github.com/ArubikU/polyloft-bvm/internal/sema/checker.go:862.3,862.123 1 0
github.com/ArubikU/polyloft-bvm/internal/sema/checker.go:863.25,864.32 1 0
github.com/ArubikU/polyloft-bvm/internal/sema/checker.go:865.22,867.41 2 0
github.com/ArubikU/polyloft-bvm/internal/sema/checker.go:867.41,869.18 2 0
github.com/ArubikU/polyloft-bvm/internal/sema/checker.go:869.18,871.5 1 0
github.com/ArubikU/polyloft-bvm/internal/sema/checker.go:872.4,872.29 1 0
github.com/ArubikU/polyloft-bvm/internal/sema/checker.go:874.3,874.32 1 0
github.com/ArubikU/polyloft-bvm/internal/sema/checker.go:875.22,877.41 2 0
github.com/ArubikU/polyloft-bvm/internal/sema/checker.go:877.41,879.18 2 0
github.com/ArubikU/polyloft-bvm/internal/sema/checker.go:879.18,881.5 1 0
github.com/ArubikU/polyloft-bvm/internal/sema/checker.go:882.4,882.14 1 0
github.com/ArubikU/polyloft-bvm/internal/sema/checker.go:882.14,884.13 2 0
github.com/ArubikU/polyloft-bvm/internal/sema/checker.go:886.4,886.49 1 0
github.com/ArubikU/polyloft-bvm/internal/sema/checker.go:888.3,888.35 1 0
github.com/ArubikU/polyloft-bvm/internal/sema/checker.go:890.25,893.23 2 0
github.com/ArubikU/polyloft-bvm/internal/sema/checker.go:893.23,895.18 2 0
github.com/ArubikU/polyloft-bvm/internal/sema/checker.go:895.18,897.5 1 0
github.com/ArubikU/polyloft-bvm/internal/sema/checker.go:898.4,898.38 1 0
github.com/ArubikU/polyloft-bvm/internal/sema/checker.go:898.38,900.5 1 0
github.com/ArubikU/polyloft-bvm/internal/sema/checker.go:901.4,901.51 1 0
github.com/ArubikU/polyloft-bvm/internal/sema/checker.go:901.51,903.41 2 0
github.com/ArubikU/polyloft-bvm/internal/sema/checker.go:903.41,904.37 1 0
github.com/ArubikU/polyloft-bvm/internal/sema/checker.go:904.37,906.7 1 0
github.com/ArubikU/polyloft-bvm/internal/sema/checker.go:911.3,911.41 1 0
github.com/ArubikU/polyloft-bvm/internal/sema/checker.go:911.41,913.18 2 0
github.com/ArubikU/polyloft-bvm/internal/sema/checker.go:913.18,915.5 1 0
github.com/ArubikU/polyloft-bvm/internal/sema/checker.go:916.4,916.45 1 0
github.com/ArubikU/polyloft-bvm/internal/sema/checker.go:916.45,918.5 1 0
github.com/ArubikU/polyloft-bvm/internal/sema/checker.go:919.4,919.43 1 0
github.com/ArubikU/polyloft-bvm/internal/sema/checker.go:922.3,922.23 1 0
github.com/ArubikU/polyloft-bvm/internal/sema/checker.go:922.23,924.4 1 0
github.com/ArubikU/polyloft-bvm/internal/sema/checker.go:925.3,925.23 1 0
github.com/ArubikU/polyloft-bvm/internal/sema/checker.go:926.20,928.38 2 0
github.com/ArubikU/polyloft-bvm/internal/sema/checker.go:928.38,930.18 2 0
github.com/ArubikU/polyloft-bvm/internal/sema/checker.go:930.18,932.5 1 0
github.com/ArubikU/polyloft-bvm/internal/sema/checker.go:933.4,933.41 1 0
github.com/ArubikU/polyloft-bvm/internal/sema/checker.go:933.41,935.13 2 0
github.com/ArubikU/polyloft-bvm/internal/sema/checker.go:937.4,937.45 1 0
github.com/ArubikU/polyloft-bvm/internal/sema/checker.go:939.3,939.62 1 0
github.com/ArubikU/polyloft-bvm/internal/sema/checker.go:940.22,942.17 2 0
github.com/ArubikU/polyloft-bvm/internal/sema/checker.go:942.17,944.4 1 0
github.com/ArubikU/polyloft-bvm/internal/sema/checker.go:945.3,945.29 1 0
github.com/ArubikU/polyloft-bvm/internal/sema/checker.go:946.20,947.77 1 0
github.com/ArubikU/polyloft-bvm/internal/sema/checker.go:947.77,948.80 1 0
github.com/ArubikU/polyloft-bvm/internal/sema/checker.go:948.80,950.6 1 0
github.com/ArubikU/polyloft-bvm/internal/sema/checker.go:951.5,951.135 1 0
github.com/ArubikU/polyloft-bvm/internal/sema/checker.go:953.4,953.72 1 0
github.com/ArubikU/polyloft-bvm/internal/sema/checker.go:953.72,955.5 1 0
github.com/ArubikU/polyloft-bvm/internal/sema/checker.go:956.4,956.45 1 0
github.com/ArubikU/polyloft-bvm/internal/sema/checker.go:957.19,958.77 1 0
github.com/ArubikU/polyloft-bvm/internal/sema/checker.go:958.77,960.5 1 0
github.com/ArubikU/polyloft-bvm/internal/sema/checker.go:961.4,961.43 1 0
github.com/ArubikU/polyloft-bvm/internal/sema/checker.go:963.3,963.24 1 0
github.com/ArubikU/polyloft-bvm/internal/sema/checker.go:964.23,965.29 1 0
github.com/ArubikU/polyloft-bvm/internal/sema/checker.go:966.21,968.17 2 0
github.com/ArubikU/polyloft-bvm/internal/sema/checker.go:968.17,970.4 1 0
github.com/ArubikU/polyloft-bvm/internal/sema/checker.go:971.3,971.41 1 0
github.com/ArubikU/polyloft-bvm/internal/sema/checker.go:971.41,973.39 1 0
github.com/ArubikU/polyloft-bvm/internal/sema/checker.go:973.39,974.47 1 0
github.com/ArubikU/polyloft-bvm/internal/sema/checker.go:974.47,976.6 1 0
github.com/ArubikU/polyloft-bvm/internal/sema/checker.go:978.4,978.21 1 0
github.com/ArubikU/polyloft-bvm/internal/sema/checker.go:980.3,980.33 1 0
github.com/ArubikU/polyloft-bvm/internal/sema/checker.go:980.33,982.4 1 0
github.com/ArubikU/polyloft-bvm/internal/sema/checker.go:984.3,984.64 1 0
github.com/ArubikU/polyloft-bvm/internal/sema/checker.go:984.64,986.39 1 0
github.com/ArubikU/polyloft-bvm/internal/sema/checker.go:986.39,987.47 1 0
github.com/ArubikU/polyloft-bvm/internal/sema/checker.go:987.47,989.6 1 0
github.com/ArubikU/polyloft-bvm/internal/sema/checker.go:991.4,991.42 1 0
github.com/ArubikU/polyloft-bvm/internal/sema/checker.go:993.3,993.94 1 0
github.com/ArubikU/polyloft-bvm/internal/sema/checker.go:993.94,995.4 1 0
github.com/ArubikU/polyloft-bvm/internal/sema/checker.go:996.3,998.29 3 0
github.com/ArubikU/polyloft-bvm/internal/sema/checker.go:998.29,999.33 1 0
github.com/ArubikU/polyloft-bvm/internal/sema/checker.go:999.33,1001.5 1 0
github.com/ArubikU/polyloft-bvm/internal/sema/checker.go:1002.4,1002.50 1 0
github.com/ArubikU/polyloft-bvm/internal/sema/checker.go:1002.50,1004.5 1 0
github.com/ArubikU/polyloft-bvm/internal/sema/checker.go:1005.4,1006.45 2 0
github.com/ArubikU/polyloft-bvm/internal/sema/checker.go:1006.45,1010.31 4 0
github.com/ArubikU/polyloft-bvm/internal/sema/checker.go:1010.31,1011.51 1 0
github.com/ArubikU/polyloft-bvm/internal/sema/checker.go:1011.51,1013.7 1 0
github.com/ArubikU/polyloft-bvm/internal/sema/checker.go:1016.4,1019.39 4 0
github.com/ArubikU/polyloft-bvm/internal/sema/checker.go:1019.39,1021.48 2 0
github.com/ArubikU/polyloft-bvm/internal/sema/checker.go:1021.48,1023.6 1 0
github.com/ArubikU/polyloft-bvm/internal/sema/checker.go:1024.5,1024.26 1 0
github.com/ArubikU/polyloft-bvm/internal/sema/checker.go:1024.26,1026.20 2 0
github.com/ArubikU/polyloft-bvm/internal/sema/checker.go:1026.20,1028.7 1 0
github.com/ArubikU/polyloft-bvm/internal/sema/checker.go:1029.6,1030.14 2 0
github.com/ArubikU/polyloft-bvm/internal/sema/checker.go:1032.5,1033.19 2 0
github.com/ArubikU/polyloft-bvm/internal/sema/checker.go:1033.19,1035.6 1 0
github.com/ArubikU/polyloft-bvm/internal/sema/checker.go:1036.5,1036.37 1 0
github.com/ArubikU/polyloft-bvm/internal/sema/checker.go:1036.37,1037.14 1 0
github.com/ArubikU/polyloft-bvm/internal/sema/checker.go:1039.5,1039.55 1 0
github.com/ArubikU/polyloft-bvm/internal/sema/checker.go:1039.55,1041.6 1 0
github.com/ArubikU/polyloft-bvm/internal/sema/checker.go:1043.4,1043.33 1 0
github.com/ArubikU/polyloft-bvm/internal/sema/checker.go:1045.3,1045.31 1 0
github.com/ArubikU/polyloft-bvm/internal/sema/checker.go:1045.31,1048.39 3 0
github.com/ArubikU/polyloft-bvm/internal/sema/checker.go:1048.39,1050.19 2 0
github.com/ArubikU/polyloft-bvm/internal/sema/checker.go:1050.19,1052.6 1 0
github.com/ArubikU/polyloft-bvm/internal/sema/checker.go:1053.5,1054.44 2 0
github.com/ArubikU/polyloft-bvm/internal/sema/checker.go:1054.44,1056.6 1 0
github.com/ArubikU/polyloft-bvm/internal/sema/checker.go:1058.4,1058.47 1 0
github.com/ArubikU/polyloft-bvm/internal/sema/checker.go:1058.47,1059.31 1 0
github.com/ArubikU/polyloft-bvm/internal/sema/checker.go:1059.31,1060.100 1 0
github.com/ArubikU/polyloft-bvm/internal/sema/checker.go:1060.100,1062.7 1 0
github.com/ArubikU/polyloft-bvm/internal/sema/checker.go:1065.4,1066.53 2 0
github.com/ArubikU/polyloft-bvm/internal/sema/checker.go:1066.53,1068.5 1 0
github.com/ArubikU/polyloft-bvm/internal/sema/checker.go:1069.4,1070.37 2 0
github.com/ArubikU/polyloft-bvm/internal/sema/checker.go:1070.37,1071.69 1 0
github.com/ArubikU/polyloft-bvm/internal/sema/checker.go:1071.69,1073.49 2 0
github.com/ArubikU/polyloft-bvm/internal/sema/checker.go:1073.49,1075.7 1 0
github.com/ArubikU/polyloft-bvm/internal/sema/checker.go:1076.6,1076.27 1 0
github.com/ArubikU/polyloft-bvm/internal/sema/checker.go:1076.27,1078.7 1 0
github.com/ArubikU/polyloft-bvm/internal/sema/checker.go:1078.12,1080.7 1 0
github.com/ArubikU/polyloft-bvm/internal/sema/checker.go:1081.6,1081.20 1 0
github.com/ArubikU/polyloft-bvm/internal/sema/checker.go:1081.20,1083.7 1 0
github.com/ArubikU/polyloft-bvm/internal/sema/checker.go:1085.5,1085.37 1 0
github.com/ArubikU/polyloft-bvm/internal/sema/checker.go:1085.37,1086.14 1 0
github.com/ArubikU/polyloft-bvm/internal/sema/checker.go:1088.5,1088.55 1 0
github.com/ArubikU/polyloft-bvm/internal/sema/checker.go:1088.55,1090.6 1 0
github.com/ArubikU/polyloft-bvm/internal/sema/checker.go:1092.4,1092.33 1 0
github.com/ArubikU/polyloft-bvm/internal/sema/checker.go:1094.3,1094.38 1 0
github.com/ArubikU/polyloft-bvm/internal/sema/checker.go:1094.38,1096.47 2 0
github.com/ArubikU/polyloft-bvm/internal/sema/checker.go:1096.47,1098.5 1 0
github.com/ArubikU/polyloft-bvm/internal/sema/checker.go:1099.4,1101.25 3 0
github.com/ArubikU/polyloft-bvm/internal/sema/checker.go:1101.25,1103.5 1 0
github.com/ArubikU/polyloft-bvm/internal/sema/checker.go:1103.10,1105.5 1 0
github.com/ArubikU/polyloft-bvm/internal/sema/checker.go:1106.4,1106.18 1 0
github.com/ArubikU/polyloft-bvm/internal/sema/checker.go:1106.18,1108.5 1 0
github.com/ArubikU/polyloft-bvm/internal/sema/checker.go:1109.4,1109.36 1 0
github.com/ArubikU/polyloft-bvm/internal/sema/checker.go:1109.36,1110.13 1 0
github.com/ArubikU/polyloft-bvm/internal/sema/checker.go:1112.4,1112.54 1 0
github.com/ArubikU/polyloft-bvm/internal/sema/checker.go:1112.54,1114.5 1 0
github.com/ArubikU/polyloft-bvm/internal/sema/checker.go:1116.3,1116.32 1 0
github.com/ArubikU/polyloft-bvm/internal/sema/checker.go:1117.20,1119.10 2 0
github.com/ArubikU/polyloft-bvm/internal/sema/checker.go:1119.10,1121.4 1 0
github.com/ArubikU/polyloft-bvm/internal/sema/checker.go:1122.3,1124.38 3 0
github.com/ArubikU/polyloft-bvm/internal/sema/checker.go:1124.38,1126.4 1 0
github.com/ArubikU/polyloft-bvm/internal/sema/checker.go:1127.3,1127.28 1 0
github.com/ArubikU/polyloft-bvm/internal/sema/checker.go:1127.28,1129.4 1 0
github.com/ArubikU/polyloft-bvm/internal/sema/checker.go:1130.3,1130.144 1 0
github.com/ArubikU/polyloft-bvm/internal/sema/checker.go:1130.144,1132.4 1 0
github.com/ArubikU/polyloft-bvm/internal/sema/checker.go:1133.3,1134.38 2 0
github.com/ArubikU/polyloft-bvm/internal/sema/checker.go:1134.38,1136.18 2 0
github.com/ArubikU/polyloft-bvm/internal/sema/checker.go:1136.18,1138.5 1 0
github.com/ArubikU/polyloft-bvm/internal/sema/checker.go:1139.4,1139.25 1 0
github.com/ArubikU/polyloft-bvm/internal/sema/checker.go:1141.3,1143.51 3 0
github.com/ArubikU/polyloft-bvm/internal/sema/checker.go:1143.51,1144.97 1 0
github.com/ArubikU/polyloft-bvm/internal/sema/checker.go:1144.97,1145.13 1 0
github.com/ArubikU/polyloft-bvm/internal/sema/checker.go:1147.4,1151.32 5 0
github.com/ArubikU/polyloft-bvm/internal/sema/checker.go:1151.32,1152.38 1 0
github.com/ArubikU/polyloft-bvm/internal/sema/checker.go:1152.38,1154.6 1 0
github.com/ArubikU/polyloft-bvm/internal/sema/checker.go:1155.5,1155.48 1 0
github.com/ArubikU/polyloft-bvm/internal/sema/checker.go:1155.48,1156.32 1 0
github.com/ArubikU/polyloft-bvm/internal/sema/checker.go:1156.32,1157.101 1 0
github.com/ArubikU/polyloft-bvm/internal/sema/checker.go:1157.101,1159.8 1 0
github.com/ArubikU/polyloft-bvm/internal/sema/checker.go:1162.5,1163.44 2 0
github.com/ArubikU/polyloft-bvm/internal/sema/checker.go:1163.44,1165.6 1 0
github.com/ArubikU/polyloft-bvm/internal/sema/checker.go:1166.5,1166.77 1 0
github.com/ArubikU/polyloft-bvm/internal/sema/checker.go:1168.4,1169.37 2 0
github.com/ArubikU/polyloft-bvm/internal/sema/checker.go:1169.37,1171.69 2 0
github.com/ArubikU/polyloft-bvm/internal/sema/checker.go:1171.69,1174.20 3 0
github.com/ArubikU/polyloft-bvm/internal/sema/checker.go:1174.20,1176.7 1 0
github.com/ArubikU/polyloft-bvm/internal/sema/checker.go:1178.5,1178.63 1 0
github.com/ArubikU/polyloft-bvm/internal/sema/checker.go:1178.63,1181.11 3 0
github.com/ArubikU/polyloft-bvm/internal/sema/checker.go:1184.4,1184.15 1 0
github.com/ArubikU/polyloft-bvm/internal/sema/checker.go:1184.15,1186.5 1 0
github.com/ArubikU/polyloft-bvm/internal/sema/checker.go:1188.3,1188.22 1 0
github.com/ArubikU/polyloft-bvm/internal/sema/checker.go:1188.22,1190.4 1 0
github.com/ArubikU/polyloft-bvm/internal/sema/checker.go:1191.3,1191.27 1 0
github.com/ArubikU/polyloft-bvm/internal/sema/checker.go:1191.27,1193.4 1 0
github.com/ArubikU/polyloft-bvm/internal/sema/checker.go:1194.3,1194.162 1 0
github.com/ArubikU/polyloft-bvm/internal/sema/checker.go:1195.20,1196.58 1 0
github.com/ArubikU/polyloft-bvm/internal/sema/checker.go:1196.58,1197.55 1 0
github.com/ArubikU/polyloft-bvm/internal/sema/checker.go:1197.55,1199.5 1 0
github.com/ArubikU/polyloft-bvm/internal/sema/checker.go:1200.4,1200.40 1 0
github.com/ArubikU/polyloft-bvm/internal/sema/checker.go:1200.40,1202.5 1 0
github.com/ArubikU/polyloft-bvm/internal/sema/checker.go:1203.4,1204.45 2 0
github.com/ArubikU/polyloft-bvm/internal/sema/checker.go:1204.45,1206.5 1 0
github.com/ArubikU/polyloft-bvm/internal/sema/checker.go:1207.4,1208.14 2 0
github.com/ArubikU/polyloft-bvm/internal/sema/checker.go:1208.14,1210.5 1 0
github.com/ArubikU/polyloft-bvm/internal/sema/checker.go:1211.4,1211.16 1 0
github.com/ArubikU/polyloft-bvm/internal/sema/checker.go:1211.16,1213.5 1 0
github.com/ArubikU/polyloft-bvm/internal/sema/checker.go:1214.4,1215.11 2 0
github.com/ArubikU/polyloft-bvm/internal/sema/checker.go:1215.11,1217.5 1 0
github.com/ArubikU/polyloft-bvm/internal/sema/checker.go:1218.4,1218.141 1 0
github.com/ArubikU/polyloft-bvm/internal/sema/checker.go:1218.141,1220.5 1 0
github.com/ArubikU/polyloft-bvm/internal/sema/checker.go:1221.4,1221.22 1 0
github.com/ArubikU/polyloft-bvm/internal/sema/checker.go:1223.3,1224.17 2 0
github.com/ArubikU/polyloft-bvm/internal/sema/checker.go:1224.17,1226.4 1 0
github.com/ArubikU/polyloft-bvm/internal/sema/checker.go:1227.3,1227.29 1 0
github.com/ArubikU/polyloft-bvm/internal/sema/checker.go:1227.29,1229.11 2 0
github.com/ArubikU/polyloft-bvm/internal/sema/checker.go:1229.11,1231.5 1 0
github.com/ArubikU/polyloft-bvm/internal/sema/checker.go:1232.4,1232.118 1 0
github.com/ArubikU/polyloft-bvm/internal/sema/checker.go:1232.118,1234.5 1 0
github.com/ArubikU/polyloft-bvm/internal/sema/checker.go:1235.4,1235.22 1 0
github.com/ArubikU/polyloft-bvm/internal/sema/checker.go:1237.3,1237.28 1 0
github.com/ArubikU/polyloft-bvm/internal/sema/checker.go:1237.28,1239.4 1 0
github.com/ArubikU/polyloft-bvm/internal/sema/checker.go:1240.3,1241.10 2 0
github.com/ArubikU/polyloft-bvm/internal/sema/checker.go:1241.10,1243.4 1 0
github.com/ArubikU/polyloft-bvm/internal/sema/checker.go:1244.3,1244.37 1 0
github.com/ArubikU/polyloft-bvm/internal/sema/checker.go:1245.23,1248.37 3 0
github.com/ArubikU/polyloft-bvm/internal/sema/checker.go:1248.37,1249.25 1 0
github.com/ArubikU/polyloft-bvm/internal/sema/checker.go:1249.25,1251.13 2 0
github.com/ArubikU/polyloft-bvm/internal/sema/checker.go:1253.4,1253.83 1 0
github.com/ArubikU/polyloft-bvm/internal/sema/checker.go:1253.83,1255.13 2 0
github.com/ArubikU/polyloft-bvm/internal/sema/checker.go:1257.4,1257.21 1 0
github.com/ArubikU/polyloft-bvm/internal/sema/checker.go:1259.3,1262.30 4 0
github.com/ArubikU/polyloft-bvm/internal/sema/checker.go:1262.30,1264.4 1 0
github.com/ArubikU/polyloft-bvm/internal/sema/checker.go:1265.3,1267.37 3 0
github.com/ArubikU/polyloft-bvm/internal/sema/checker.go:1267.37,1269.4 1 0
github.com/ArubikU/polyloft-bvm/internal/sema/checker.go:1270.3,1272.24 3 0
github.com/ArubikU/polyloft-bvm/internal/sema/checker.go:1272.24,1274.4 1 0
github.com/ArubikU/polyloft-bvm/internal/sema/checker.go:1274.9,1275.31 1 0
github.com/ArubikU/polyloft-bvm/internal/sema/checker.go:1275.31,1277.5 1 0
github.com/ArubikU/polyloft-bvm/internal/sema/checker.go:1277.10,1279.5 1 0
github.com/ArubikU/polyloft-bvm/internal/sema/checker.go:1281.3,1283.17 3 0
github.com/ArubikU/polyloft-bvm/internal/sema/checker.go:1283.17,1285.4 1 0
github.com/ArubikU/polyloft-bvm/internal/sema/checker.go:1286.3,1286.30 1 0
github.com/ArubikU/polyloft-bvm/internal/sema/checker.go:1286.30,1287.103 1 0
github.com/ArubikU/polyloft-bvm/internal/sema/checker.go:1287.103,1289.5 1 0
github.com/ArubikU/polyloft-bvm/internal/sema/checker.go:1290.4,1290.56 1 0
github.com/ArubikU/polyloft-bvm/internal/sema/checker.go:1291.9,1293.4 1 0
github.com/ArubikU/polyloft-bvm/internal/sema/checker.go:1294.3,1294.25 1 0
github.com/ArubikU/polyloft-bvm/internal/sema/checker.go:1295.22,1297.17 2 0
github.com/ArubikU/polyloft-bvm/internal/sema/checker.go:1297.17,1299.4 1 0
github.com/ArubikU/polyloft-bvm/internal/sema/checker.go:1300.3,1300.34 1 0
github.com/ArubikU/polyloft-bvm/internal/sema/checker.go:1300.34,1302.4 1 0
github.com/ArubikU/polyloft-bvm/internal/sema/checker.go:1303.3,1304.17 2 0
github.com/ArubikU/polyloft-bvm/internal/sema/checker.go:1304.17,1306.4 1 0
github.com/ArubikU/polyloft-bvm/internal/sema/checker.go:1307.3,1308.43 2 0
github.com/ArubikU/polyloft-bvm/internal/sema/checker.go:1308.43,1310.4 1 0
github.com/ArubikU/polyloft-bvm/internal/sema/checker.go:1311.3,1311.40 1 0
github.com/ArubikU/polyloft-bvm/internal/sema/checker.go:1311.40,1312.56 1 0
github.com/ArubikU/polyloft-bvm/internal/sema/checker.go:1312.56,1313.52 1 0
github.com/ArubikU/polyloft-bvm/internal/sema/checker.go:1313.52,1314.46 1 0
github.com/ArubikU/polyloft-bvm/internal/sema/checker.go:1314.46,1316.7 1 0
github.com/ArubikU/polyloft-bvm/internal/sema/checker.go:1320.3,1320.39 1 0
github.com/ArubikU/polyloft-bvm/internal/sema/checker.go:1321.22,1323.17 2 0
github.com/ArubikU/polyloft-bvm/internal/sema/checker.go:1323.17,1325.4 1 0
github.com/ArubikU/polyloft-bvm/internal/sema/checker.go:1326.3,1326.35 1 0
github.com/ArubikU/polyloft-bvm/internal/sema/checker.go:1326.35,1328.4 1 0
github.com/ArubikU/polyloft-bvm/internal/sema/checker.go:1329.3,1330.17 2 0
github.com/ArubikU/polyloft-bvm/internal/sema/checker.go:1330.17,1332.4 1 0
github.com/ArubikU/polyloft-bvm/internal/sema/checker.go:1333.3,1334.17 2 0
github.com/ArubikU/polyloft-bvm/internal/sema/checker.go:1334.17,1336.4 1 0
github.com/ArubikU/polyloft-bvm/internal/sema/checker.go:1337.3,1337.84 1 0
github.com/ArubikU/polyloft-bvm/internal/sema/checker.go:1337.84,1339.4 1 0
github.com/ArubikU/polyloft-bvm/internal/sema/checker.go:1340.3,1340.80 1 0
github.com/ArubikU/polyloft-bvm/internal/sema/checker.go:1340.80,1342.4 1 0
github.com/ArubikU/polyloft-bvm/internal/sema/checker.go:1343.3,1343.40 1 0
github.com/ArubikU/polyloft-bvm/internal/sema/checker.go:1343.40,1346.24 3 0
github.com/ArubikU/polyloft-bvm/internal/sema/checker.go:1346.24,1349.31 3 0
github.com/ArubikU/polyloft-bvm/internal/sema/checker.go:1349.31,1352.64 3 0
github.com/ArubikU/polyloft-bvm/internal/sema/checker.go:1352.64,1355.7 2 0
github.com/ArubikU/polyloft-bvm/internal/sema/checker.go:1359.3,1359.40 1 0
github.com/ArubikU/polyloft-bvm/internal/sema/checker.go:1360.10,1361.24 1 0
github.com/ArubikU/polyloft-bvm/internal/sema/checker.go:1365.50,1366.22 1 0
github.com/ArubikU/polyloft-bvm/internal/sema/checker.go:1366.22,1367.24 1 0
github.com/ArubikU/polyloft-bvm/internal/sema/checker.go:1367.24,1369.4 1 0
github.com/ArubikU/polyloft-bvm/internal/sema/checker.go:1370.3,1370.34 1 0
github.com/ArubikU/polyloft-bvm/internal/sema/checker.go:1370.34,1371.36 1 0
github.com/ArubikU/polyloft-bvm/internal/sema/checker.go:1371.36,1373.5 1 0
github.com/ArubikU/polyloft-bvm/internal/sema/checker.go:1375.3,1375.14 1 0
github.com/ArubikU/polyloft-bvm/internal/sema/checker.go:1377.2,1377.16 1 0
github.com/ArubikU/polyloft-bvm/internal/sema/checker.go:1378.62,1379.14 1 0
github.com/ArubikU/polyloft-bvm/internal/sema/checker.go:1380.10,1381.15 1 0
github.com/ArubikU/polyloft-bvm/internal/sema/checker.go:1385.56,1386.22 1 0
github.com/ArubikU/polyloft-bvm/internal/sema/checker.go:1386.22,1387.34 1 0
github.com/ArubikU/polyloft-bvm/internal/sema/checker.go:1387.34,1388.42 1 0
github.com/ArubikU/polyloft-bvm/internal/sema/checker.go:1388.42,1390.5 1 0
github.com/ArubikU/polyloft-bvm/internal/sema/checker.go:1392.3,1392.14 1 0
github.com/ArubikU/polyloft-bvm/internal/sema/checker.go:1394.2,1394.40 1 0
github.com/ArubikU/polyloft-bvm/internal/sema/checker.go:1397.67,1398.27 1 0
github.com/ArubikU/polyloft-bvm/internal/sema/checker.go:1398.27,1399.39 1 0
github.com/ArubikU/polyloft-bvm/internal/sema/checker.go:1399.39,1400.42 1 0
github.com/ArubikU/polyloft-bvm/internal/sema/checker.go:1400.42,1402.5 1 0
github.com/ArubikU/polyloft-bvm/internal/sema/checker.go:1404.3,1404.15 1 0
github.com/ArubikU/polyloft-bvm/internal/sema/checker.go:1406.2,1406.27 1 0
github.com/ArubikU/polyloft-bvm/internal/sema/checker.go:1406.27,1407.39 1 0
github.com/ArubikU/polyloft-bvm/internal/sema/checker.go:1407.39,1408.43 1 0
github.com/ArubikU/polyloft-bvm/internal/sema/checker.go:1408.43,1410.5 1 0
github.com/ArubikU/polyloft-bvm/internal/sema/checker.go:1412.3,1412.14 1 0
github.com/ArubikU/polyloft-bvm/internal/sema/checker.go:1414.2,1414.36 1 0
github.com/ArubikU/polyloft-bvm/internal/sema/checker.go:1414.36,1416.3 1 0
github.com/ArubikU/polyloft-bvm/internal/sema/checker.go:1417.2,1417.114 1 0
github.com/ArubikU/polyloft-bvm/internal/sema/checker.go:1417.114,1419.3 1 0
github.com/ArubikU/polyloft-bvm/internal/sema/checker.go:1420.2,1420.98 1 0
github.com/ArubikU/polyloft-bvm/internal/sema/checker.go:1420.98,1422.3 1 0
github.com/ArubikU/polyloft-bvm/internal/sema/checker.go:1423.2,1423.76 1 0
github.com/ArubikU/polyloft-bvm/internal/sema/checker.go:1423.76,1425.3 1 0
github.com/ArubikU/polyloft-bvm/internal/sema/checker.go:1426.2,1426.78 1 0
github.com/ArubikU/polyloft-bvm/internal/sema/checker.go:1426.78,1428.3 1 0
github.com/ArubikU/polyloft-bvm/internal/sema/checker.go:1429.2,1429.70 1 0
github.com/ArubikU/polyloft-bvm/internal/sema/checker.go:1429.70,1431.3 1 0
github.com/ArubikU/polyloft-bvm/internal/sema/checker.go:1432.2,1432.46 1 0
github.com/ArubikU/polyloft-bvm/internal/sema/checker.go:1432.46,1434.3 1 0
github.com/ArubikU/polyloft-bvm/internal/sema/checker.go:1435.2,1435.59 1 0
github.com/ArubikU/polyloft-bvm/internal/sema/checker.go:1438.76,1439.20 1 0
github.com/ArubikU/polyloft-bvm/internal/sema/checker.go:1440.17,1441.110 1 0
github.com/ArubikU/polyloft-bvm/internal/sema/checker.go:1442.25,1443.110 1 0
github.com/ArubikU/polyloft-bvm/internal/sema/checker.go:1444.17,1445.40 1 0
github.com/ArubikU/polyloft-bvm/internal/sema/checker.go:1446.14,1447.76 1 0
github.com/ArubikU/polyloft-bvm/internal/sema/checker.go:1448.23,1449.84 1 0
github.com/ArubikU/polyloft-bvm/internal/sema/checker.go:1450.45,1451.84 1 0
github.com/ArubikU/polyloft-bvm/internal/sema/checker.go:1452.24,1453.33 1 0
github.com/ArubikU/polyloft-bvm/internal/sema/checker.go:1454.24,1455.30 1 0
github.com/ArubikU/polyloft-bvm/internal/sema/checker.go:1456.10,1457.15 1 0
github.com/ArubikU/polyloft-bvm/internal/sema/checker.go:1461.72,1463.40 2 0
github.com/ArubikU/polyloft-bvm/internal/sema/checker.go:1463.40,1464.35 1 0
github.com/ArubikU/polyloft-bvm/internal/sema/checker.go:1464.35,1465.48 1 0
github.com/ArubikU/polyloft-bvm/internal/sema/checker.go:1465.48,1466.71 1 0
github.com/ArubikU/polyloft-bvm/internal/sema/checker.go:1466.71,1469.6 2 0
github.com/ArubikU/polyloft-bvm/internal/sema/checker.go:1470.5,1470.38 1 0
github.com/ArubikU/polyloft-bvm/internal/sema/checker.go:1473.3,1473.43 1 0
github.com/ArubikU/polyloft-bvm/internal/sema/checker.go:1473.43,1475.4 1 0
github.com/ArubikU/polyloft-bvm/internal/sema/checker.go:1477.2,1477.68 1 0
github.com/ArubikU/polyloft-bvm/internal/sema/checker.go:1477.68,1479.3 1 0
github.com/ArubikU/polyloft-bvm/internal/sema/checker.go:1480.2,1480.20 1 0
github.com/ArubikU/polyloft-bvm/internal/sema/checker.go:1483.70,1484.18 1 0
github.com/ArubikU/polyloft-bvm/internal/sema/checker.go:1485.18,1486.27 1 0
github.com/ArubikU/polyloft-bvm/internal/sema/checker.go:1487.19,1488.27 1 0
github.com/ArubikU/polyloft-bvm/internal/sema/checker.go:1489.18,1490.27 1 0
github.com/ArubikU/polyloft-bvm/internal/sema/checker.go:1491.19,1492.27 1 0
github.com/ArubikU/polyloft-bvm/internal/sema/checker.go:1493.21,1494.27 1 0
github.com/ArubikU/polyloft-bvm/internal/sema/checker.go:1495.35,1496.27 1 0
github.com/ArubikU/polyloft-bvm/internal/sema/checker.go:1497.21,1498.25 1 0
github.com/ArubikU/polyloft-bvm/internal/sema/checker.go:1499.18,1500.25 1 0
github.com/ArubikU/polyloft-bvm/internal/sema/checker.go:1501.10,1502.16 1 0
github.com/ArubikU/polyloft-bvm/internal/sema/checker.go:1506.58,1507.18 1 0
github.com/ArubikU/polyloft-bvm/internal/sema/checker.go:1508.19,1509.17 1 0
github.com/ArubikU/polyloft-bvm/internal/sema/checker.go:1510.10,1511.12 1 0
github.com/ArubikU/polyloft-bvm/internal/sema/checker.go:1515.92,1517.22 2 0
github.com/ArubikU/polyloft-bvm/internal/sema/checker.go:1517.22,1519.3 1 0
github.com/ArubikU/polyloft-bvm/internal/sema/checker.go:1520.2,1521.35 2 0
github.com/ArubikU/polyloft-bvm/internal/sema/checker.go:1521.35,1523.3 1 0
github.com/ArubikU/polyloft-bvm/internal/sema/checker.go:1524.2,1524.32 1 0
github.com/ArubikU/polyloft-bvm/internal/sema/checker.go:1524.32,1525.47 1 0
github.com/ArubikU/polyloft-bvm/internal/sema/checker.go:1525.47,1527.4 1 0
github.com/ArubikU/polyloft-bvm/internal/sema/checker.go:1528.3,1528.38 1 0
github.com/ArubikU/polyloft-bvm/internal/sema/checker.go:1530.2,1530.38 1 0
github.com/ArubikU/polyloft-bvm/internal/sema/checker.go:1530.38,1532.3 1 0
github.com/ArubikU/polyloft-bvm/internal/sema/checker.go:1533.2,1533.46 1 0
github.com/ArubikU/polyloft-bvm/internal/sema/checker.go:1533.46,1535.3 1 0
github.com/ArubikU/polyloft-bvm/internal/sema/checker.go:1536.2,1536.37 1 0
github.com/ArubikU/polyloft-bvm/internal/sema/checker.go:1539.102,1541.22 2 0
github.com/ArubikU/polyloft-bvm/internal/sema/checker.go:1541.22,1542.79 1 0
github.com/ArubikU/polyloft-bvm/internal/sema/checker.go:1542.79,1544.4 1 0
github.com/ArubikU/polyloft-bvm/internal/sema/checker.go:1546.2,1546.23 1 0
github.com/ArubikU/polyloft-bvm/internal/sema/checker.go:1546.23,1547.80 1 0
github.com/ArubikU/polyloft-bvm/internal/sema/checker.go:1547.80,1549.4 1 0
github.com/ArubikU/polyloft-bvm/internal/sema/checker.go:1551.2,1551.25 1 0
github.com/ArubikU/polyloft-bvm/internal/sema/checker.go:1554.104,1556.35 2 0
github.com/ArubikU/polyloft-bvm/internal/sema/checker.go:1556.35,1558.3 1 0
github.com/ArubikU/polyloft-bvm/internal/sema/checker.go:1559.2,1559.32 1 0
github.com/ArubikU/polyloft-bvm/internal/sema/checker.go:1559.32,1560.47 1 0
github.com/ArubikU/polyloft-bvm/internal/sema/checker.go:1560.47,1562.4 1 0
github.com/ArubikU/polyloft-bvm/internal/sema/checker.go:1563.3,1563.38 1 0
github.com/ArubikU/polyloft-bvm/internal/sema/checker.go:1565.2,1565.38 1 0
github.com/ArubikU/polyloft-bvm/internal/sema/checker.go:1565.38,1567.3 1 0
github.com/ArubikU/polyloft-bvm/internal/sema/checker.go:1568.2,1568.53 1 0
github.com/ArubikU/polyloft-bvm/internal/sema/checker.go:1568.53,1570.3 1 0
github.com/ArubikU/polyloft-bvm/internal/sema/checker.go:1571.2,1571.46 1 0
github.com/ArubikU/polyloft-bvm/internal/sema/checker.go:1571.46,1573.3 1 0
github.com/ArubikU/polyloft-bvm/internal/sema/checker.go:1574.2,1574.37 1 0
github.com/ArubikU/polyloft-bvm/internal/sema/checker.go:1577.67,1579.16 2 0
github.com/ArubikU/polyloft-bvm/internal/sema/checker.go:1579.16,1581.3 1 0
github.com/ArubikU/polyloft-bvm/internal/sema/checker.go:1582.2,1583.16 2 0
github.com/ArubikU/polyloft-bvm/internal/sema/checker.go:1583.16,1585.3 1 0
github.com/ArubikU/polyloft-bvm/internal/sema/checker.go:1586.2,1586.28 1 0
github.com/ArubikU/polyloft-bvm/internal/sema/checker.go:1587.32,1588.151 1 0
github.com/ArubikU/polyloft-bvm/internal/sema/checker.go:1588.151,1590.4 1 0
github.com/ArubikU/polyloft-bvm/internal/sema/checker.go:1591.3,1591.42 1 0
github.com/ArubikU/polyloft-bvm/internal/sema/checker.go:1592.18,1594.74 1 0
github.com/ArubikU/polyloft-bvm/internal/sema/checker.go:1594.74,1596.4 1 0
github.com/ArubikU/polyloft-bvm/internal/sema/checker.go:1598.3,1598.72 1 0
github.com/ArubikU/polyloft-bvm/internal/sema/checker.go:1598.72,1601.26 2 0
github.com/ArubikU/polyloft-bvm/internal/sema/checker.go:1601.26,1603.5 1 0
github.com/ArubikU/polyloft-bvm/internal/sema/checker.go:1604.4,1605.27 2 0
github.com/ArubikU/polyloft-bvm/internal/sema/checker.go:1605.27,1607.5 1 0
github.com/ArubikU/polyloft-bvm/internal/sema/checker.go:1608.4,1609.65 2 0
github.com/ArubikU/polyloft-bvm/internal/sema/checker.go:1612.3,1612.149 1 0
github.com/ArubikU/polyloft-bvm/internal/sema/checker.go:1612.149,1614.4 1 0
github.com/ArubikU/polyloft-bvm/internal/sema/checker.go:1615.3,1615.85 1 0
github.com/ArubikU/polyloft-bvm/internal/sema/checker.go:1615.85,1617.4 1 0
github.com/ArubikU/polyloft-bvm/internal/sema/checker.go:1618.3,1618.183 1 0
github.com/ArubikU/polyloft-bvm/internal/sema/checker.go:1619.88,1620.151 1 0
github.com/ArubikU/polyloft-bvm/internal/sema/checker.go:1620.151,1621.86 1 0
github.com/ArubikU/polyloft-bvm/internal/sema/checker.go:1621.86,1623.5 1 0
github.com/ArubikU/polyloft-bvm/internal/sema/checker.go:1624.4,1624.153 1 0
github.com/ArubikU/polyloft-bvm/internal/sema/checker.go:1626.3,1626.65 1 0
github.com/ArubikU/polyloft-bvm/internal/sema/checker.go:1627.70,1628.74 1 0
github.com/ArubikU/polyloft-bvm/internal/sema/checker.go:1628.74,1630.4 1 0
github.com/ArubikU/polyloft-bvm/internal/sema/checker.go:1631.3,1631.151 1 0
github.com/ArubikU/polyloft-bvm/internal/sema/checker.go:1631.151,1632.86 1 0
github.com/ArubikU/polyloft-bvm/internal/sema/checker.go:1632.86,1633.33 1 0
github.com/ArubikU/polyloft-bvm/internal/sema/checker.go:1633.33,1635.6 1 0
github.com/ArubikU/polyloft-bvm/internal/sema/checker.go:1636.5,1636.23 1 0
github.com/ArubikU/polyloft-bvm/internal/sema/checker.go:1638.4,1638.153 1 0
github.com/ArubikU/polyloft-bvm/internal/sema/checker.go:1640.3,1640.42 1 0
github.com/ArubikU/polyloft-bvm/internal/sema/checker.go:1641.16,1642.32 1 0
github.com/ArubikU/polyloft-bvm/internal/sema/checker.go:1642.32,1644.4 1 0
github.com/ArubikU/polyloft-bvm/internal/sema/checker.go:1645.3,1646.43 2 0
github.com/ArubikU/polyloft-bvm/internal/sema/checker.go:1646.43,1648.4 1 0
github.com/ArubikU/polyloft-bvm/internal/sema/checker.go:1649.3,1649.42 1 0
github.com/ArubikU/polyloft-bvm/internal/sema/checker.go:1650.41,1651.42 1 0
github.com/ArubikU/polyloft-bvm/internal/sema/checker.go:1652.10,1653.24 1 0
github.com/ArubikU/polyloft-bvm/internal/sema/checker.go:1657.59,1662.34 5 0
github.com/ArubikU/polyloft-bvm/internal/sema/checker.go:1662.34,1663.24 1 0
github.com/ArubikU/polyloft-bvm/internal/sema/checker.go:1663.24,1665.4 1 0
github.com/ArubikU/polyloft-bvm/internal/sema/checker.go:1665.9,1667.4 1 0
github.com/ArubikU/polyloft-bvm/internal/sema/checker.go:1669.2,1670.26 2 0
github.com/ArubikU/polyloft-bvm/internal/sema/checker.go:1670.26,1672.3 1 0
github.com/ArubikU/polyloft-bvm/internal/sema/checker.go:1673.2,1673.113 1 0
github.com/ArubikU/polyloft-bvm/internal/sema/checker.go:1676.60,1677.47 1 0
github.com/ArubikU/polyloft-bvm/internal/sema/checker.go:1677.47,1678.54 1 0
github.com/ArubikU/polyloft-bvm/internal/sema/checker.go:1678.54,1680.4 1 0
github.com/ArubikU/polyloft-bvm/internal/sema/checker.go:1682.2,1695.22 14 0
github.com/ArubikU/polyloft-bvm/internal/sema/checker.go:1695.22,1698.3 2 0
github.com/ArubikU/polyloft-bvm/internal/sema/checker.go:1699.2,1699.33 1 0
github.com/ArubikU/polyloft-bvm/internal/sema/checker.go:1699.33,1700.67 1 0
github.com/ArubikU/polyloft-bvm/internal/sema/checker.go:1700.67,1703.34 3 0
github.com/ArubikU/polyloft-bvm/internal/sema/checker.go:1703.34,1704.50 1 0
github.com/ArubikU/polyloft-bvm/internal/sema/checker.go:1704.50,1706.6 1 0
github.com/ArubikU/polyloft-bvm/internal/sema/checker.go:1707.5,1707.48 1 0
github.com/ArubikU/polyloft-bvm/internal/sema/checker.go:1709.4,1709.53 1 0
github.com/ArubikU/polyloft-bvm/internal/sema/checker.go:1709.53,1711.5 1 0
github.com/ArubikU/polyloft-bvm/internal/sema/checker.go:1714.2,1714.41 1 0
github.com/ArubikU/polyloft-bvm/internal/sema/checker.go:1714.41,1716.24 2 0
github.com/ArubikU/polyloft-bvm/internal/sema/checker.go:1716.24,1718.4 1 0
github.com/ArubikU/polyloft-bvm/internal/sema/checker.go:1719.3,1719.19 1 0
github.com/ArubikU/polyloft-bvm/internal/sema/checker.go:1719.19,1721.4 1 0
github.com/ArubikU/polyloft-bvm/internal/sema/checker.go:1721.9,1723.4 1 0
github.com/ArubikU/polyloft-bvm/internal/sema/checker.go:1725.2,1725.43 1 0
github.com/ArubikU/polyloft-bvm/internal/sema/checker.go:1725.43,1727.27 2 0
github.com/ArubikU/polyloft-bvm/internal/sema/checker.go:1727.27,1728.24 1 0
github.com/ArubikU/polyloft-bvm/internal/sema/checker.go:1728.24,1729.13 1 0
github.com/ArubikU/polyloft-bvm/internal/sema/checker.go:1731.4,1735.12 5 0
github.com/ArubikU/polyloft-bvm/internal/sema/checker.go:1737.3,1737.20 1 0
github.com/ArubikU/polyloft-bvm/internal/sema/checker.go:1737.20,1738.60 1 0
github.com/ArubikU/polyloft-bvm/internal/sema/checker.go:1738.60,1739.63 1 0
github.com/ArubikU/polyloft-bvm/internal/sema/checker.go:1739.63,1742.6 2 0
github.com/ArubikU/polyloft-bvm/internal/sema/checker.go:1744.4,1745.12 2 0
github.com/ArubikU/polyloft-bvm/internal/sema/checker.go:1747.3,1747.62 1 0
github.com/ArubikU/polyloft-bvm/internal/sema/checker.go:1747.62,1748.62 1 0
github.com/ArubikU/polyloft-bvm/internal/sema/checker.go:1748.62,1751.5 2 0
github.com/ArubikU/polyloft-bvm/internal/sema/checker.go:1753.3,1753.51 1 0
github.com/ArubikU/polyloft-bvm/internal/sema/checker.go:1755.2,1755.22 1 0
github.com/ArubikU/polyloft-bvm/internal/sema/checker.go:1755.22,1756.50 1 0
github.com/ArubikU/polyloft-bvm/internal/sema/checker.go:1756.50,1758.4 1 0
github.com/ArubikU/polyloft-bvm/internal/sema/checker.go:1759.3,1765.19 7 0
github.com/ArubikU/polyloft-bvm/internal/sema/checker.go:1767.2,1769.18 3 0
github.com/ArubikU/polyloft-bvm/internal/sema/checker.go:1772.73,1773.45 1 0
github.com/ArubikU/polyloft-bvm/internal/sema/checker.go:1773.45,1775.3 1 0
github.com/ArubikU/polyloft-bvm/internal/sema/checker.go:1776.2,1776.31 1 0
github.com/ArubikU/polyloft-bvm/internal/sema/checker.go:1776.31,1778.3 1 0
github.com/ArubikU/polyloft-bvm/internal/sema/checker.go:1779.2,1779.44 1 0
github.com/ArubikU/polyloft-bvm/internal/sema/checker.go:1782.73,1784.36 2 0
github.com/ArubikU/polyloft-bvm/internal/sema/checker.go:1784.36,1785.22 1 0
github.com/ArubikU/polyloft-bvm/internal/sema/checker.go:1785.22,1787.4 1 0
github.com/ArubikU/polyloft-bvm/internal/sema/checker.go:1789.2,1792.38 4 0
github.com/ArubikU/polyloft-bvm/internal/sema/checker.go:1792.38,1793.24 1 0
github.com/ArubikU/polyloft-bvm/internal/sema/checker.go:1793.24,1795.4 1 0
github.com/ArubikU/polyloft-bvm/internal/sema/checker.go:1795.9,1797.4 1 0
github.com/ArubikU/polyloft-bvm/internal/sema/checker.go:1799.2,1800.26 2 0
github.com/ArubikU/polyloft-bvm/internal/sema/checker.go:1800.26,1802.3 1 0
github.com/ArubikU/polyloft-bvm/internal/sema/checker.go:1802.8,1802.37 1 0
github.com/ArubikU/polyloft-bvm/internal/sema/checker.go:1802.37,1804.32 2 0
github.com/ArubikU/polyloft-bvm/internal/sema/checker.go:1804.32,1806.4 1 0
github.com/ArubikU/polyloft-bvm/internal/sema/checker.go:1808.2,1808.113 1 0
github.com/ArubikU/polyloft-bvm/internal/sema/checker.go:1811.73,1812.69 1 0
github.com/ArubikU/polyloft-bvm/internal/sema/checker.go:1812.69,1814.3 1 0
github.com/ArubikU/polyloft-bvm/internal/sema/checker.go:1815.2,1815.16 1 0
github.com/ArubikU/polyloft-bvm/internal/sema/checker.go:1815.16,1817.3 1 0
github.com/ArubikU/polyloft-bvm/internal/sema/checker.go:1818.2,1818.29 1 0
github.com/ArubikU/polyloft-bvm/internal/sema/checker.go:1818.29,1820.3 1 0
github.com/ArubikU/polyloft-bvm/internal/sema/checker.go:1821.2,1822.9 2 0
github.com/ArubikU/polyloft-bvm/internal/sema/checker.go:1822.9,1824.3 1 0
github.com/ArubikU/polyloft-bvm/internal/sema/checker.go:1825.2,1831.36 7 0
github.com/ArubikU/polyloft-bvm/internal/sema/checker.go:1831.36,1833.56 2 0
github.com/ArubikU/polyloft-bvm/internal/sema/checker.go:1833.56,1835.4 1 0
github.com/ArubikU/polyloft-bvm/internal/sema/checker.go:1837.2,1837.38 1 0
github.com/ArubikU/polyloft-bvm/internal/sema/checker.go:1837.38,1839.39 2 0
github.com/ArubikU/polyloft-bvm/internal/sema/checker.go:1839.39,1840.25 1 0
github.com/ArubikU/polyloft-bvm/internal/sema/checker.go:1840.25,1842.5 1 0
github.com/ArubikU/polyloft-bvm/internal/sema/checker.go:1842.10,1844.5 1 0
github.com/ArubikU/polyloft-bvm/internal/sema/checker.go:1846.3,1847.31 2 0
github.com/ArubikU/polyloft-bvm/internal/sema/checker.go:1847.31,1849.4 1 0
github.com/ArubikU/polyloft-bvm/internal/sema/checker.go:1850.3,1850.119 1 0
github.com/ArubikU/polyloft-bvm/internal/sema/checker.go:1852.2,1857.18 6 0
github.com/ArubikU/polyloft-bvm/internal/sema/checker.go:1860.61,1861.20 1 0
github.com/ArubikU/polyloft-bvm/internal/sema/checker.go:1861.20,1863.3 1 0
github.com/ArubikU/polyloft-bvm/internal/sema/checker.go:1864.2,1864.28 1 0
github.com/ArubikU/polyloft-bvm/internal/sema/checker.go:1864.28,1866.40 2 0
github.com/ArubikU/polyloft-bvm/internal/sema/checker.go:1866.40,1868.4 1 0
github.com/ArubikU/polyloft-bvm/internal/sema/checker.go:1869.3,1869.29 1 0
github.com/ArubikU/polyloft-bvm/internal/sema/checker.go:1871.2,1871.22 1 0
github.com/ArubikU/polyloft-bvm/internal/sema/checker.go:1871.22,1872.27 1 0
github.com/ArubikU/polyloft-bvm/internal/sema/checker.go:1872.27,1874.4 1 0
github.com/ArubikU/polyloft-bvm/internal/sema/checker.go:1875.3,1876.39 2 0
github.com/ArubikU/polyloft-bvm/internal/sema/checker.go:1876.39,1878.4 1 0
github.com/ArubikU/polyloft-bvm/internal/sema/checker.go:1879.3,1879.32 1 0
github.com/ArubikU/polyloft-bvm/internal/sema/checker.go:1881.2,1882.35 2 0
github.com/ArubikU/polyloft-bvm/internal/sema/checker.go:1882.35,1884.3 1 0
github.com/ArubikU/polyloft-bvm/internal/sema/checker.go:1885.2,1885.61 1 0
github.com/ArubikU/polyloft-bvm/internal/sema/checker.go:1885.61,1887.3 1 0
github.com/ArubikU/polyloft-bvm/internal/sema/checker.go:1888.2,1888.59 1 0
github.com/ArubikU/polyloft-bvm/internal/sema/checker.go:1888.59,1889.44 1 0
github.com/ArubikU/polyloft-bvm/internal/sema/checker.go:1889.44,1891.4 1 0
github.com/ArubikU/polyloft-bvm/internal/sema/checker.go:1892.3,1896.49 5 0
github.com/ArubikU/polyloft-bvm/internal/sema/checker.go:1898.2,1898.60 1 0
github.com/ArubikU/polyloft-bvm/internal/sema/checker.go:1898.60,1900.3 1 0
github.com/ArubikU/polyloft-bvm/internal/sema/checker.go:1901.2,1901.76 1 0
github.com/ArubikU/polyloft-bvm/internal/sema/checker.go:1901.76,1903.3 1 0
github.com/ArubikU/polyloft-bvm/internal/sema/checker.go:1904.2,1904.49 1 0
github.com/ArubikU/polyloft-bvm/internal/sema/checker.go:1904.49,1905.57 1 0
github.com/ArubikU/polyloft-bvm/internal/sema/checker.go:1905.57,1906.88 1 0
github.com/ArubikU/polyloft-bvm/internal/sema/checker.go:1906.88,1908.5 1 0
github.com/ArubikU/polyloft-bvm/internal/sema/checker.go:1909.4,1909.50 1 0
github.com/ArubikU/polyloft-bvm/internal/sema/checker.go:1911.3,1912.32 2 0
github.com/ArubikU/polyloft-bvm/internal/sema/checker.go:1912.32,1914.4 1 0
github.com/ArubikU/polyloft-bvm/internal/sema/checker.go:1915.3,1915.50 1 0
github.com/ArubikU/polyloft-bvm/internal/sema/checker.go:1917.2,1917.202 1 0
github.com/ArubikU/polyloft-bvm/internal/sema/checker.go:1917.202,1919.3 1 0
github.com/ArubikU/polyloft-bvm/internal/sema/checker.go:1920.2,1920.63 1 0
github.com/ArubikU/polyloft-bvm/internal/sema/checker.go:1920.63,1922.3 1 0
github.com/ArubikU/polyloft-bvm/internal/sema/checker.go:1923.2,1923.70 1 0
github.com/ArubikU/polyloft-bvm/internal/sema/checker.go:1926.70,1927.54 1 0
github.com/ArubikU/polyloft-bvm/internal/sema/checker.go:1927.54,1930.44 3 0
github.com/ArubikU/polyloft-bvm/internal/sema/checker.go:1930.44,1932.4 1 0
github.com/ArubikU/polyloft-bvm/internal/sema/checker.go:1933.3,1933.16 1 0
github.com/ArubikU/polyloft-bvm/internal/sema/checker.go:1935.2,1935.20 1 0
github.com/ArubikU/polyloft-bvm/internal/sema/checker.go:1935.20,1937.3 1 0
github.com/ArubikU/polyloft-bvm/internal/sema/checker.go:1938.2,1938.34 1 0
github.com/ArubikU/polyloft-bvm/internal/sema/checker.go:1941.60,1942.149 1 0
github.com/ArubikU/polyloft-bvm/internal/sema/checker.go:1942.149,1944.3 1 0
github.com/ArubikU/polyloft-bvm/internal/sema/checker.go:1945.2,1945.10 1 0
github.com/ArubikU/polyloft-bvm/internal/sema/checker.go:1948.52,1949.14 1 0
github.com/ArubikU/polyloft-bvm/internal/sema/checker.go:1950.13,1951.31 1 0
github.com/ArubikU/polyloft-bvm/internal/sema/checker.go:1952.13,1953.31 1 0
github.com/ArubikU/polyloft-bvm/internal/sema/checker.go:1954.15,1955.33 1 0
github.com/ArubikU/polyloft-bvm/internal/sema/checker.go:1956.15,1957.33 1 0
github.com/ArubikU/polyloft-bvm/internal/sema/checker.go:1958.16,1959.34 1 0
github.com/ArubikU/polyloft-bvm/internal/sema/checker.go:1960.16,1961.34 1 0
github.com/ArubikU/polyloft-bvm/internal/sema/checker.go:1962.14,1963.32 1 0
github.com/ArubikU/polyloft-bvm/internal/sema/checker.go:1964.14,1965.32 1 0
github.com/ArubikU/polyloft-bvm/internal/sema/checker.go:1966.14,1967.32 1 0
github.com/ArubikU/polyloft-bvm/internal/sema/checker.go:1968.14,1969.32 1 0
github.com/ArubikU/polyloft-bvm/internal/sema/checker.go:1970.16,1971.34 1 0
github.com/ArubikU/polyloft-bvm/internal/sema/checker.go:1972.16,1973.34 1 0
github.com/ArubikU/polyloft-bvm/internal/sema/checker.go:1974.15,1975.33 1 0
github.com/ArubikU/polyloft-bvm/internal/sema/checker.go:1976.13,1977.31 1 0
github.com/ArubikU/polyloft-bvm/internal/sema/checker.go:1978.14,1979.32 1 0
github.com/ArubikU/polyloft-bvm/internal/sema/checker.go:1980.15,1981.33 1 0
github.com/ArubikU/polyloft-bvm/internal/sema/checker.go:1982.13,1983.31 1 0
github.com/ArubikU/polyloft-bvm/internal/sema/checker.go:1984.13,1985.31 1 0
github.com/ArubikU/polyloft-bvm/internal/sema/checker.go:1986.15,1987.33 1 0
github.com/ArubikU/polyloft-bvm/internal/sema/checker.go:1988.15,1989.33 1 0
github.com/ArubikU/polyloft-bvm/internal/sema/checker.go:1990.15,1991.33 1 0
github.com/ArubikU/polyloft-bvm/internal/sema/checker.go:1992.15,1993.33 1 0
github.com/ArubikU/polyloft-bvm/internal/sema/checker.go:1994.18,1995.36 1 0
github.com/ArubikU/polyloft-bvm/internal/sema/checker.go:1996.17,1997.31 1 0
github.com/ArubikU/polyloft-bvm/internal/sema/checker.go:1998.13,1999.31 1 0
github.com/ArubikU/polyloft-bvm/internal/sema/checker.go:2000.10,2001.19 1 0
github.com/ArubikU/polyloft-bvm/internal/sema/checker.go:2005.73,2006.67 1 0
github.com/ArubikU/polyloft-bvm/internal/sema/checker.go:2006.67,2008.3 1 0
github.com/ArubikU/polyloft-bvm/internal/sema/checker.go:2009.2,2009.73 1 0
github.com/ArubikU/polyloft-bvm/internal/sema/checker.go:2009.73,2010.30 1 0
github.com/ArubikU/polyloft-bvm/internal/sema/checker.go:2010.30,2012.4 1 0
github.com/ArubikU/polyloft-bvm/internal/sema/checker.go:2013.3,2013.39 1 0
github.com/ArubikU/polyloft-bvm/internal/sema/checker.go:2015.2,2015.67 1 0
github.com/ArubikU/polyloft-bvm/internal/sema/checker.go:2015.67,2016.30 1 0
github.com/ArubikU/polyloft-bvm/internal/sema/checker.go:2016.30,2018.4 1 0
github.com/ArubikU/polyloft-bvm/internal/sema/checker.go:2019.3,2019.36 1 0
github.com/ArubikU/polyloft-bvm/internal/sema/checker.go:2021.2,2021.71 1 0
github.com/ArubikU/polyloft-bvm/internal/sema/checker.go:2021.71,2023.3 1 0
github.com/ArubikU/polyloft-bvm/internal/sema/checker.go:2024.2,2024.38 1 0
github.com/ArubikU/polyloft-bvm/internal/sema/checker.go:2027.64,2028.46 1 0
github.com/ArubikU/polyloft-bvm/internal/sema/checker.go:2028.46,2030.3 1 0
github.com/ArubikU/polyloft-bvm/internal/sema/checker.go:2031.2,2031.17 1 0
github.com/ArubikU/polyloft-bvm/internal/sema/checker.go:2034.56,2036.2 1 0
github.com/ArubikU/polyloft-bvm/internal/sema/checker.go:2038.94,2039.23 1 0
github.com/ArubikU/polyloft-bvm/internal/sema/checker.go:2039.23,2040.52 1 0
github.com/ArubikU/polyloft-bvm/internal/sema/checker.go:2040.52,2042.4 1 0
github.com/ArubikU/polyloft-bvm/internal/sema/checker.go:2044.2,2046.20 3 0
github.com/ArubikU/polyloft-bvm/internal/sema/checker.go:2046.20,2048.3 1 0
github.com/ArubikU/polyloft-bvm/internal/sema/checker.go:2049.2,2049.14 1 0
github.com/ArubikU/polyloft-bvm/internal/sema/checker.go:2049.14,2050.50 1 0
github.com/ArubikU/polyloft-bvm/internal/sema/checker.go:2050.50,2052.4 1 0
github.com/ArubikU/polyloft-bvm/internal/sema/checker.go:2054.2,2056.30 3 0
github.com/ArubikU/polyloft-bvm/internal/sema/checker.go:2056.30,2058.42 2 0
github.com/ArubikU/polyloft-bvm/internal/sema/checker.go:2058.42,2060.4 1 0
github.com/ArubikU/polyloft-bvm/internal/sema/checker.go:2061.3,2061.41 1 0
github.com/ArubikU/polyloft-bvm/internal/sema/checker.go:2061.41,2065.4 3 0
github.com/ArubikU/polyloft-bvm/internal/sema/checker.go:2067.2,2068.14 2 0
github.com/ArubikU/polyloft-bvm/internal/sema/checker.go:2068.14,2070.3 1 0
github.com/ArubikU/polyloft-bvm/internal/sema/checker.go:2071.2,2071.27 1 0
github.com/ArubikU/polyloft-bvm/internal/sema/checker.go:2071.27,2073.42 2 0
github.com/ArubikU/polyloft-bvm/internal/sema/checker.go:2073.42,2075.4 1 0
github.com/ArubikU/polyloft-bvm/internal/sema/checker.go:2077.2,2077.24 1 0
github.com/ArubikU/polyloft-bvm/internal/sema/checker.go:2077.24,2079.3 1 0
github.com/ArubikU/polyloft-bvm/internal/sema/checker.go:2080.2,2080.26 1 0
github.com/ArubikU/polyloft-bvm/internal/sema/checker.go:2080.26,2082.46 2 0
github.com/ArubikU/polyloft-bvm/internal/sema/checker.go:2082.46,2084.4 1 0
github.com/ArubikU/polyloft-bvm/internal/sema/checker.go:2085.3,2086.36 2 0
github.com/ArubikU/polyloft-bvm/internal/sema/checker.go:2086.36,2088.4 1 0
github.com/ArubikU/polyloft-bvm/internal/sema/checker.go:2089.3,2089.130 1 0
github.com/ArubikU/polyloft-bvm/internal/sema/checker.go:2091.2,2091.40 1 0
github.com/ArubikU/polyloft-bvm/internal/sema/checker.go:2091.40,2093.54 2 0
github.com/ArubikU/polyloft-bvm/internal/sema/checker.go:2093.54,2094.23 1 0
github.com/ArubikU/polyloft-bvm/internal/sema/checker.go:2094.23,2095.13 1 0
github.com/ArubikU/polyloft-bvm/internal/sema/checker.go:2097.4,2098.42 2 0
github.com/ArubikU/polyloft-bvm/internal/sema/checker.go:2098.42,2100.5 1 0
github.com/ArubikU/polyloft-bvm/internal/sema/checker.go:2101.4,2102.37 2 0
github.com/ArubikU/polyloft-bvm/internal/sema/checker.go:2102.37,2104.5 1 0
github.com/ArubikU/polyloft-bvm/internal/sema/checker.go:2105.4,2105.165 1 0
github.com/ArubikU/polyloft-bvm/internal/sema/checker.go:2108.2,2108.11 1 0
github.com/ArubikU/polyloft-bvm/internal/sema/checker.go:2111.96,2113.2 1 0
github.com/ArubikU/polyloft-bvm/internal/sema/checker.go:2115.155,2117.27 2 0
github.com/ArubikU/polyloft-bvm/internal/sema/checker.go:2117.27,2119.3 1 0
github.com/ArubikU/polyloft-bvm/internal/sema/checker.go:2120.2,2120.49 1 0
github.com/ArubikU/polyloft-bvm/internal/sema/checker.go:2120.49,2122.3 1 0
github.com/ArubikU/polyloft-bvm/internal/sema/checker.go:2123.2,2125.36 3 0
github.com/ArubikU/polyloft-bvm/internal/sema/checker.go:2125.36,2127.3 1 0
github.com/ArubikU/polyloft-bvm/internal/sema/checker.go:2128.2,2128.22 1 0
github.com/ArubikU/polyloft-bvm/internal/sema/checker.go:2131.63,2133.27 2 0
github.com/ArubikU/polyloft-bvm/internal/sema/checker.go:2133.27,2135.42 2 0
github.com/ArubikU/polyloft-bvm/internal/sema/checker.go:2135.42,2137.4 1 0
github.com/ArubikU/polyloft-bvm/internal/sema/checker.go:2139.2,2139.26 1 0
github.com/ArubikU/polyloft-bvm/internal/sema/checker.go:2139.26,2141.46 2 0
github.com/ArubikU/polyloft-bvm/internal/sema/checker.go:2141.46,2143.4 1 0
github.com/ArubikU/polyloft-bvm/internal/sema/checker.go:2144.3,2145.36 2 0
github.com/ArubikU/polyloft-bvm/internal/sema/checker.go:2145.36,2147.4 1 0
github.com/ArubikU/polyloft-bvm/internal/sema/checker.go:2148.3,2148.130 1 0
github.com/ArubikU/polyloft-bvm/internal/sema/checker.go:2150.2,2150.40 1 0
github.com/ArubikU/polyloft-bvm/internal/sema/checker.go:2150.40,2152.54 2 0
github.com/ArubikU/polyloft-bvm/internal/sema/checker.go:2152.54,2153.23 1 0
github.com/ArubikU/polyloft-bvm/internal/sema/checker.go:2153.23,2154.13 1 0
github.com/ArubikU/polyloft-bvm/internal/sema/checker.go:2156.4,2157.42 2 0
github.com/ArubikU/polyloft-bvm/internal/sema/checker.go:2157.42,2159.5 1 0
github.com/ArubikU/polyloft-bvm/internal/sema/checker.go:2160.4,2161.37 2 0
github.com/ArubikU/polyloft-bvm/internal/sema/checker.go:2161.37,2163.5 1 0
github.com/ArubikU/polyloft-bvm/internal/sema/checker.go:2164.4,2164.165 1 0
github.com/ArubikU/polyloft-bvm/internal/sema/checker.go:2167.2,2167.10 1 0
github.com/ArubikU/polyloft-bvm/internal/sema/checker.go:2170.89,2172.19 2 0
github.com/ArubikU/polyloft-bvm/internal/sema/checker.go:2172.19,2174.3 1 0
github.com/ArubikU/polyloft-bvm/internal/sema/checker.go:2175.2,2175.23 1 0
github.com/ArubikU/polyloft-bvm/internal/sema/checker.go:2175.23,2176.46 1 0
github.com/ArubikU/polyloft-bvm/internal/sema/checker.go:2176.46,2178.4 1 0
github.com/ArubikU/polyloft-bvm/internal/sema/checker.go:2180.2,2181.25 2 0
github.com/ArubikU/polyloft-bvm/internal/sema/checker.go:2181.25,2183.35 2 0
github.com/ArubikU/polyloft-bvm/internal/sema/checker.go:2183.35,2185.4 1 0
github.com/ArubikU/polyloft-bvm/internal/sema/checker.go:2186.3,2186.29 1 0
github.com/ArubikU/polyloft-bvm/internal/sema/checker.go:2188.2,2190.27 3 0
github.com/ArubikU/polyloft-bvm/internal/sema/checker.go:2190.27,2192.3 1 0
github.com/ArubikU/polyloft-bvm/internal/sema/checker.go:2193.2,2193.46 1 0
github.com/ArubikU/polyloft-bvm/internal/sema/checker.go:2193.46,2195.3 1 0
github.com/ArubikU/polyloft-bvm/internal/sema/checker.go:2196.2,2196.44 1 0
github.com/ArubikU/polyloft-bvm/internal/sema/checker.go:2196.44,2197.29 1 0
github.com/ArubikU/polyloft-bvm/internal/sema/checker.go:2197.29,2199.4 1 0
github.com/ArubikU/polyloft-bvm/internal/sema/checker.go:2200.3,2204.57 5 0
github.com/ArubikU/polyloft-bvm/internal/sema/checker.go:2206.2,2206.45 1 0
github.com/ArubikU/polyloft-bvm/internal/sema/checker.go:2206.45,2208.3 1 0
github.com/ArubikU/polyloft-bvm/internal/sema/checker.go:2209.2,2209.61 1 0
github.com/ArubikU/polyloft-bvm/internal/sema/checker.go:2209.61,2211.3 1 0
github.com/ArubikU/polyloft-bvm/internal/sema/checker.go:2212.2,2212.34 1 0
github.com/ArubikU/polyloft-bvm/internal/sema/checker.go:2212.34,2214.32 2 0
github.com/ArubikU/polyloft-bvm/internal/sema/checker.go:2214.32,2216.4 1 0
github.com/ArubikU/polyloft-bvm/internal/sema/checker.go:2217.3,2217.58 1 0
github.com/ArubikU/polyloft-bvm/internal/sema/checker.go:2219.2,2219.86 1 0
github.com/ArubikU/polyloft-bvm/internal/sema/checker.go:2219.86,2221.3 1 0
github.com/ArubikU/polyloft-bvm/internal/sema/checker.go:2222.2,2222.48 1 0
github.com/ArubikU/polyloft-bvm/internal/sema/checker.go:2222.48,2224.3 1 0
github.com/ArubikU/polyloft-bvm/internal/sema/checker.go:2225.2,2225.63 1 0
github.com/ArubikU/polyloft-bvm/internal/sema/checker.go:2228.63,2230.39 2 0
github.com/ArubikU/polyloft-bvm/internal/sema/checker.go:2230.39,2232.3 1 0
github.com/ArubikU/polyloft-bvm/internal/sema/checker.go:2233.2,2235.30 3 0
github.com/ArubikU/polyloft-bvm/internal/sema/checker.go:2235.30,2236.13 1 0
github.com/ArubikU/polyloft-bvm/internal/sema/checker.go:2237.12,2238.18 1 0
github.com/ArubikU/polyloft-bvm/internal/sema/checker.go:2238.18,2240.5 1 0
github.com/ArubikU/polyloft-bvm/internal/sema/checker.go:2241.4,2241.11 1 0
github.com/ArubikU/polyloft-bvm/internal/sema/checker.go:2242.12,2243.11 1 0
github.com/ArubikU/polyloft-bvm/internal/sema/checker.go:2246.2,2246.15 1 0
github.com/ArubikU/polyloft-bvm/internal/sema/checker.go:2246.15,2248.3 1 0
github.com/ArubikU/polyloft-bvm/internal/sema/checker.go:2249.2,2249.103 1 0
github.com/ArubikU/polyloft-bvm/internal/sema/checker.go:2252.63,2256.27 4 0
github.com/ArubikU/polyloft-bvm/internal/sema/checker.go:2256.27,2257.13 1 0
github.com/ArubikU/polyloft-bvm/internal/sema/checker.go:2258.12,2259.11 1 0
github.com/ArubikU/polyloft-bvm/internal/sema/checker.go:2260.12,2261.17 1 0
github.com/ArubikU/polyloft-bvm/internal/sema/checker.go:2261.17,2263.5 1 0
github.com/ArubikU/polyloft-bvm/internal/sema/checker.go:2264.11,2265.37 1 0
github.com/ArubikU/polyloft-bvm/internal/sema/checker.go:2265.37,2268.5 2 0
github.com/ArubikU/polyloft-bvm/internal/sema/checker.go:2271.2,2272.14 2 0
github.com/ArubikU/polyloft-bvm/internal/sema/checker.go:2275.100,2276.45 1 0
github.com/ArubikU/polyloft-bvm/internal/sema/checker.go:2276.45,2278.58 2 0
github.com/ArubikU/polyloft-bvm/internal/sema/checker.go:2278.58,2279.48 1 0
github.com/ArubikU/polyloft-bvm/internal/sema/checker.go:2279.48,2281.16 2 0
github.com/ArubikU/polyloft-bvm/internal/sema/checker.go:2281.16,2282.30 1 0
github.com/ArubikU/polyloft-bvm/internal/sema/checker.go:2282.30,2283.15 1 0
github.com/ArubikU/polyloft-bvm/internal/sema/checker.go:2285.6,2285.155 1 0
github.com/ArubikU/polyloft-bvm/internal/sema/checker.go:2287.5,2287.53 1 0
github.com/ArubikU/polyloft-bvm/internal/sema/checker.go:2287.53,2289.6 1 0
github.com/ArubikU/polyloft-bvm/internal/sema/checker.go:2291.4,2291.12 1 0
github.com/ArubikU/polyloft-bvm/internal/sema/checker.go:2293.3,2293.96 1 0
github.com/ArubikU/polyloft-bvm/internal/sema/checker.go:2293.96,2294.52 1 0
github.com/ArubikU/polyloft-bvm/internal/sema/checker.go:2294.52,2296.16 2 0
github.com/ArubikU/polyloft-bvm/internal/sema/checker.go:2296.16,2297.30 1 0
github.com/ArubikU/polyloft-bvm/internal/sema/checker.go:2297.30,2298.15 1 0
github.com/ArubikU/polyloft-bvm/internal/sema/checker.go:2300.6,2300.155 1 0
github.com/ArubikU/polyloft-bvm/internal/sema/checker.go:2302.5,2302.53 1 0
github.com/ArubikU/polyloft-bvm/internal/sema/checker.go:2302.53,2304.6 1 0
github.com/ArubikU/polyloft-bvm/internal/sema/checker.go:2306.4,2306.12 1 0
github.com/ArubikU/polyloft-bvm/internal/sema/checker.go:2308.3,2308.28 1 0
github.com/ArubikU/polyloft-bvm/internal/sema/checker.go:2309.19,2311.73 2 0
github.com/ArubikU/polyloft-bvm/internal/sema/checker.go:2311.73,2313.5 1 0
github.com/ArubikU/polyloft-bvm/internal/sema/checker.go:2314.4,2315.73 2 0
github.com/ArubikU/polyloft-bvm/internal/sema/checker.go:2315.73,2317.5 1 0
github.com/ArubikU/polyloft-bvm/internal/sema/checker.go:2318.23,2320.73 2 0
github.com/ArubikU/polyloft-bvm/internal/sema/checker.go:2320.73,2322.5 1 0
github.com/ArubikU/polyloft-bvm/internal/sema/checker.go:2323.4,2324.11 2 0
github.com/ArubikU/polyloft-bvm/internal/sema/checker.go:2324.11,2326.5 1 0
github.com/ArubikU/polyloft-bvm/internal/sema/checker.go:2327.4,2327.73 1 0
github.com/ArubikU/polyloft-bvm/internal/sema/checker.go:2327.73,2329.5 1 0
github.com/ArubikU/polyloft-bvm/internal/sema/checker.go:2330.11,2331.116 1 0
github.com/ArubikU/polyloft-bvm/internal/sema/checker.go:2334.2,2334.12 1 0
github.com/ArubikU/polyloft-bvm/internal/sema/checker.go:2338.78,2339.38 1 0
github.com/ArubikU/polyloft-bvm/internal/sema/checker.go:2339.38,2341.3 1 0
github.com/ArubikU/polyloft-bvm/internal/sema/checker.go:2342.2,2342.56 1 0
github.com/ArubikU/polyloft-bvm/internal/sema/checker.go:2342.56,2344.3 1 0
github.com/ArubikU/polyloft-bvm/internal/sema/checker.go:2345.2,2345.66 1 0
github.com/ArubikU/polyloft-bvm/internal/sema/checker.go:2345.66,2347.3 1 0
github.com/ArubikU/polyloft-bvm/internal/sema/checker.go:2348.2,2348.42 1 0
github.com/ArubikU/polyloft-bvm/internal/sema/checker.go:2348.42,2349.78 1 0
github.com/ArubikU/polyloft-bvm/internal/sema/checker.go:2349.78,2351.4 1 0
github.com/ArubikU/polyloft-bvm/internal/sema/checker.go:2353.2,2353.70 1 0
github.com/ArubikU/polyloft-bvm/internal/sema/checker.go:2353.70,2355.3 1 0
github.com/ArubikU/polyloft-bvm/internal/sema/checker.go:2356.2,2356.95 1 0
github.com/ArubikU/polyloft-bvm/internal/sema/checker.go:2356.95,2358.3 1 0
github.com/ArubikU/polyloft-bvm/internal/sema/checker.go:2359.2,2359.109 1 0
github.com/ArubikU/polyloft-bvm/internal/sema/checker.go:2361.72,2362.19 1 0
github.com/ArubikU/polyloft-bvm/internal/sema/checker.go:2362.19,2363.29 1 0
github.com/ArubikU/polyloft-bvm/internal/sema/checker.go:2363.29,2365.4 1 0
github.com/ArubikU/polyloft-bvm/internal/sema/checker.go:2366.3,2366.39 1 0
github.com/ArubikU/polyloft-bvm/internal/sema/checker.go:2366.39,2367.39 1 0
github.com/ArubikU/polyloft-bvm/internal/sema/checker.go:2367.39,2368.13 1 0
github.com/ArubikU/polyloft-bvm/internal/sema/checker.go:2370.4,2370.156 1 0
github.com/ArubikU/polyloft-bvm/internal/sema/checker.go:2373.2,2373.36 1 0
github.com/ArubikU/polyloft-bvm/internal/sema/checker.go:2373.36,2375.84 2 0
github.com/ArubikU/polyloft-bvm/internal/sema/checker.go:2375.84,2377.4 1 0
github.com/ArubikU/polyloft-bvm/internal/sema/checker.go:2378.3,2378.10 1 0
github.com/ArubikU/polyloft-bvm/internal/sema/checker.go:2378.10,2379.164 1 0
github.com/ArubikU/polyloft-bvm/internal/sema/checker.go:2379.164,2381.5 1 0
github.com/ArubikU/polyloft-bvm/internal/sema/checker.go:2384.2,2384.12 1 0
github.com/ArubikU/polyloft-bvm/internal/sema/checker.go:2387.64,2388.17 1 0
github.com/ArubikU/polyloft-bvm/internal/sema/checker.go:2388.17,2389.22 1 0
github.com/ArubikU/polyloft-bvm/internal/sema/checker.go:2389.22,2391.4 1 0
github.com/ArubikU/polyloft-bvm/internal/sema/checker.go:2392.3,2392.29 1 0
github.com/ArubikU/polyloft-bvm/internal/sema/checker.go:2392.29,2394.4 1 0
github.com/ArubikU/polyloft-bvm/internal/sema/checker.go:2395.3,2395.31 1 0
github.com/ArubikU/polyloft-bvm/internal/sema/checker.go:2395.31,2397.4 1 0
github.com/ArubikU/polyloft-bvm/internal/sema/checker.go:2398.3,2398.39 1 0
github.com/ArubikU/polyloft-bvm/internal/sema/checker.go:2398.39,2399.25 1 0
github.com/ArubikU/polyloft-bvm/internal/sema/checker.go:2399.25,2401.5 1 0
github.com/ArubikU/polyloft-bvm/internal/sema/checker.go:2403.3,2403.13 1 0
github.com/ArubikU/polyloft-bvm/internal/sema/checker.go:2405.2,2405.19 1 0
github.com/ArubikU/polyloft-bvm/internal/sema/checker.go:2405.19,2406.29 1 0
github.com/ArubikU/polyloft-bvm/internal/sema/checker.go:2406.29,2408.4 1 0
github.com/ArubikU/polyloft-bvm/internal/sema/checker.go:2409.3,2409.39 1 0
github.com/ArubikU/polyloft-bvm/internal/sema/checker.go:2409.39,2410.39 1 0
github.com/ArubikU/polyloft-bvm/internal/sema/checker.go:2410.39,2411.13 1 0
github.com/ArubikU/polyloft-bvm/internal/sema/checker.go:2413.4,2413.152 1 0
github.com/ArubikU/polyloft-bvm/internal/sema/checker.go:2416.2,2416.38 1 0
github.com/ArubikU/polyloft-bvm/internal/sema/checker.go:2416.38,2417.44 1 0
github.com/ArubikU/polyloft-bvm/internal/sema/checker.go:2417.44,2419.4 1 0
github.com/ArubikU/polyloft-bvm/internal/sema/checker.go:2421.2,2421.28 1 0
github.com/ArubikU/polyloft-bvm/internal/sema/checker.go:2421.28,2422.67 1 0
github.com/ArubikU/polyloft-bvm/internal/sema/checker.go:2422.67,2423.83 1 0
github.com/ArubikU/polyloft-bvm/internal/sema/checker.go:2423.83,2425.5 1 0
github.com/ArubikU/polyloft-bvm/internal/sema/checker.go:2426.9,2426.80 1 0
github.com/ArubikU/polyloft-bvm/internal/sema/checker.go:2426.80,2427.83 1 0
github.com/ArubikU/polyloft-bvm/internal/sema/checker.go:2427.83,2429.5 1 0
github.com/ArubikU/polyloft-bvm/internal/sema/checker.go:2432.2,2432.40 1 0
github.com/ArubikU/polyloft-bvm/internal/sema/checker.go:2432.40,2433.63 1 0
github.com/ArubikU/polyloft-bvm/internal/sema/checker.go:2433.63,2434.81 1 0
github.com/ArubikU/polyloft-bvm/internal/sema/checker.go:2434.81,2436.5 1 0
github.com/ArubikU/polyloft-bvm/internal/sema/checker.go:2437.9,2437.69 1 0
github.com/ArubikU/polyloft-bvm/internal/sema/checker.go:2437.69,2438.110 1 0
github.com/ArubikU/polyloft-bvm/internal/sema/checker.go:2438.110,2440.5 1 0
github.com/ArubikU/polyloft-bvm/internal/sema/checker.go:2443.2,2443.22 1 0
github.com/ArubikU/polyloft-bvm/internal/sema/checker.go:2443.22,2445.23 2 0
github.com/ArubikU/polyloft-bvm/internal/sema/checker.go:2445.23,2447.4 1 0
github.com/ArubikU/polyloft-bvm/internal/sema/checker.go:2449.2,2449.12 1 0
github.com/ArubikU/polyloft-bvm/internal/sema/checker.go:2452.67,2454.24 2 0
github.com/ArubikU/polyloft-bvm/internal/sema/checker.go:2454.24,2456.3 1 0
github.com/ArubikU/polyloft-bvm/internal/sema/checker.go:2457.2,2458.29 2 0
github.com/ArubikU/polyloft-bvm/internal/sema/checker.go:2458.29,2460.3 1 0
github.com/ArubikU/polyloft-bvm/internal/sema/checker.go:2461.2,2461.25 1 0
github.com/ArubikU/polyloft-bvm/internal/sema/checker.go:2464.103,2465.21 1 0
github.com/ArubikU/polyloft-bvm/internal/sema/checker.go:2465.21,2467.3 1 0
github.com/ArubikU/polyloft-bvm/internal/sema/checker.go:2468.2,2471.9 4 0
github.com/ArubikU/polyloft-bvm/internal/sema/checker.go:2471.9,2472.77 1 0
github.com/ArubikU/polyloft-bvm/internal/sema/checker.go:2472.77,2473.63 1 0
github.com/ArubikU/polyloft-bvm/internal/sema/checker.go:2473.63,2474.52 1 0
github.com/ArubikU/polyloft-bvm/internal/sema/checker.go:2474.52,2476.6 1 0
github.com/ArubikU/polyloft-bvm/internal/sema/checker.go:2479.3,2479.18 1 0
github.com/ArubikU/polyloft-bvm/internal/sema/checker.go:2481.2,2481.33 1 0
github.com/ArubikU/polyloft-bvm/internal/sema/checker.go:2481.33,2482.89 1 0
github.com/ArubikU/polyloft-bvm/internal/sema/checker.go:2482.89,2484.4 1 0
github.com/ArubikU/polyloft-bvm/internal/sema/checker.go:2486.2,2486.43 1 0
github.com/ArubikU/polyloft-bvm/internal/sema/checker.go:2486.43,2487.44 1 0
github.com/ArubikU/polyloft-bvm/internal/sema/checker.go:2487.44,2488.12 1 0
github.com/ArubikU/polyloft-bvm/internal/sema/checker.go:2490.3,2490.24 1 0
github.com/ArubikU/polyloft-bvm/internal/sema/checker.go:2490.24,2492.12 2 0
github.com/ArubikU/polyloft-bvm/internal/sema/checker.go:2494.3,2494.39 1 0
github.com/ArubikU/polyloft-bvm/internal/sema/checker.go:2496.2,2496.17 1 0
github.com/ArubikU/polyloft-bvm/internal/sema/checker.go:2499.73,2500.33 1 0
github.com/ArubikU/polyloft-bvm/internal/sema/checker.go:2500.33,2501.33 1 0
github.com/ArubikU/polyloft-bvm/internal/sema/checker.go:2501.33,2503.4 1 0
github.com/ArubikU/polyloft-bvm/internal/sema/checker.go:2505.2,2505.14 1 0
github.com/ArubikU/polyloft-bvm/internal/sema/checker.go:2508.57,2509.25 1 0
github.com/ArubikU/polyloft-bvm/internal/sema/checker.go:2509.25,2511.3 1 0
github.com/ArubikU/polyloft-bvm/internal/sema/checker.go:2512.2,2512.24 1 0
github.com/ArubikU/polyloft-bvm/internal/sema/checker.go:2515.47,2516.34 1 0
github.com/ArubikU/polyloft-bvm/internal/sema/checker.go:2516.34,2518.3 1 0
github.com/ArubikU/polyloft-bvm/internal/sema/checker.go:2519.2,2519.41 1 0
github.com/ArubikU/polyloft-bvm/internal/sema/checker.go:2519.41,2521.3 1 0
github.com/ArubikU/polyloft-bvm/internal/sema/checker.go:2522.2,2523.11 2 0
github.com/ArubikU/polyloft-bvm/internal/sema/checker.go:2526.48,2527.21 1 0
github.com/ArubikU/polyloft-bvm/internal/sema/checker.go:2527.21,2529.3 1 0
github.com/ArubikU/polyloft-bvm/internal/sema/checker.go:2530.2,2531.29 2 0
github.com/ArubikU/polyloft-bvm/internal/sema/checker.go:2531.29,2533.3 1 0
github.com/ArubikU/polyloft-bvm/internal/sema/checker.go:2534.2,2534.16 1 0
github.com/ArubikU/polyloft-bvm/internal/sema/checker.go:2537.59,2538.23 1 0
github.com/ArubikU/polyloft-bvm/internal/sema/checker.go:2538.23,2540.3 1 0
github.com/ArubikU/polyloft-bvm/internal/sema/checker.go:2541.2,2542.33 2 0
github.com/ArubikU/polyloft-bvm/internal/sema/checker.go:2542.33,2544.3 1 0
github.com/ArubikU/polyloft-bvm/internal/sema/checker.go:2545.2,2545.14 1 0
github.com/ArubikU/polyloft-bvm/internal/sema/checker.go:2548.39,2549.21 1 0
github.com/ArubikU/polyloft-bvm/internal/sema/checker.go:2549.21,2551.3 1 0
github.com/ArubikU/polyloft-bvm/internal/sema/checker.go:2552.2,2553.33 2 0
github.com/ArubikU/polyloft-bvm/internal/sema/checker.go:2553.33,2555.3 1 0
github.com/ArubikU/polyloft-bvm/internal/sema/checker.go:2556.2,2556.12 1 0
github.com/ArubikU/polyloft-bvm/internal/sema/checker.go:2559.150,2560.20 1 0
github.com/ArubikU/polyloft-bvm/internal/sema/checker.go:2560.20,2561.29 1 0
github.com/ArubikU/polyloft-bvm/internal/sema/checker.go:2562.15,2563.42 1 0
github.com/ArubikU/polyloft-bvm/internal/sema/checker.go:2563.42,2565.5 1 0
github.com/ArubikU/polyloft-bvm/internal/sema/checker.go:2566.4,2566.155 1 0
github.com/ArubikU/polyloft-bvm/internal/sema/checker.go:2566.155,2568.5 1 0
github.com/ArubikU/polyloft-bvm/internal/sema/checker.go:2569.17,2570.42 1 0
github.com/ArubikU/polyloft-bvm/internal/sema/checker.go:2570.42,2572.5 1 0
github.com/ArubikU/polyloft-bvm/internal/sema/checker.go:2575.2,2575.48 1 0
github.com/ArubikU/polyloft-bvm/internal/sema/checker.go:2575.48,2576.54 1 0
github.com/ArubikU/polyloft-bvm/internal/sema/checker.go:2577.19,2578.47 1 0
github.com/ArubikU/polyloft-bvm/internal/sema/checker.go:2578.47,2580.5 1 0
github.com/ArubikU/polyloft-bvm/internal/sema/checker.go:2581.17,2582.21 1 0
github.com/ArubikU/polyloft-bvm/internal/sema/checker.go:2582.21,2584.5 1 0
github.com/ArubikU/polyloft-bvm/internal/sema/checker.go:2585.4,2585.42 1 0
github.com/ArubikU/polyloft-bvm/internal/sema/checker.go:2585.42,2587.5 1 0
github.com/ArubikU/polyloft-bvm/internal/sema/checker.go:2588.4,2588.57 1 0
github.com/ArubikU/polyloft-bvm/internal/sema/checker.go:2588.57,2590.5 1 0
github.com/ArubikU/polyloft-bvm/internal/sema/checker.go:2591.15,2592.21 1 0
github.com/ArubikU/polyloft-bvm/internal/sema/checker.go:2592.21,2594.5 1 0
github.com/ArubikU/polyloft-bvm/internal/sema/checker.go:2595.4,2595.42 1 0
github.com/ArubikU/polyloft-bvm/internal/sema/checker.go:2595.42,2597.5 1 0
github.com/ArubikU/polyloft-bvm/internal/sema/checker.go:2598.4,2598.59 1 0
github.com/ArubikU/polyloft-bvm/internal/sema/checker.go:2598.59,2600.5 1 0
github.com/ArubikU/polyloft-bvm/internal/sema/checker.go:2603.2,2605.12 3 0
github.com/ArubikU/polyloft-bvm/internal/sema/checker.go:2608.91,2609.33 1 0
github.com/ArubikU/polyloft-bvm/internal/sema/checker.go:2609.33,2611.9 2 0
github.com/ArubikU/polyloft-bvm/internal/sema/checker.go:2611.9,2612.21 1 0
github.com/ArubikU/polyloft-bvm/internal/sema/checker.go:2612.21,2613.72 1 0
github.com/ArubikU/polyloft-bvm/internal/sema/checker.go:2613.72,2615.6 1 0
github.com/ArubikU/polyloft-bvm/internal/sema/checker.go:2616.10,2616.45 1 0
github.com/ArubikU/polyloft-bvm/internal/sema/checker.go:2616.45,2617.88 1 0
github.com/ArubikU/polyloft-bvm/internal/sema/checker.go:2617.88,2619.6 1 0
github.com/ArubikU/polyloft-bvm/internal/sema/checker.go:2623.2,2623.45 1 0
github.com/ArubikU/polyloft-bvm/internal/sema/checker.go:2623.45,2624.59 1 0
github.com/ArubikU/polyloft-bvm/internal/sema/checker.go:2624.59,2625.66 1 0
github.com/ArubikU/polyloft-bvm/internal/sema/checker.go:2625.66,2627.5 1 0
github.com/ArubikU/polyloft-bvm/internal/sema/checker.go:2628.4,2628.12 1 0
github.com/ArubikU/polyloft-bvm/internal/sema/checker.go:2630.3,2630.54 1 0
github.com/ArubikU/polyloft-bvm/internal/sema/checker.go:2630.54,2631.70 1 0
github.com/ArubikU/polyloft-bvm/internal/sema/checker.go:2631.70,2633.5 1 0
github.com/ArubikU/polyloft-bvm/internal/sema/checker.go:2634.4,2634.12 1 0
github.com/ArubikU/polyloft-bvm/internal/sema/checker.go:2636.3,2636.28 1 0
github.com/ArubikU/polyloft-bvm/internal/sema/checker.go:2637.19,2638.73 1 0
github.com/ArubikU/polyloft-bvm/internal/sema/checker.go:2638.73,2640.5 1 0
github.com/ArubikU/polyloft-bvm/internal/sema/checker.go:2641.23,2642.117 1 0
github.com/ArubikU/polyloft-bvm/internal/sema/checker.go:2642.117,2644.5 1 0
github.com/ArubikU/polyloft-bvm/internal/sema/checker.go:2647.2,2647.14 1 0
github.com/ArubikU/polyloft-bvm/internal/sema/checker.go:2650.63,2653.76 3 0
github.com/ArubikU/polyloft-bvm/internal/sema/checker.go:2653.76,2655.3 1 0
github.com/ArubikU/polyloft-bvm/internal/sema/checker.go:2656.2,2656.31 1 0
github.com/ArubikU/polyloft-bvm/internal/sema/checker.go:2656.31,2657.30 1 0
github.com/ArubikU/polyloft-bvm/internal/sema/checker.go:2658.14,2659.15 1 0
github.com/ArubikU/polyloft-bvm/internal/sema/checker.go:2660.18,2661.79 1 0
github.com/ArubikU/polyloft-bvm/internal/sema/checker.go:2662.16,2663.79 1 0
github.com/ArubikU/polyloft-bvm/internal/sema/checker.go:2666.2,2666.24 1 0
github.com/ArubikU/polyloft-bvm/internal/sema/checker.go:2666.24,2667.30 1 0
github.com/ArubikU/polyloft-bvm/internal/sema/checker.go:2667.30,2669.4 1 0
github.com/ArubikU/polyloft-bvm/internal/sema/checker.go:2670.3,2670.39 1 0
github.com/ArubikU/polyloft-bvm/internal/sema/checker.go:2670.39,2671.38 1 0
github.com/ArubikU/polyloft-bvm/internal/sema/checker.go:2671.38,2673.5 1 0
github.com/ArubikU/polyloft-bvm/internal/sema/checker.go:2675.3,2675.14 1 0
github.com/ArubikU/polyloft-bvm/internal/sema/checker.go:2677.2,2677.184 1 0
github.com/ArubikU/polyloft-bvm/internal/sema/checker.go:2677.184,2679.34 2 0
github.com/ArubikU/polyloft-bvm/internal/sema/checker.go:2679.34,2681.4 1 0
github.com/ArubikU/polyloft-bvm/internal/sema/checker.go:2682.3,2682.20 1 0
github.com/ArubikU/polyloft-bvm/internal/sema/checker.go:2682.20,2684.4 1 0
github.com/ArubikU/polyloft-bvm/internal/sema/checker.go:2685.3,2687.33 3 0
github.com/ArubikU/polyloft-bvm/internal/sema/checker.go:2687.33,2688.28 1 0
github.com/ArubikU/polyloft-bvm/internal/sema/checker.go:2688.28,2690.5 1 0
github.com/ArubikU/polyloft-bvm/internal/sema/checker.go:2690.10,2692.5 1 0
github.com/ArubikU/polyloft-bvm/internal/sema/checker.go:2693.4,2693.28 1 0
github.com/ArubikU/polyloft-bvm/internal/sema/checker.go:2693.28,2695.5 1 0
github.com/ArubikU/polyloft-bvm/internal/sema/checker.go:2695.10,2697.5 1 0
github.com/ArubikU/polyloft-bvm/internal/sema/checker.go:2699.3,2699.33 1 0
github.com/ArubikU/polyloft-bvm/internal/sema/checker.go:2699.33,2700.40 1 0
github.com/ArubikU/polyloft-bvm/internal/sema/checker.go:2700.40,2701.54 1 0
github.com/ArubikU/polyloft-bvm/internal/sema/checker.go:2701.54,2703.6 1 0
github.com/ArubikU/polyloft-bvm/internal/sema/checker.go:2704.5,2704.13 1 0
github.com/ArubikU/polyloft-bvm/internal/sema/checker.go:2706.4,2706.53 1 0
github.com/ArubikU/polyloft-bvm/internal/sema/checker.go:2706.53,2708.5 1 0
github.com/ArubikU/polyloft-bvm/internal/sema/checker.go:2710.3,2710.14 1 0
github.com/ArubikU/polyloft-bvm/internal/sema/checker.go:2712.2,2712.83 1 0
github.com/ArubikU/polyloft-bvm/internal/sema/checker.go:2712.83,2714.3 1 0
github.com/ArubikU/polyloft-bvm/internal/sema/checker.go:2715.2,2715.54 1 0
github.com/ArubikU/polyloft-bvm/internal/sema/checker.go:2715.54,2716.65 1 0
github.com/ArubikU/polyloft-bvm/internal/sema/checker.go:2716.65,2718.4 1 0
github.com/ArubikU/polyloft-bvm/internal/sema/checker.go:2719.3,2719.41 1 0
github.com/ArubikU/polyloft-bvm/internal/sema/checker.go:2719.41,2720.77 1 0
github.com/ArubikU/polyloft-bvm/internal/sema/checker.go:2720.77,2722.5 1 0
github.com/ArubikU/polyloft-bvm/internal/sema/checker.go:2724.3,2724.69 1 0
github.com/ArubikU/polyloft-bvm/internal/sema/checker.go:2724.69,2726.4 1 0
github.com/ArubikU/polyloft-bvm/internal/sema/checker.go:2727.3,2727.108 1 0
github.com/ArubikU/polyloft-bvm/internal/sema/checker.go:2729.2,2729.37 1 0
github.com/ArubikU/polyloft-bvm/internal/sema/checker.go:2729.37,2731.3 1 0
github.com/ArubikU/polyloft-bvm/internal/sema/checker.go:2732.2,2732.71 1 0
github.com/ArubikU/polyloft-bvm/internal/sema/checker.go:2732.71,2734.3 1 0
github.com/ArubikU/polyloft-bvm/internal/sema/checker.go:2735.2,2735.50 1 0
github.com/ArubikU/polyloft-bvm/internal/sema/checker.go:2735.50,2736.31 1 0
github.com/ArubikU/polyloft-bvm/internal/sema/checker.go:2736.31,2738.4 1 0
github.com/ArubikU/polyloft-bvm/internal/sema/checker.go:2739.3,2739.41 1 0
github.com/ArubikU/polyloft-bvm/internal/sema/checker.go:2739.41,2741.4 1 0
github.com/ArubikU/polyloft-bvm/internal/sema/checker.go:2743.2,2743.56 1 0
github.com/ArubikU/polyloft-bvm/internal/sema/checker.go:2743.56,2745.3 1 0
github.com/ArubikU/polyloft-bvm/internal/sema/checker.go:2746.2,2746.48 1 0
github.com/ArubikU/polyloft-bvm/internal/sema/checker.go:2746.48,2748.3 1 0
github.com/ArubikU/polyloft-bvm/internal/sema/checker.go:2749.2,2749.24 1 0
github.com/ArubikU/polyloft-bvm/internal/sema/checker.go:2749.24,2750.44 1 0
github.com/ArubikU/polyloft-bvm/internal/sema/checker.go:2750.44,2752.50 2 0
github.com/ArubikU/polyloft-bvm/internal/sema/checker.go:2752.50,2754.5 1 0
github.com/ArubikU/polyloft-bvm/internal/sema/checker.go:2756.3,2756.33 1 0
github.com/ArubikU/polyloft-bvm/internal/sema/checker.go:2758.2,2758.14 1 0
github.com/ArubikU/polyloft-bvm/internal/sema/checker.go:2761.75,2763.9 2 0
github.com/ArubikU/polyloft-bvm/internal/sema/checker.go:2763.9,2764.88 1 0
github.com/ArubikU/polyloft-bvm/internal/sema/checker.go:2764.88,2766.4 1 0
github.com/ArubikU/polyloft-bvm/internal/sema/checker.go:2766.9,2768.4 1 0
github.com/ArubikU/polyloft-bvm/internal/sema/checker.go:2770.2,2770.28 1 0
github.com/ArubikU/polyloft-bvm/internal/sema/checker.go:2770.28,2771.34 1 0
github.com/ArubikU/polyloft-bvm/internal/sema/checker.go:2771.34,2773.4 1 0
github.com/ArubikU/polyloft-bvm/internal/sema/checker.go:2774.3,2774.44 1 0
github.com/ArubikU/polyloft-bvm/internal/sema/checker.go:2774.44,2776.4 1 0
github.com/ArubikU/polyloft-bvm/internal/sema/checker.go:2778.2,2778.46 1 0
github.com/ArubikU/polyloft-bvm/internal/sema/checker.go:2778.46,2780.49 2 0
github.com/ArubikU/polyloft-bvm/internal/sema/checker.go:2780.49,2782.4 1 0
github.com/ArubikU/polyloft-bvm/internal/sema/checker.go:2784.2,2784.13 1 0
github.com/ArubikU/polyloft-bvm/internal/sema/checker.go:2787.102,2788.58 1 0
github.com/ArubikU/polyloft-bvm/internal/sema/checker.go:2788.58,2790.3 1 0
github.com/ArubikU/polyloft-bvm/internal/sema/checker.go:2791.2,2792.15 2 0
github.com/ArubikU/polyloft-bvm/internal/sema/checker.go:2792.15,2794.3 1 0
github.com/ArubikU/polyloft-bvm/internal/sema/checker.go:2795.2,2797.43 3 0
github.com/ArubikU/polyloft-bvm/internal/sema/checker.go:2797.43,2799.14 2 0
github.com/ArubikU/polyloft-bvm/internal/sema/checker.go:2799.14,2801.4 1 0
github.com/ArubikU/polyloft-bvm/internal/sema/checker.go:2802.3,2802.55 1 0
github.com/ArubikU/polyloft-bvm/internal/sema/checker.go:2802.55,2803.56 1 0
github.com/ArubikU/polyloft-bvm/internal/sema/checker.go:2803.56,2805.5 1 0
github.com/ArubikU/polyloft-bvm/internal/sema/checker.go:2806.4,2806.66 1 0
github.com/ArubikU/polyloft-bvm/internal/sema/checker.go:2806.66,2808.5 1 0
github.com/ArubikU/polyloft-bvm/internal/sema/checker.go:2809.4,2809.42 1 0
github.com/ArubikU/polyloft-bvm/internal/sema/checker.go:2809.42,2810.78 1 0
github.com/ArubikU/polyloft-bvm/internal/sema/checker.go:2810.78,2812.6 1 0
github.com/ArubikU/polyloft-bvm/internal/sema/checker.go:2814.4,2814.161 1 0
github.com/ArubikU/polyloft-bvm/internal/sema/checker.go:2814.161,2816.5 1 0
github.com/ArubikU/polyloft-bvm/internal/sema/checker.go:2817.4,2817.12 1 0
github.com/ArubikU/polyloft-bvm/internal/sema/checker.go:2819.3,2819.96 1 0
github.com/ArubikU/polyloft-bvm/internal/sema/checker.go:2819.96,2821.4 1 0
github.com/ArubikU/polyloft-bvm/internal/sema/checker.go:2823.2,2823.13 1 0
github.com/ArubikU/polyloft-bvm/internal/sema/checker.go:2826.88,2828.29 2 0
github.com/ArubikU/polyloft-bvm/internal/sema/checker.go:2828.29,2830.3 1 0
github.com/ArubikU/polyloft-bvm/internal/sema/checker.go:2831.2,2832.45 2 0
github.com/ArubikU/polyloft-bvm/internal/sema/checker.go:2832.45,2833.27 1 0
github.com/ArubikU/polyloft-bvm/internal/sema/checker.go:2833.27,2835.4 1 0
github.com/ArubikU/polyloft-bvm/internal/sema/checker.go:2837.2,2837.48 1 0
github.com/ArubikU/polyloft-bvm/internal/sema/checker.go:2837.48,2838.42 1 0
github.com/ArubikU/polyloft-bvm/internal/sema/checker.go:2838.42,2839.12 1 0
github.com/ArubikU/polyloft-bvm/internal/sema/checker.go:2841.3,2842.39 2 0
github.com/ArubikU/polyloft-bvm/internal/sema/checker.go:2842.39,2844.4 1 0
github.com/ArubikU/polyloft-bvm/internal/sema/checker.go:2846.2,2846.14 1 0
github.com/ArubikU/polyloft-bvm/internal/sema/checker.go:2849.99,2850.24 1 0
github.com/ArubikU/polyloft-bvm/internal/sema/checker.go:2850.24,2852.3 1 0
github.com/ArubikU/polyloft-bvm/internal/sema/checker.go:2853.2,2855.39 3 0
github.com/ArubikU/polyloft-bvm/internal/sema/checker.go:2855.39,2857.3 1 0
github.com/ArubikU/polyloft-bvm/internal/sema/checker.go:2858.2,2858.34 1 0
github.com/ArubikU/polyloft-bvm/internal/sema/checker.go:2861.111,2863.12 2 0
github.com/ArubikU/polyloft-bvm/internal/sema/checker.go:2863.12,2865.3 1 0
github.com/ArubikU/polyloft-bvm/internal/sema/checker.go:2866.2,2866.20 1 0
github.com/ArubikU/polyloft-bvm/internal/sema/checker.go:2867.32,2868.13 1 0
github.com/ArubikU/polyloft-bvm/internal/sema/checker.go:2869.29,2870.76 1 0
github.com/ArubikU/polyloft-bvm/internal/sema/checker.go:2870.76,2872.4 1 0
github.com/ArubikU/polyloft-bvm/internal/sema/checker.go:2873.31,2874.140 1 0
github.com/ArubikU/polyloft-bvm/internal/sema/checker.go:2874.140,2876.4 1 0
github.com/ArubikU/polyloft-bvm/internal/sema/checker.go:2878.2,2879.11 2 0
github.com/ArubikU/polyloft-bvm/internal/sema/checker.go:2879.11,2881.3 1 0
github.com/ArubikU/polyloft-bvm/internal/sema/checker.go:2882.2,2882.119 1 0
github.com/ArubikU/polyloft-bvm/internal/sema/checker.go:2885.109,2886.20 1 0
github.com/ArubikU/polyloft-bvm/internal/sema/checker.go:2887.40,2888.13 1 0
github.com/ArubikU/polyloft-bvm/internal/sema/checker.go:2889.37,2890.71 1 0
github.com/ArubikU/polyloft-bvm/internal/sema/checker.go:2890.71,2892.4 1 0
github.com/ArubikU/polyloft-bvm/internal/sema/checker.go:2893.39,2894.130 1 0
github.com/ArubikU/polyloft-bvm/internal/sema/checker.go:2894.130,2896.4 1 0
github.com/ArubikU/polyloft-bvm/internal/sema/checker.go:2898.2,2898.103 1 0
github.com/ArubikU/polyloft-bvm/internal/sema/checker.go:2901.111,2903.9 2 0
github.com/ArubikU/polyloft-bvm/internal/sema/checker.go:2903.9,2905.3 1 0
github.com/ArubikU/polyloft-bvm/internal/sema/checker.go:2906.2,2906.41 1 0
github.com/ArubikU/polyloft-bvm/internal/sema/checker.go:2906.41,2907.38 1 0
github.com/ArubikU/polyloft-bvm/internal/sema/checker.go:2907.38,2909.4 1 0
github.com/ArubikU/polyloft-bvm/internal/sema/checker.go:2911.2,2911.43 1 0
github.com/ArubikU/polyloft-bvm/internal/sema/checker.go:2911.43,2912.64 1 0
github.com/ArubikU/polyloft-bvm/internal/sema/checker.go:2912.64,2914.4 1 0
github.com/ArubikU/polyloft-bvm/internal/sema/checker.go:2916.2,2916.33 1 0
github.com/ArubikU/polyloft-bvm/internal/sema/checker.go:2916.33,2918.3 1 0
github.com/ArubikU/polyloft-bvm/internal/sema/checker.go:2919.2,2919.29 1 0
github.com/ArubikU/polyloft-bvm/internal/sema/checker.go:2922.72,2924.38 2 0
github.com/ArubikU/polyloft-bvm/internal/sema/checker.go:2924.38,2925.49 1 0
github.com/ArubikU/polyloft-bvm/internal/sema/checker.go:2925.49,2927.4 1 0
github.com/ArubikU/polyloft-bvm/internal/sema/checker.go:2928.3,2928.58 1 0
github.com/ArubikU/polyloft-bvm/internal/sema/checker.go:2930.2,2930.14 1 0
github.com/ArubikU/polyloft-bvm/internal/sema/checker.go:2933.46,2934.14 1 0
github.com/ArubikU/polyloft-bvm/internal/sema/checker.go:2935.42,2936.20 1 0
github.com/ArubikU/polyloft-bvm/internal/sema/checker.go:2937.36,2938.18 1 0
github.com/ArubikU/polyloft-bvm/internal/sema/checker.go:2939.30,2940.16 1 0
github.com/ArubikU/polyloft-bvm/internal/sema/checker.go:2941.10,2942.14 1 0
github.com/ArubikU/polyloft-bvm/internal/sema/checker.go:2946.31,2949.2 2 0
github.com/ArubikU/polyloft-bvm/internal/sema/checker.go:2951.30,2954.2 2 0
github.com/ArubikU/polyloft-bvm/internal/sema/checker.go:2956.52,2958.2 1 0
github.com/ArubikU/polyloft-bvm/internal/sema/checker.go:2960.54,2962.2 1 0
github.com/ArubikU/polyloft-bvm/internal/sema/checker.go:2964.61,2965.46 1 0
github.com/ArubikU/polyloft-bvm/internal/sema/checker.go:2965.46,2966.48 1 0
github.com/ArubikU/polyloft-bvm/internal/sema/checker.go:2966.48,2968.4 1 0
github.com/ArubikU/polyloft-bvm/internal/sema/checker.go:2970.2,2970.25 1 0
github.com/ArubikU/polyloft-bvm/internal/sema/checker.go:2973.54,2974.42 1 0
github.com/ArubikU/polyloft-bvm/internal/sema/checker.go:2974.42,2975.37 1 0
github.com/ArubikU/polyloft-bvm/internal/sema/checker.go:2975.37,2977.4 1 0
github.com/ArubikU/polyloft-bvm/internal/sema/checker.go:2979.2,2979.39 1 0
github.com/ArubikU/polyloft-bvm/internal/sema/types.go:40.51,42.2 1 0
github.com/ArubikU/polyloft-bvm/internal/sema/types.go:44.52,46.2 1 0
github.com/ArubikU/polyloft-bvm/internal/sema/types.go:48.25,50.2 1 0
github.com/ArubikU/polyloft-bvm/internal/sema/types.go:52.39,55.2 2 0
github.com/ArubikU/polyloft-bvm/internal/sema/types.go:57.37,60.2 2 0
github.com/ArubikU/polyloft-bvm/internal/sema/types.go:62.60,63.23 1 0
github.com/ArubikU/polyloft-bvm/internal/sema/types.go:63.23,65.3 1 0
github.com/ArubikU/polyloft-bvm/internal/sema/types.go:66.2,67.36 2 0
github.com/ArubikU/polyloft-bvm/internal/sema/types.go:67.36,69.3 1 0
github.com/ArubikU/polyloft-bvm/internal/sema/types.go:70.2,70.15 1 0
github.com/ArubikU/polyloft-bvm/internal/sema/types.go:73.43,74.21 1 0
github.com/ArubikU/polyloft-bvm/internal/sema/types.go:74.21,76.3 1 0
github.com/ArubikU/polyloft-bvm/internal/sema/types.go:77.2,78.34 2 0
github.com/ArubikU/polyloft-bvm/internal/sema/types.go:78.34,80.3 1 0
github.com/ArubikU/polyloft-bvm/internal/sema/types.go:81.2,81.15 1 0
github.com/ArubikU/polyloft-bvm/internal/sema/types.go:84.37,85.22 1 0
github.com/ArubikU/polyloft-bvm/internal/sema/types.go:85.22,87.34 2 0
github.com/ArubikU/polyloft-bvm/internal/sema/types.go:87.34,89.4 1 0
github.com/ArubikU/polyloft-bvm/internal/sema/types.go:90.3,90.30 1 0
github.com/ArubikU/polyloft-bvm/internal/sema/types.go:92.2,92.26 1 0
github.com/ArubikU/polyloft-bvm/internal/sema/types.go:92.26,93.25 1 0
github.com/ArubikU/polyloft-bvm/internal/sema/types.go:94.14,95.14 1 0
github.com/ArubikU/polyloft-bvm/internal/sema/types.go:96.18,97.26 1 0
github.com/ArubikU/polyloft-bvm/internal/sema/types.go:97.26,99.5 1 0
github.com/ArubikU/polyloft-bvm/internal/sema/types.go:100.16,101.26 1 0
github.com/ArubikU/polyloft-bvm/internal/sema/types.go:101.26,103.5 1 0
github.com/ArubikU/polyloft-bvm/internal/sema/types.go:106.2,106.23 1 0
github.com/ArubikU/polyloft-bvm/internal/sema/types.go:106.23,108.43 2 0
github.com/ArubikU/polyloft-bvm/internal/sema/types.go:108.43,110.4 1 0
github.com/ArubikU/polyloft-bvm/internal/sema/types.go:111.3,111.108 1 0
github.com/ArubikU/polyloft-bvm/internal/sema/types.go:113.2,113.21 1 0
github.com/ArubikU/polyloft-bvm/internal/sema/types.go:113.21,115.30 2 0
github.com/ArubikU/polyloft-bvm/internal/sema/types.go:115.30,117.4 1 0
github.com/ArubikU/polyloft-bvm/internal/sema/types.go:118.3,118.67 1 0
github.com/ArubikU/polyloft-bvm/internal/sema/types.go:120.2,120.15 1 0
github.com/ArubikU/polyloft-bvm/internal/sema/types.go:123.65,124.21 1 0
github.com/ArubikU/polyloft-bvm/internal/sema/types.go:124.21,126.3 1 0
github.com/ArubikU/polyloft-bvm/internal/sema/types.go:127.2,128.34 2 0
github.com/ArubikU/polyloft-bvm/internal/sema/types.go:128.34,130.3 1 0
github.com/ArubikU/polyloft-bvm/internal/sema/types.go:131.2,131.15 1 0
github.com/ArubikU/polyloft-bvm/internal/sema/types.go:134.33,136.2 1 0
github.com/ArubikU/polyloft-bvm/internal/sema/types.go:138.36,140.33 2 0
github.com/ArubikU/polyloft-bvm/internal/sema/types.go:140.33,141.37 1 0
github.com/ArubikU/polyloft-bvm/internal/sema/types.go:141.37,143.4 1 0
github.com/ArubikU/polyloft-bvm/internal/sema/types.go:144.3,144.28 1 0
github.com/ArubikU/polyloft-bvm/internal/sema/types.go:144.28,146.12 2 0
github.com/ArubikU/polyloft-bvm/internal/sema/types.go:148.3,149.33 2 0
github.com/ArubikU/polyloft-bvm/internal/sema/types.go:149.33,150.39 1 0
github.com/ArubikU/polyloft-bvm/internal/sema/types.go:150.39,152.10 2 0
github.com/ArubikU/polyloft-bvm/internal/sema/types.go:155.3,155.17 1 0
github.com/ArubikU/polyloft-bvm/internal/sema/types.go:155.17,157.4 1 0
github.com/ArubikU/polyloft-bvm/internal/sema/types.go:159.2,159.20 1 0
github.com/ArubikU/polyloft-bvm/internal/sema/types.go:159.20,161.3 1 0
github.com/ArubikU/polyloft-bvm/internal/sema/types.go:162.2,162.20 1 0
github.com/ArubikU/polyloft-bvm/internal/sema/types.go:162.20,164.3 1 0
github.com/ArubikU/polyloft-bvm/internal/sema/types.go:165.2,167.14 3 0
github.com/ArubikU/polyloft-bvm/internal/sema/types.go:170.59,172.2 1 0
github.com/ArubikU/polyloft-bvm/internal/sema/types.go:174.90,175.19 1 0
github.com/ArubikU/polyloft-bvm/internal/sema/types.go:175.19,176.42 1 0
github.com/ArubikU/polyloft-bvm/internal/sema/types.go:176.42,178.4 1 0
github.com/ArubikU/polyloft-bvm/internal/sema/types.go:180.2,180.41 1 0
github.com/ArubikU/polyloft-bvm/internal/sema/types.go:180.41,181.40 1 0
github.com/ArubikU/polyloft-bvm/internal/sema/types.go:181.40,183.4 1 0
github.com/ArubikU/polyloft-bvm/internal/sema/types.go:184.3,186.16 3 0
github.com/ArubikU/polyloft-bvm/internal/sema/types.go:186.16,188.4 1 0
github.com/ArubikU/polyloft-bvm/internal/sema/types.go:190.2,190.24 1 0
github.com/ArubikU/polyloft-bvm/internal/sema/types.go:190.24,193.3 2 0
github.com/ArubikU/polyloft-bvm/internal/sema/types.go:194.2,194.23 1 0
github.com/ArubikU/polyloft-bvm/internal/sema/types.go:194.23,196.34 2 0
github.com/ArubikU/polyloft-bvm/internal/sema/types.go:196.34,198.4 1 0
github.com/ArubikU/polyloft-bvm/internal/sema/types.go:199.3,199.20 1 0
github.com/ArubikU/polyloft-bvm/internal/sema/types.go:201.2,201.22 1 0
github.com/ArubikU/polyloft-bvm/internal/sema/types.go:201.22,203.34 2 0
github.com/ArubikU/polyloft-bvm/internal/sema/types.go:203.34,205.4 1 0
github.com/ArubikU/polyloft-bvm/internal/sema/types.go:206.3,206.29 1 0
github.com/ArubikU/polyloft-bvm/internal/sema/types.go:208.2,208.21 1 0
github.com/ArubikU/polyloft-bvm/internal/sema/types.go:208.21,210.30 2 0
github.com/ArubikU/polyloft-bvm/internal/sema/types.go:210.30,212.4 1 0
github.com/ArubikU/polyloft-bvm/internal/sema/types.go:213.3,213.16 1 0
github.com/ArubikU/polyloft-bvm/internal/sema/types.go:215.2,215.22 1 0
github.com/ArubikU/polyloft-bvm/internal/sema/types.go:215.22,217.35 2 0
github.com/ArubikU/polyloft-bvm/internal/sema/types.go:217.35,219.4 1 0
github.com/ArubikU/polyloft-bvm/internal/sema/types.go:220.3,220.18 1 0
github.com/ArubikU/polyloft-bvm/internal/sema/types.go:222.2,222.23 1 0
github.com/ArubikU/polyloft-bvm/internal/sema/types.go:222.23,224.43 2 0
github.com/ArubikU/polyloft-bvm/internal/sema/types.go:224.43,226.4 1 0
github.com/ArubikU/polyloft-bvm/internal/sema/types.go:227.3,228.124 2 0
github.com/ArubikU/polyloft-bvm/internal/sema/types.go:230.2,230.30 1 0
github.com/ArubikU/polyloft-bvm/internal/sema/types.go:230.30,232.44 2 0
github.com/ArubikU/polyloft-bvm/internal/sema/types.go:232.44,233.23 1 0
github.com/ArubikU/polyloft-bvm/internal/sema/types.go:233.23,234.13 1 0
github.com/ArubikU/polyloft-bvm/internal/sema/types.go:236.4,237.42 2 0
github.com/ArubikU/polyloft-bvm/internal/sema/types.go:237.42,239.5 1 0
github.com/ArubikU/polyloft-bvm/internal/sema/types.go:240.4,241.123 2 0
github.com/ArubikU/polyloft-bvm/internal/sema/types.go:243.3,243.30 1 0
github.com/ArubikU/polyloft-bvm/internal/sema/types.go:245.2,245.37 1 0
github.com/ArubikU/polyloft-bvm/internal/sema/types.go:245.37,247.51 2 0
github.com/ArubikU/polyloft-bvm/internal/sema/types.go:247.51,248.23 1 0
github.com/ArubikU/polyloft-bvm/internal/sema/types.go:248.23,249.13 1 0
github.com/ArubikU/polyloft-bvm/internal/sema/types.go:251.4,252.42 2 0
github.com/ArubikU/polyloft-bvm/internal/sema/types.go:252.42,254.5 1 0
github.com/ArubikU/polyloft-bvm/internal/sema/types.go:255.4,256.123 2 0
github.com/ArubikU/polyloft-bvm/internal/sema/types.go:258.3,258.37 1 0
github.com/ArubikU/polyloft-bvm/internal/sema/types.go:260.2,260.24 1 0
github.com/ArubikU/polyloft-bvm/internal/sema/types.go:260.24,262.39 2 0
github.com/ArubikU/polyloft-bvm/internal/sema/types.go:262.39,264.4 1 0
github.com/ArubikU/polyloft-bvm/internal/sema/types.go:265.3,265.22 1 0
github.com/ArubikU/polyloft-bvm/internal/sema/types.go:267.2,267.10 1 0
github.com/ArubikU/polyloft-bvm/internal/sema/types.go:270.47,272.23 2 0
github.com/ArubikU/polyloft-bvm/internal/sema/types.go:272.23,274.3 1 0
github.com/ArubikU/polyloft-bvm/internal/sema/types.go:275.2,275.30 1 0
github.com/ArubikU/polyloft-bvm/internal/sema/types.go:275.30,277.44 2 0
github.com/ArubikU/polyloft-bvm/internal/sema/types.go:277.44,278.23 1 0
github.com/ArubikU/polyloft-bvm/internal/sema/types.go:278.23,280.13 2 0
github.com/ArubikU/polyloft-bvm/internal/sema/types.go:282.4,282.68 1 0
github.com/ArubikU/polyloft-bvm/internal/sema/types.go:285.2,285.37 1 0
github.com/ArubikU/polyloft-bvm/internal/sema/types.go:285.37,287.51 2 0
github.com/ArubikU/polyloft-bvm/internal/sema/types.go:287.51,288.23 1 0
github.com/ArubikU/polyloft-bvm/internal/sema/types.go:288.23,290.13 2 0
github.com/ArubikU/polyloft-bvm/internal/sema/types.go:292.4,292.68 1 0
github.com/ArubikU/polyloft-bvm/internal/sema/types.go:295.2,295.24 1 0
github.com/ArubikU/polyloft-bvm/internal/sema/types.go:295.24,297.3 1 0
github.com/ArubikU/polyloft-bvm/internal/sema/types.go:298.2,298.24 1 0
github.com/ArubikU/polyloft-bvm/internal/sema/types.go:298.24,300.3 1 0
github.com/ArubikU/polyloft-bvm/internal/sema/types.go:301.2,301.17 1 0
github.com/ArubikU/polyloft-bvm/internal/sema/types.go:301.17,303.3 1 0
github.com/ArubikU/polyloft-bvm/internal/sema/types.go:304.2,304.128 1 0
github.com/ArubikU/polyloft-bvm/internal/sema/types.go:307.55,308.31 1 0
github.com/ArubikU/polyloft-bvm/internal/sema/types.go:308.31,310.3 1 0
github.com/ArubikU/polyloft-bvm/internal/sema/types.go:311.2,311.31 1 0
github.com/ArubikU/polyloft-bvm/internal/sema/types.go:311.31,313.3 1 0
github.com/ArubikU/polyloft-bvm/internal/sema/types.go:314.2,314.40 1 0
github.com/ArubikU/polyloft-bvm/internal/sema/types.go:317.47,318.46 1 0
github.com/ArubikU/polyloft-bvm/internal/sema/types.go:318.46,319.39 1 0
github.com/ArubikU/polyloft-bvm/internal/sema/types.go:319.39,321.4 1 0
github.com/ArubikU/polyloft-bvm/internal/sema/types.go:322.3,323.32 2 0
github.com/ArubikU/polyloft-bvm/internal/sema/types.go:323.32,325.38 2 0
github.com/ArubikU/polyloft-bvm/internal/sema/types.go:325.38,326.19 1 0
github.com/ArubikU/polyloft-bvm/internal/sema/types.go:326.19,327.14 1 0
github.com/ArubikU/polyloft-bvm/internal/sema/types.go:329.5,329.35 1 0
github.com/ArubikU/polyloft-bvm/internal/sema/types.go:329.35,332.11 3 0
github.com/ArubikU/polyloft-bvm/internal/sema/types.go:335.4,335.14 1 0
github.com/ArubikU/polyloft-bvm/internal/sema/types.go:335.14,337.5 1 0
github.com/ArubikU/polyloft-bvm/internal/sema/types.go:339.3,339.14 1 0
github.com/ArubikU/polyloft-bvm/internal/sema/types.go:341.2,341.40 1 0
github.com/ArubikU/polyloft-bvm/internal/sema/types.go:341.40,343.3 1 0
github.com/ArubikU/polyloft-bvm/internal/sema/types.go:344.2,344.42 1 0
github.com/ArubikU/polyloft-bvm/internal/sema/types.go:344.42,346.3 1 0
github.com/ArubikU/polyloft-bvm/internal/sema/types.go:347.2,347.26 1 0
github.com/ArubikU/polyloft-bvm/internal/sema/types.go:347.26,348.51 1 0
github.com/ArubikU/polyloft-bvm/internal/sema/types.go:348.51,350.4 1 0
github.com/ArubikU/polyloft-bvm/internal/sema/types.go:351.3,351.54 1 0
github.com/ArubikU/polyloft-bvm/internal/sema/types.go:353.2,353.26 1 0
github.com/ArubikU/polyloft-bvm/internal/sema/types.go:353.26,355.3 1 0
github.com/ArubikU/polyloft-bvm/internal/sema/types.go:356.2,356.36 1 0
github.com/ArubikU/polyloft-bvm/internal/sema/types.go:356.36,358.3 1 0
github.com/ArubikU/polyloft-bvm/internal/sema/types.go:359.2,359.24 1 0
github.com/ArubikU/polyloft-bvm/internal/sema/types.go:359.24,360.47 1 0
github.com/ArubikU/polyloft-bvm/internal/sema/types.go:360.47,362.4 1 0
github.com/ArubikU/polyloft-bvm/internal/sema/types.go:364.2,364.38 1 0
github.com/ArubikU/polyloft-bvm/internal/sema/types.go:364.38,366.3 1 0
github.com/ArubikU/polyloft-bvm/internal/sema/types.go:367.2,367.25 1 0
github.com/ArubikU/polyloft-bvm/internal/sema/types.go:367.25,368.49 1 0
github.com/ArubikU/polyloft-bvm/internal/sema/types.go:368.49,370.4 1 0
github.com/ArubikU/polyloft-bvm/internal/sema/types.go:372.2,372.13 1 0
github.com/ArubikU/polyloft-bvm/internal/sema/types.go:375.33,378.22 3 0
github.com/ArubikU/polyloft-bvm/internal/sema/types.go:378.22,392.3 13 0
github.com/ArubikU/polyloft-bvm/internal/sema/types.go:393.2,393.10 1 0
github.com/ArubikU/polyloft-bvm/internal/sema/types.go:396.39,399.22 3 0
github.com/ArubikU/polyloft-bvm/internal/sema/types.go:399.22,412.3 12 0
github.com/ArubikU/polyloft-bvm/internal/sema/types.go:413.2,413.10 1 0
github.com/ArubikU/polyloft-bvm/internal/sema/types.go:416.49,417.20 1 0
github.com/ArubikU/polyloft-bvm/internal/sema/types.go:417.20,419.3 1 0
github.com/ArubikU/polyloft-bvm/internal/sema/types.go:420.2,420.24 1 0
github.com/ArubikU/polyloft-bvm/internal/sema/types.go:420.24,422.28 2 0
github.com/ArubikU/polyloft-bvm/internal/sema/types.go:422.28,423.22 1 0
github.com/ArubikU/polyloft-bvm/internal/sema/types.go:423.22,424.10 1 0
github.com/ArubikU/polyloft-bvm/internal/sema/types.go:426.4,426.32 1 0
github.com/ArubikU/polyloft-bvm/internal/sema/types.go:426.32,428.5 1 0
github.com/ArubikU/polyloft-bvm/internal/sema/types.go:430.3,432.21 3 0
github.com/ArubikU/polyloft-bvm/internal/sema/types.go:434.2,435.19 2 0
github.com/ArubikU/polyloft-bvm/internal/sema/types.go:436.25,437.26 1 0
github.com/ArubikU/polyloft-bvm/internal/sema/types.go:438.23,439.21 1 0
github.com/ArubikU/polyloft-bvm/internal/sema/types.go:439.21,441.4 1 0
github.com/ArubikU/polyloft-bvm/internal/sema/types.go:442.25,443.23 1 0
github.com/ArubikU/polyloft-bvm/internal/sema/types.go:444.18,448.33 4 0
github.com/ArubikU/polyloft-bvm/internal/sema/types.go:449.22,452.21 3 0
github.com/ArubikU/polyloft-bvm/internal/sema/types.go:452.21,454.4 1 0
github.com/ArubikU/polyloft-bvm/internal/sema/types.go:455.3,455.39 1 0
github.com/ArubikU/polyloft-bvm/internal/sema/types.go:456.19,460.34 4 0
github.com/ArubikU/polyloft-bvm/internal/sema/types.go:461.19,462.21 1 0
github.com/ArubikU/polyloft-bvm/internal/sema/types.go:462.21,475.4 12 0
github.com/ArubikU/polyloft-bvm/internal/sema/types.go:476.20,479.68 3 0
github.com/ArubikU/polyloft-bvm/internal/sema/types.go:479.68,483.4 3 0
github.com/ArubikU/polyloft-bvm/internal/sema/types.go:484.3,486.36 3 0
github.com/ArubikU/polyloft-bvm/internal/sema/types.go:488.2,488.13 1 0
github.com/ArubikU/polyloft-bvm/internal/sema/types.go:491.50,492.14 1 0
github.com/ArubikU/polyloft-bvm/internal/sema/types.go:493.25,497.4 1 0
github.com/ArubikU/polyloft-bvm/internal/sema/types.go:498.25,504.4 1 0
github.com/ArubikU/polyloft-bvm/internal/sema/types.go:505.23,510.4 1 0
github.com/ArubikU/polyloft-bvm/internal/sema/types.go:511.26,514.4 1 0
github.com/ArubikU/polyloft-bvm/internal/sema/types.go:515.25,520.4 1 0
github.com/ArubikU/polyloft-bvm/internal/sema/types.go:521.10,522.13 1 0
github.com/ArubikU/polyloft-bvm/internal/sema/types.go:526.34,528.14 2 0
github.com/ArubikU/polyloft-bvm/internal/sema/types.go:529.23,530.42 1 0
github.com/ArubikU/polyloft-bvm/internal/sema/types.go:531.25,532.44 1 0
github.com/ArubikU/polyloft-bvm/internal/sema/types.go:533.26,534.45 1 0
github.com/ArubikU/polyloft-bvm/internal/sema/types.go:535.24,536.43 1 0
github.com/ArubikU/polyloft-bvm/internal/sema/types.go:537.24,538.43 1 0
github.com/ArubikU/polyloft-bvm/internal/sema/types.go:539.26,540.45 1 0
github.com/ArubikU/polyloft-bvm/internal/sema/types.go:541.23,542.42 1 0
github.com/ArubikU/polyloft-bvm/internal/sema/types.go:543.24,544.43 1 0
github.com/ArubikU/polyloft-bvm/internal/sema/types.go:545.25,546.44 1 0
github.com/ArubikU/polyloft-bvm/internal/sema/types.go:547.25,548.44 1 0
github.com/ArubikU/polyloft-bvm/internal/sema/types.go:549.25,550.44 1 0
github.com/ArubikU/polyloft-bvm/internal/sema/types.go:551.23,552.42 1 0
github.com/ArubikU/polyloft-bvm/internal/sema/types.go:553.27,554.42 1 0
github.com/ArubikU/polyloft-bvm/internal/sema/types.go:555.10,556.31 1 0
github.com/ArubikU/polyloft-bvm/internal/sema/types.go:558.2,558.65 1 0
github.com/ArubikU/polyloft-bvm/internal/sema/types.go:558.65,560.3 1 0
github.com/ArubikU/polyloft-bvm/internal/sema/types.go:561.2,561.18 1 0
github.com/ArubikU/polyloft-bvm/internal/sema/types.go:564.17,566.2 1 0
github.com/ArubikU/polyloft-bvm/internal/sema/types.go:568.21,570.2 1 0
github.com/ArubikU/polyloft-bvm/internal/sema/types.go:572.36,577.2 4 0
github.com/ArubikU/polyloft-bvm/internal/sema/types.go:579.49,580.35 1 0
github.com/ArubikU/polyloft-bvm/internal/sema/types.go:580.35,583.3 1 0
github.com/ArubikU/polyloft-bvm/internal/sema/types.go:584.2,584.22 1 0
github.com/ArubikU/polyloft-bvm/internal/sema/types.go:584.22,585.27 1 0
github.com/ArubikU/polyloft-bvm/internal/sema/types.go:585.27,586.39 1 0
github.com/ArubikU/polyloft-bvm/internal/sema/types.go:586.39,588.36 2 0
github.com/ArubikU/polyloft-bvm/internal/sema/types.go:588.36,589.41 1 0
github.com/ArubikU/polyloft-bvm/internal/sema/types.go:589.41,591.12 2 0
github.com/ArubikU/polyloft-bvm/internal/sema/types.go:594.5,594.18 1 0
github.com/ArubikU/polyloft-bvm/internal/sema/types.go:594.18,596.6 1 0
github.com/ArubikU/polyloft-bvm/internal/sema/types.go:598.4,598.15 1 0
github.com/ArubikU/polyloft-bvm/internal/sema/types.go:600.3,600.34 1 0
github.com/ArubikU/polyloft-bvm/internal/sema/types.go:600.34,601.38 1 0
github.com/ArubikU/polyloft-bvm/internal/sema/types.go:601.38,603.5 1 0
github.com/ArubikU/polyloft-bvm/internal/sema/types.go:605.3,605.15 1 0
github.com/ArubikU/polyloft-bvm/internal/sema/types.go:607.2,607.26 1 0
github.com/ArubikU/polyloft-bvm/internal/sema/types.go:607.26,608.38 1 0
github.com/ArubikU/polyloft-bvm/internal/sema/types.go:608.38,609.35 1 0
github.com/ArubikU/polyloft-bvm/internal/sema/types.go:609.35,611.5 1 0
github.com/ArubikU/polyloft-bvm/internal/sema/types.go:613.3,613.14 1 0
github.com/ArubikU/polyloft-bvm/internal/sema/types.go:615.2,615.64 1 0
github.com/ArubikU/polyloft-bvm/internal/sema/types.go:615.64,617.3 1 0
github.com/ArubikU/polyloft-bvm/internal/sema/types.go:618.2,618.26 1 0
github.com/ArubikU/polyloft-bvm/internal/sema/types.go:618.26,619.25 1 0
github.com/ArubikU/polyloft-bvm/internal/sema/types.go:620.14,621.15 1 0
github.com/ArubikU/polyloft-bvm/internal/sema/types.go:622.18,623.68 1 0
github.com/ArubikU/polyloft-bvm/internal/sema/types.go:624.16,625.69 1 0
github.com/ArubikU/polyloft-bvm/internal/sema/types.go:628.2,628.19 1 0
github.com/ArubikU/polyloft-bvm/internal/sema/types.go:628.19,629.25 1 0
github.com/ArubikU/polyloft-bvm/internal/sema/types.go:629.25,631.4 1 0
github.com/ArubikU/polyloft-bvm/internal/sema/types.go:632.3,632.34 1 0
github.com/ArubikU/polyloft-bvm/internal/sema/types.go:632.34,633.38 1 0
github.com/ArubikU/polyloft-bvm/internal/sema/types.go:633.38,635.5 1 0
github.com/ArubikU/polyloft-bvm/internal/sema/types.go:637.3,637.14 1 0
github.com/ArubikU/polyloft-bvm/internal/sema/types.go:639.2,639.48 1 0
github.com/ArubikU/polyloft-bvm/internal/sema/types.go:639.48,640.59 1 0
github.com/ArubikU/polyloft-bvm/internal/sema/types.go:640.59,642.4 1 0
github.com/ArubikU/polyloft-bvm/internal/sema/types.go:643.3,643.36 1 0
github.com/ArubikU/polyloft-bvm/internal/sema/types.go:643.36,644.72 1 0
github.com/ArubikU/polyloft-bvm/internal/sema/types.go:644.72,646.5 1 0
github.com/ArubikU/polyloft-bvm/internal/sema/types.go:648.3,648.67 1 0
github.com/ArubikU/polyloft-bvm/internal/sema/types.go:650.2,650.68 1 0
github.com/ArubikU/polyloft-bvm/internal/sema/types.go:650.68,651.39 1 0
github.com/ArubikU/polyloft-bvm/internal/sema/types.go:651.39,653.4 1 0
github.com/ArubikU/polyloft-bvm/internal/sema/types.go:654.3,654.26 1 0
github.com/ArubikU/polyloft-bvm/internal/sema/types.go:654.26,655.52 1 0
github.com/ArubikU/polyloft-bvm/internal/sema/types.go:655.52,657.5 1 0
github.com/ArubikU/polyloft-bvm/internal/sema/types.go:659.3,659.14 1 0
github.com/ArubikU/polyloft-bvm/internal/sema/types.go:661.2,661.26 1 0
github.com/ArubikU/polyloft-bvm/internal/sema/types.go:661.26,662.23 1 0
github.com/ArubikU/polyloft-bvm/internal/sema/types.go:662.23,664.4 1 0
github.com/ArubikU/polyloft-bvm/internal/sema/types.go:665.3,665.37 1 0
github.com/ArubikU/polyloft-bvm/internal/sema/types.go:665.37,667.4 1 0
github.com/ArubikU/polyloft-bvm/internal/sema/types.go:668.3,668.25 1 0
github.com/ArubikU/polyloft-bvm/internal/sema/types.go:668.25,669.52 1 0
github.com/ArubikU/polyloft-bvm/internal/sema/types.go:669.52,671.5 1 0
github.com/ArubikU/polyloft-bvm/internal/sema/types.go:673.3,673.14 1 0
github.com/ArubikU/polyloft-bvm/internal/sema/types.go:675.2,675.91 1 0
github.com/ArubikU/polyloft-bvm/internal/sema/types.go:675.91,677.3 1 0
github.com/ArubikU/polyloft-bvm/internal/sema/types.go:682.2,682.34 1 0
github.com/ArubikU/polyloft-bvm/internal/sema/types.go:682.34,683.21 1 0
github.com/ArubikU/polyloft-bvm/internal/sema/types.go:684.63,685.15 1 0
github.com/ArubikU/polyloft-bvm/internal/sema/types.go:689.2,689.66 1 0
github.com/ArubikU/polyloft-bvm/internal/sema/types.go:689.66,691.3 1 0
github.com/ArubikU/polyloft-bvm/internal/sema/types.go:693.2,693.100 1 0
github.com/ArubikU/polyloft-bvm/internal/sema/types.go:693.100,695.3 1 0
github.com/ArubikU/polyloft-bvm/internal/sema/types.go:696.2,696.14 1 0
github.com/ArubikU/polyloft-bvm/internal/sema/types.go:699.48,700.14 1 0
github.com/ArubikU/polyloft-bvm/internal/sema/types.go:701.92,702.14 1 0
github.com/ArubikU/polyloft-bvm/internal/sema/types.go:703.10,704.15 1 0
github.com/ArubikU/polyloft-bvm/internal/sema/types.go:708.46,709.14 1 0
github.com/ArubikU/polyloft-bvm/internal/sema/types.go:710.133,711.14 1 0
github.com/ArubikU/polyloft-bvm/internal/sema/types.go:712.10,713.15 1 0
github.com/ArubikU/polyloft-bvm/internal/sema/types.go:717.48,718.14 1 0
github.com/ArubikU/polyloft-bvm/internal/sema/types.go:719.35,720.14 1 0
github.com/ArubikU/polyloft-bvm/internal/sema/types.go:721.10,722.15 1 0
github.com/ArubikU/polyloft-bvm/internal/sema/types.go:730.49,731.37 1 0
github.com/ArubikU/polyloft-bvm/internal/sema/types.go:731.37,733.3 1 0
github.com/ArubikU/polyloft-bvm/internal/sema/types.go:734.2,734.33 1 0
github.com/ArubikU/polyloft-bvm/internal/sema/types.go:734.33,735.43 1 0
github.com/ArubikU/polyloft-bvm/internal/sema/types.go:735.43,737.4 1 0
github.com/ArubikU/polyloft-bvm/internal/sema/types.go:739.2,739.14 1 0
github.com/ArubikU/polyloft-bvm/internal/sema/types.go:742.45,743.14 1 0
github.com/ArubikU/polyloft-bvm/internal/sema/types.go:744.52,745.14 1 0
github.com/ArubikU/polyloft-bvm/internal/sema/types.go:746.10,747.15 1 0
github.com/ArubikU/polyloft-bvm/internal/sema/types.go:751.39,752.16 1 0
github.com/ArubikU/polyloft-bvm/internal/sema/types.go:753.23,754.14 1 0
github.com/ArubikU/polyloft-bvm/internal/sema/types.go:756.2,758.83 3 0
github.com/ArubikU/polyloft-bvm/internal/sema/types.go:761.36,762.16 1 0
github.com/ArubikU/polyloft-bvm/internal/sema/types.go:763.97,764.14 1 0
github.com/ArubikU/polyloft-bvm/internal/sema/types.go:765.10,766.30 1 0
github.com/ArubikU/polyloft-bvm/internal/sema/types.go:770.43,771.16 1 0
github.com/ArubikU/polyloft-bvm/internal/sema/types.go:772.42,773.14 1 0
github.com/ArubikU/polyloft-bvm/internal/sema/types.go:775.2,777.16 3 0
github.com/ArubikU/polyloft-bvm/internal/sema/types.go:777.16,779.3 1 0
github.com/ArubikU/polyloft-bvm/internal/sema/types.go:780.2,780.83 1 0
github.com/ArubikU/polyloft-bvm/internal/sema/types.go:783.39,784.16 1 0
github.com/ArubikU/polyloft-bvm/internal/sema/types.go:785.98,786.14 1 0
github.com/ArubikU/polyloft-bvm/internal/sema/types.go:788.2,788.22 1 0
github.com/ArubikU/polyloft-bvm/internal/sema/types.go:788.22,789.34 1 0
github.com/ArubikU/polyloft-bvm/internal/sema/types.go:789.34,790.33 1 0
github.com/ArubikU/polyloft-bvm/internal/sema/types.go:790.33,792.5 1 0
github.com/ArubikU/polyloft-bvm/internal/sema/types.go:795.2,796.80 2 0
github.com/ArubikU/polyloft-bvm/internal/sema/types.go:799.46,800.16 1 0
github.com/ArubikU/polyloft-bvm/internal/sema/types.go:801.59,802.14 1 0
github.com/ArubikU/polyloft-bvm/internal/sema/types.go:804.2,805.80 2 0
github.com/ArubikU/polyloft-bvm/internal/sema/types.go:808.40,809.16 1 0
github.com/ArubikU/polyloft-bvm/internal/sema/types.go:810.81,811.14 1 0
github.com/ArubikU/polyloft-bvm/internal/sema/types.go:813.2,814.80 2 0
github.com/ArubikU/polyloft-bvm/internal/sema/types.go:817.39,818.16 1 0
github.com/ArubikU/polyloft-bvm/internal/sema/types.go:819.117,820.14 1 0
github.com/ArubikU/polyloft-bvm/internal/sema/types.go:822.2,823.86 2 0
github.com/ArubikU/polyloft-bvm/internal/sema/types.go:826.35,827.16 1 0
github.com/ArubikU/polyloft-bvm/internal/sema/types.go:828.64,829.36 1 0
github.com/ArubikU/polyloft-bvm/internal/sema/types.go:830.23,831.23 1 0
github.com/ArubikU/polyloft-bvm/internal/sema/types.go:831.23,833.4 1 0
github.com/ArubikU/polyloft-bvm/internal/sema/types.go:834.3,834.39 1 0
github.com/ArubikU/polyloft-bvm/internal/sema/types.go:835.23,836.15 1 0
github.com/ArubikU/polyloft-bvm/internal/sema/types.go:837.10,838.23 1 0
github.com/ArubikU/polyloft-bvm/internal/sema/types.go:838.23,840.4 1 0
github.com/ArubikU/polyloft-bvm/internal/sema/types.go:841.3,842.65 2 0
github.com/ArubikU/polyloft-bvm/internal/sema/types.go:842.65,844.4 1 0
github.com/ArubikU/polyloft-bvm/internal/sema/types.go:845.3,846.65 2 0
github.com/ArubikU/polyloft-bvm/internal/sema/types.go:846.65,848.4 1 0
github.com/ArubikU/polyloft-bvm/internal/sema/types.go:849.3,849.15 1 0
github.com/ArubikU/polyloft-bvm/internal/sema/types.go:853.37,854.55 1 0
github.com/ArubikU/polyloft-bvm/internal/sema/types.go:854.55,856.3 1 0
github.com/ArubikU/polyloft-bvm/internal/sema/types.go:857.2,857.26 1 0
github.com/ArubikU/polyloft-bvm/internal/sema/types.go:857.26,859.3 1 0
github.com/ArubikU/polyloft-bvm/internal/sema/types.go:860.2,860.16 1 0
github.com/ArubikU/polyloft-bvm/internal/sema/types.go:861.26,862.37 1 0
github.com/ArubikU/polyloft-bvm/internal/sema/types.go:863.25,864.23 1 0
github.com/ArubikU/polyloft-bvm/internal/sema/types.go:864.23,866.4 1 0
github.com/ArubikU/polyloft-bvm/internal/sema/types.go:867.3,867.15 1 0
github.com/ArubikU/polyloft-bvm/internal/sema/types.go:868.23,869.23 1 0
github.com/ArubikU/polyloft-bvm/internal/sema/types.go:869.23,871.4 1 0
github.com/ArubikU/polyloft-bvm/internal/sema/types.go:872.3,872.15 1 0
github.com/ArubikU/polyloft-bvm/internal/sema/types.go:873.42,874.15 1 0
github.com/ArubikU/polyloft-bvm/internal/sema/types.go:875.10,876.23 1 0
github.com/ArubikU/polyloft-bvm/internal/sema/types.go:876.23,878.4 1 0
github.com/ArubikU/polyloft-bvm/internal/sema/types.go:879.3,880.29 2 0
github.com/ArubikU/polyloft-bvm/internal/sema/types.go:880.29,882.4 1 0
github.com/ArubikU/polyloft-bvm/internal/sema/types.go:883.3,883.15 1 0
github.com/ArubikU/polyloft-bvm/internal/sema/types.go:887.45,888.16 1 0
github.com/ArubikU/polyloft-bvm/internal/sema/types.go:889.59,890.54 1 0
github.com/ArubikU/polyloft-bvm/internal/sema/types.go:890.54,892.4 1 0
github.com/ArubikU/polyloft-bvm/internal/sema/types.go:893.3,893.52 1 0
github.com/ArubikU/polyloft-bvm/internal/sema/types.go:893.52,895.4 1 0
github.com/ArubikU/polyloft-bvm/internal/sema/types.go:896.3,896.15 1 0
github.com/ArubikU/polyloft-bvm/internal/sema/types.go:897.10,899.65 2 0
github.com/ArubikU/polyloft-bvm/internal/sema/types.go:899.65,901.4 1 0
github.com/ArubikU/polyloft-bvm/internal/sema/types.go:902.3,902.15 1 0
github.com/ArubikU/polyloft-bvm/internal/sema/types.go:906.38,907.55 1 0
github.com/ArubikU/polyloft-bvm/internal/sema/types.go:907.55,909.3 1 0
github.com/ArubikU/polyloft-bvm/internal/sema/types.go:910.2,910.26 1 0
github.com/ArubikU/polyloft-bvm/internal/sema/types.go:910.26,912.3 1 0
github.com/ArubikU/polyloft-bvm/internal/sema/types.go:913.2,913.16 1 0
github.com/ArubikU/polyloft-bvm/internal/sema/types.go:914.26,915.39 1 0
github.com/ArubikU/polyloft-bvm/internal/sema/types.go:916.25,917.23 1 0
github.com/ArubikU/polyloft-bvm/internal/sema/types.go:917.23,919.4 1 0
github.com/ArubikU/polyloft-bvm/internal/sema/types.go:920.3,920.38 1 0
github.com/ArubikU/polyloft-bvm/internal/sema/types.go:921.25,922.38 1 0
github.com/ArubikU/polyloft-bvm/internal/sema/types.go:923.23,924.15 1 0
github.com/ArubikU/polyloft-bvm/internal/sema/types.go:925.10,927.29 2 0
github.com/ArubikU/polyloft-bvm/internal/sema/types.go:927.29,929.4 1 0
github.com/ArubikU/polyloft-bvm/internal/sema/types.go:930.3,930.15 1 0
github.com/ArubikU/polyloft-bvm/internal/sema/types.go:934.38,935.16 1 0
github.com/ArubikU/polyloft-bvm/internal/sema/types.go:936.26,937.39 1 0
github.com/ArubikU/polyloft-bvm/internal/sema/types.go:938.44,939.28 1 0
github.com/ArubikU/polyloft-bvm/internal/sema/types.go:940.23,941.26 1 0
github.com/ArubikU/polyloft-bvm/internal/sema/types.go:942.25,943.36 1 0
github.com/ArubikU/polyloft-bvm/internal/sema/types.go:944.23,945.15 1 0
github.com/ArubikU/polyloft-bvm/internal/sema/types.go:946.10,948.69 2 0
github.com/ArubikU/polyloft-bvm/internal/sema/types.go:948.69,950.4 1 0
github.com/ArubikU/polyloft-bvm/internal/sema/types.go:951.3,951.15 1 0
github.com/ArubikU/polyloft-bvm/internal/sema/types.go:955.39,956.55 1 0
github.com/ArubikU/polyloft-bvm/internal/sema/types.go:956.55,958.3 1 0
github.com/ArubikU/polyloft-bvm/internal/sema/types.go:959.2,959.26 1 0
github.com/ArubikU/polyloft-bvm/internal/sema/types.go:959.26,961.3 1 0
github.com/ArubikU/polyloft-bvm/internal/sema/types.go:962.2,962.16 1 0
github.com/ArubikU/polyloft-bvm/internal/sema/types.go:963.25,964.36 1 0
github.com/ArubikU/polyloft-bvm/internal/sema/types.go:965.25,966.23 1 0
github.com/ArubikU/polyloft-bvm/internal/sema/types.go:966.23,968.4 1 0
github.com/ArubikU/polyloft-bvm/internal/sema/types.go:969.3,969.15 1 0
github.com/ArubikU/polyloft-bvm/internal/sema/types.go:970.23,971.39 1 0
github.com/ArubikU/polyloft-bvm/internal/sema/types.go:972.25,973.24 1 0
github.com/ArubikU/polyloft-bvm/internal/sema/types.go:973.24,975.4 1 0
github.com/ArubikU/polyloft-bvm/internal/sema/types.go:976.3,977.41 2 0
github.com/ArubikU/polyloft-bvm/internal/sema/types.go:977.41,978.35 1 0
github.com/ArubikU/polyloft-bvm/internal/sema/types.go:978.35,980.5 1 0
github.com/ArubikU/polyloft-bvm/internal/sema/types.go:982.3,982.14 1 0
github.com/ArubikU/polyloft-bvm/internal/sema/types.go:983.23,984.15 1 0
github.com/ArubikU/polyloft-bvm/internal/sema/types.go:985.10,987.29 2 0
github.com/ArubikU/polyloft-bvm/internal/sema/types.go:987.29,989.4 1 0
github.com/ArubikU/polyloft-bvm/internal/sema/types.go:990.3,990.15 1 0
github.com/ArubikU/polyloft-bvm/internal/sema/types.go:994.58,995.16 1 0
github.com/ArubikU/polyloft-bvm/internal/sema/types.go:996.23,998.24 2 0
github.com/ArubikU/polyloft-bvm/internal/sema/types.go:998.24,1000.4 1 0
github.com/ArubikU/polyloft-bvm/internal/sema/types.go:1001.3,1001.21 1 0
github.com/ArubikU/polyloft-bvm/internal/sema/types.go:1002.25,1003.28 1 0
github.com/ArubikU/polyloft-bvm/internal/sema/types.go:1003.28,1005.4 1 0
github.com/ArubikU/polyloft-bvm/internal/sema/types.go:1006.3,1008.21 3 0
github.com/ArubikU/polyloft-bvm/internal/sema/types.go:1009.10,1010.32 1 0
github.com/ArubikU/polyloft-bvm/internal/sema/types.go:1010.32,1012.4 1 0
github.com/ArubikU/polyloft-bvm/internal/sema/types.go:1013.3,1014.29 2 0
github.com/ArubikU/polyloft-bvm/internal/sema/types.go:1014.29,1016.4 1 0
github.com/ArubikU/polyloft-bvm/internal/sema/types.go:1017.3,1018.29 2 0
github.com/ArubikU/polyloft-bvm/internal/sema/types.go:1018.29,1020.4 1 0
github.com/ArubikU/polyloft-bvm/internal/sema/types.go:1021.3,1022.24 2 0
github.com/ArubikU/polyloft-bvm/internal/sema/types.go:1022.24,1024.4 1 0
github.com/ArubikU/polyloft-bvm/internal/sema/types.go:1025.3,1025.21 1 0
github.com/ArubikU/polyloft-bvm/internal/parser/parser.go:18.56,21.2 2 0
github.com/ArubikU/polyloft-bvm/internal/parser/parser.go:23.55,26.19 3 0
github.com/ArubikU/polyloft-bvm/internal/parser/parser.go:26.19,28.17 2 0
github.com/ArubikU/polyloft-bvm/internal/parser/parser.go:28.17,30.4 1 0
github.com/ArubikU/polyloft-bvm/internal/parser/parser.go:31.3,32.19 2 0
github.com/ArubikU/polyloft-bvm/internal/parser/parser.go:34.2,34.21 1 0
github.com/ArubikU/polyloft-bvm/internal/parser/parser.go:44.58,45.27 1 0
github.com/ArubikU/polyloft-bvm/internal/parser/parser.go:45.27,47.3 1 0
github.com/ArubikU/polyloft-bvm/internal/parser/parser.go:48.2,49.16 2 0
github.com/ArubikU/polyloft-bvm/internal/parser/parser.go:49.16,51.3 1 0
github.com/ArubikU/polyloft-bvm/internal/parser/parser.go:52.2,53.16 2 0
github.com/ArubikU/polyloft-bvm/internal/parser/parser.go:53.16,55.3 1 0
github.com/ArubikU/polyloft-bvm/internal/parser/parser.go:56.2,56.32 1 0
github.com/ArubikU/polyloft-bvm/internal/parser/parser.go:56.32,58.3 1 0
github.com/ArubikU/polyloft-bvm/internal/parser/parser.go:59.2,59.9 1 0
github.com/ArubikU/polyloft-bvm/internal/parser/parser.go:60.27,62.17 2 0
github.com/ArubikU/polyloft-bvm/internal/parser/parser.go:62.17,64.4 1 0
github.com/ArubikU/polyloft-bvm/internal/parser/parser.go:65.3,68.27 4 0
github.com/ArubikU/polyloft-bvm/internal/parser/parser.go:68.27,70.4 1 0
github.com/ArubikU/polyloft-bvm/internal/parser/parser.go:71.3,71.23 1 0
github.com/ArubikU/polyloft-bvm/internal/parser/parser.go:72.32,74.17 2 0
github.com/ArubikU/polyloft-bvm/internal/parser/parser.go:74.17,76.4 1 0
github.com/ArubikU/polyloft-bvm/internal/parser/parser.go:77.3,80.27 4 0
github.com/ArubikU/polyloft-bvm/internal/parser/parser.go:80.27,82.4 1 0
github.com/ArubikU/polyloft-bvm/internal/parser/parser.go:83.3,83.20 1 0
github.com/ArubikU/polyloft-bvm/internal/parser/parser.go:84.28,86.17 2 0
github.com/ArubikU/polyloft-bvm/internal/parser/parser.go:86.17,88.4 1 0
github.com/ArubikU/polyloft-bvm/internal/parser/parser.go:89.3,93.24 5 0
github.com/ArubikU/polyloft-bvm/internal/parser/parser.go:94.29,95.49 1 0
github.com/ArubikU/polyloft-bvm/internal/parser/parser.go:95.49,98.4 2 0
github.com/ArubikU/polyloft-bvm/internal/parser/parser.go:99.3,100.17 2 0
github.com/ArubikU/polyloft-bvm/internal/parser/parser.go:100.17,102.4 1 0
github.com/ArubikU/polyloft-bvm/internal/parser/parser.go:103.3,105.21 3 0
github.com/ArubikU/polyloft-bvm/internal/parser/parser.go:106.29,107.49 1 0
github.com/ArubikU/polyloft-bvm/internal/parser/parser.go:107.49,110.4 2 0
github.com/ArubikU/polyloft-bvm/internal/parser/parser.go:111.3,111.82 1 0
github.com/ArubikU/polyloft-bvm/internal/parser/parser.go:111.82,113.4 1 0
github.com/ArubikU/polyloft-bvm/internal/parser/parser.go:114.3,115.17 2 0
github.com/ArubikU/polyloft-bvm/internal/parser/parser.go:115.17,117.4 1 0
github.com/ArubikU/polyloft-bvm/internal/parser/parser.go:118.3,121.21 4 0
github.com/ArubikU/polyloft-bvm/internal/parser/parser.go:122.26,123.49 1 0
github.com/ArubikU/polyloft-bvm/internal/parser/parser.go:123.49,126.4 2 0
github.com/ArubikU/polyloft-bvm/internal/parser/parser.go:127.3,128.17 2 0
github.com/ArubikU/polyloft-bvm/internal/parser/parser.go:128.17,130.4 1 0
github.com/ArubikU/polyloft-bvm/internal/parser/parser.go:131.3,132.19 2 0
github.com/ArubikU/polyloft-bvm/internal/parser/parser.go:133.29,134.49 1 0
github.com/ArubikU/polyloft-bvm/internal/parser/parser.go:134.49,137.4 2 0
github.com/ArubikU/polyloft-bvm/internal/parser/parser.go:138.3,138.68 1 0
github.com/ArubikU/polyloft-bvm/internal/parser/parser.go:139.26,140.49 1 0
github.com/ArubikU/polyloft-bvm/internal/parser/parser.go:140.49,143.4 2 0
github.com/ArubikU/polyloft-bvm/internal/parser/parser.go:144.3,144.84 1 0
github.com/ArubikU/polyloft-bvm/internal/parser/parser.go:145.26,146.49 1 0
github.com/ArubikU/polyloft-bvm/internal/parser/parser.go:146.49,149.4 2 0
github.com/ArubikU/polyloft-bvm/internal/parser/parser.go:150.3,150.84 1 0
github.com/ArubikU/polyloft-bvm/internal/parser/parser.go:151.28,152.49 1 0
github.com/ArubikU/polyloft-bvm/internal/parser/parser.go:152.49,155.4 2 0
github.com/ArubikU/polyloft-bvm/internal/parser/parser.go:156.3,156.86 1 0
github.com/ArubikU/polyloft-bvm/internal/parser/parser.go:157.28,158.26 1 0
github.com/ArubikU/polyloft-bvm/internal/parser/parser.go:158.26,160.18 2 0
github.com/ArubikU/polyloft-bvm/internal/parser/parser.go:160.18,162.5 1 0
github.com/ArubikU/polyloft-bvm/internal/parser/parser.go:163.4,166.28 4 0
github.com/ArubikU/polyloft-bvm/internal/parser/parser.go:166.28,168.5 1 0
github.com/ArubikU/polyloft-bvm/internal/parser/parser.go:169.4,169.24 1 0
github.com/ArubikU/polyloft-bvm/internal/parser/parser.go:171.3,171.49 1 0
github.com/ArubikU/polyloft-bvm/internal/parser/parser.go:171.49,174.4 2 0
github.com/ArubikU/polyloft-bvm/internal/parser/parser.go:175.3,175.86 1 0
github.com/ArubikU/polyloft-bvm/internal/parser/parser.go:177.2,177.26 1 0
github.com/ArubikU/polyloft-bvm/internal/parser/parser.go:177.26,180.3 2 0
github.com/ArubikU/polyloft-bvm/internal/parser/parser.go:181.2,181.75 1 0
github.com/ArubikU/polyloft-bvm/internal/parser/parser.go:181.75,184.3 2 0
github.com/ArubikU/polyloft-bvm/internal/parser/parser.go:185.2,186.16 2 0
github.com/ArubikU/polyloft-bvm/internal/parser/parser.go:186.16,188.3 1 0
github.com/ArubikU/polyloft-bvm/internal/parser/parser.go:189.2,189.29 1 0
github.com/ArubikU/polyloft-bvm/internal/parser/parser.go:190.20,191.28 1 0
github.com/ArubikU/polyloft-bvm/internal/parser/parser.go:191.28,193.4 1 0
github.com/ArubikU/polyloft-bvm/internal/parser/parser.go:194.31,195.28 1 0
github.com/ArubikU/polyloft-bvm/internal/parser/parser.go:195.28,197.4 1 0
github.com/ArubikU/polyloft-bvm/internal/parser/parser.go:198.25,199.28 1 0
github.com/ArubikU/polyloft-bvm/internal/parser/parser.go:199.28,201.4 1 0
github.com/ArubikU/polyloft-bvm/internal/parser/parser.go:202.26,203.28 1 0
github.com/ArubikU/polyloft-bvm/internal/parser/parser.go:203.28,205.4 1 0
github.com/ArubikU/polyloft-bvm/internal/parser/parser.go:206.22,207.28 1 0
github.com/ArubikU/polyloft-bvm/internal/parser/parser.go:207.28,209.4 1 0
github.com/ArubikU/polyloft-bvm/internal/parser/parser.go:210.26,211.28 1 0
github.com/ArubikU/polyloft-bvm/internal/parser/parser.go:211.28,213.4 1 0
github.com/ArubikU/polyloft-bvm/internal/parser/parser.go:215.2,215.18 1 0
github.com/ArubikU/polyloft-bvm/internal/parser/parser.go:218.65,220.6 2 0
github.com/ArubikU/polyloft-bvm/internal/parser/parser.go:220.6,221.10 1 0
github.com/ArubikU/polyloft-bvm/internal/parser/parser.go:222.30,223.31 1 0
github.com/ArubikU/polyloft-bvm/internal/parser/parser.go:223.31,225.5 1 0
github.com/ArubikU/polyloft-bvm/internal/parser/parser.go:226.4,227.34 2 0
github.com/ArubikU/polyloft-bvm/internal/parser/parser.go:228.31,229.31 1 0
github.com/ArubikU/polyloft-bvm/internal/parser/parser.go:229.31,231.5 1 0
github.com/ArubikU/polyloft-bvm/internal/parser/parser.go:232.4,233.34 2 0
github.com/ArubikU/polyloft-bvm/internal/parser/parser.go:234.33,235.31 1 0
github.com/ArubikU/polyloft-bvm/internal/parser/parser.go:235.31,237.5 1 0
github.com/ArubikU/polyloft-bvm/internal/parser/parser.go:238.4,239.34 2 0
github.com/ArubikU/polyloft-bvm/internal/parser/parser.go:240.32,241.28 1 0
github.com/ArubikU/polyloft-bvm/internal/parser/parser.go:241.28,243.5 1 0
github.com/ArubikU/polyloft-bvm/internal/parser/parser.go:244.4,244.31 1 0
github.com/ArubikU/polyloft-bvm/internal/parser/parser.go:245.30,246.26 1 0
github.com/ArubikU/polyloft-bvm/internal/parser/parser.go:246.26,248.5 1 0
github.com/ArubikU/polyloft-bvm/internal/parser/parser.go:249.4,249.29 1 0
github.com/ArubikU/polyloft-bvm/internal/parser/parser.go:250.11,251.25 1 0
github.com/ArubikU/polyloft-bvm/internal/parser/parser.go:256.50,257.30 1 0
github.com/ArubikU/polyloft-bvm/internal/parser/parser.go:257.30,259.3 1 0
github.com/ArubikU/polyloft-bvm/internal/parser/parser.go:260.2,260.25 1 0
github.com/ArubikU/polyloft-bvm/internal/parser/parser.go:260.25,262.3 1 0
github.com/ArubikU/polyloft-bvm/internal/parser/parser.go:263.2,263.27 1 0
github.com/ArubikU/polyloft-bvm/internal/parser/parser.go:263.27,265.3 1 0
github.com/ArubikU/polyloft-bvm/internal/parser/parser.go:266.2,266.26 1 0
github.com/ArubikU/polyloft-bvm/internal/parser/parser.go:266.26,268.3 1 0
github.com/ArubikU/polyloft-bvm/internal/parser/parser.go:269.2,269.24 1 0
github.com/ArubikU/polyloft-bvm/internal/parser/parser.go:269.24,271.3 1 0
github.com/ArubikU/polyloft-bvm/internal/parser/parser.go:272.2,272.27 1 0
github.com/ArubikU/polyloft-bvm/internal/parser/parser.go:272.27,274.3 1 0
github.com/ArubikU/polyloft-bvm/internal/parser/parser.go:275.2,275.22 1 0
github.com/ArubikU/polyloft-bvm/internal/parser/parser.go:278.56,281.16 3 0
github.com/ArubikU/polyloft-bvm/internal/parser/parser.go:281.16,283.3 1 0
github.com/ArubikU/polyloft-bvm/internal/parser/parser.go:284.2,285.25 2 0
github.com/ArubikU/polyloft-bvm/internal/parser/parser.go:285.25,287.17 2 0
github.com/ArubikU/polyloft-bvm/internal/parser/parser.go:287.17,289.4 1 0
github.com/ArubikU/polyloft-bvm/internal/parser/parser.go:290.3,290.28 1 0
github.com/ArubikU/polyloft-bvm/internal/parser/parser.go:292.2,293.30 2 0
github.com/ArubikU/polyloft-bvm/internal/parser/parser.go:293.30,294.7 1 0
github.com/ArubikU/polyloft-bvm/internal/parser/parser.go:294.7,296.18 2 0
github.com/ArubikU/polyloft-bvm/internal/parser/parser.go:296.18,298.5 1 0
github.com/ArubikU/polyloft-bvm/internal/parser/parser.go:299.4,300.29 2 0
github.com/ArubikU/polyloft-bvm/internal/parser/parser.go:300.29,301.10 1 0
github.com/ArubikU/polyloft-bvm/internal/parser/parser.go:304.3,304.90 1 0
github.com/ArubikU/polyloft-bvm/internal/parser/parser.go:304.90,306.4 1 0
github.com/ArubikU/polyloft-bvm/internal/parser/parser.go:308.2,308.55 1 0
github.com/ArubikU/polyloft-bvm/internal/parser/parser.go:311.76,312.29 1 0
github.com/ArubikU/polyloft-bvm/internal/parser/parser.go:312.29,314.42 2 0
github.com/ArubikU/polyloft-bvm/internal/parser/parser.go:314.42,317.18 3 0
github.com/ArubikU/polyloft-bvm/internal/parser/parser.go:317.18,319.5 1 0
github.com/ArubikU/polyloft-bvm/internal/parser/parser.go:320.4,320.26 1 0
github.com/ArubikU/polyloft-bvm/internal/parser/parser.go:322.3,322.23 1 0
github.com/ArubikU/polyloft-bvm/internal/parser/parser.go:324.2,325.16 2 0
github.com/ArubikU/polyloft-bvm/internal/parser/parser.go:325.16,327.3 1 0
github.com/ArubikU/polyloft-bvm/internal/parser/parser.go:328.2,329.25 2 0
github.com/ArubikU/polyloft-bvm/internal/parser/parser.go:329.25,331.7 2 0
github.com/ArubikU/polyloft-bvm/internal/parser/parser.go:331.7,333.18 2 0
github.com/ArubikU/polyloft-bvm/internal/parser/parser.go:333.18,335.5 1 0
github.com/ArubikU/polyloft-bvm/internal/parser/parser.go:336.4,337.29 2 0
github.com/ArubikU/polyloft-bvm/internal/parser/parser.go:337.29,338.10 1 0
github.com/ArubikU/polyloft-bvm/internal/parser/parser.go:341.3,341.98 1 0
github.com/ArubikU/polyloft-bvm/internal/parser/parser.go:341.98,343.4 1 0
github.com/ArubikU/polyloft-bvm/internal/parser/parser.go:344.3,344.22 1 0
github.com/ArubikU/polyloft-bvm/internal/parser/parser.go:346.2,346.21 1 0
github.com/ArubikU/polyloft-bvm/internal/parser/parser.go:349.69,351.16 2 0
github.com/ArubikU/polyloft-bvm/internal/parser/parser.go:351.16,353.3 1 0
github.com/ArubikU/polyloft-bvm/internal/parser/parser.go:357.2,357.68 1 0
github.com/ArubikU/polyloft-bvm/internal/parser/parser.go:357.68,365.3 3 0
github.com/ArubikU/polyloft-bvm/internal/parser/parser.go:366.2,366.26 1 0
github.com/ArubikU/polyloft-bvm/internal/parser/parser.go:366.26,368.3 1 0
github.com/ArubikU/polyloft-bvm/internal/parser/parser.go:369.2,370.6 2 0
github.com/ArubikU/polyloft-bvm/internal/parser/parser.go:370.6,372.17 2 0
github.com/ArubikU/polyloft-bvm/internal/parser/parser.go:372.17,374.4 1 0
github.com/ArubikU/polyloft-bvm/internal/parser/parser.go:375.3,376.27 2 0
github.com/ArubikU/polyloft-bvm/internal/parser/parser.go:376.27,377.9 1 0
github.com/ArubikU/polyloft-bvm/internal/parser/parser.go:380.2,380.58 1 0
github.com/ArubikU/polyloft-bvm/internal/parser/parser.go:383.59,385.2 1 0
github.com/ArubikU/polyloft-bvm/internal/parser/parser.go:387.98,389.16 2 0
github.com/ArubikU/polyloft-bvm/internal/parser/parser.go:389.16,391.3 1 0
github.com/ArubikU/polyloft-bvm/internal/parser/parser.go:392.2,392.88 1 0
github.com/ArubikU/polyloft-bvm/internal/parser/parser.go:392.88,394.3 1 0
github.com/ArubikU/polyloft-bvm/internal/parser/parser.go:395.2,396.16 2 0
github.com/ArubikU/polyloft-bvm/internal/parser/parser.go:396.16,398.3 1 0
github.com/ArubikU/polyloft-bvm/internal/parser/parser.go:399.2,399.84 1 0
github.com/ArubikU/polyloft-bvm/internal/parser/parser.go:402.61,403.26 1 0
github.com/ArubikU/polyloft-bvm/internal/parser/parser.go:403.26,405.3 1 0
github.com/ArubikU/polyloft-bvm/internal/parser/parser.go:406.2,407.6 2 0
github.com/ArubikU/polyloft-bvm/internal/parser/parser.go:407.6,409.17 2 0
github.com/ArubikU/polyloft-bvm/internal/parser/parser.go:409.17,411.4 1 0
github.com/ArubikU/polyloft-bvm/internal/parser/parser.go:412.3,413.29 2 0
github.com/ArubikU/polyloft-bvm/internal/parser/parser.go:413.29,415.8 2 0
github.com/ArubikU/polyloft-bvm/internal/parser/parser.go:415.8,417.19 2 0
github.com/ArubikU/polyloft-bvm/internal/parser/parser.go:417.19,419.6 1 0
github.com/ArubikU/polyloft-bvm/internal/parser/parser.go:420.5,421.34 2 0
github.com/ArubikU/polyloft-bvm/internal/parser/parser.go:421.34,422.11 1 0
github.com/ArubikU/polyloft-bvm/internal/parser/parser.go:425.4,425.29 1 0
github.com/ArubikU/polyloft-bvm/internal/parser/parser.go:427.3,428.28 2 0
github.com/ArubikU/polyloft-bvm/internal/parser/parser.go:428.28,429.9 1 0
github.com/ArubikU/polyloft-bvm/internal/parser/parser.go:432.2,432.90 1 0
github.com/ArubikU/polyloft-bvm/internal/parser/parser.go:432.90,434.3 1 0
github.com/ArubikU/polyloft-bvm/internal/parser/parser.go:435.2,435.20 1 0
github.com/ArubikU/polyloft-bvm/internal/parser/parser.go:438.67,439.26 1 0
github.com/ArubikU/polyloft-bvm/internal/parser/parser.go:439.26,441.3 1 0
github.com/ArubikU/polyloft-bvm/internal/parser/parser.go:442.2,444.16 3 0
github.com/ArubikU/polyloft-bvm/internal/parser/parser.go:444.16,447.3 2 0
github.com/ArubikU/polyloft-bvm/internal/parser/parser.go:448.2,448.26 1 0
github.com/ArubikU/polyloft-bvm/internal/parser/parser.go:451.106,453.16 2 0
github.com/ArubikU/polyloft-bvm/internal/parser/parser.go:453.16,455.3 1 0
github.com/ArubikU/polyloft-bvm/internal/parser/parser.go:456.2,457.16 2 0
github.com/ArubikU/polyloft-bvm/internal/parser/parser.go:457.16,459.3 1 0
github.com/ArubikU/polyloft-bvm/internal/parser/parser.go:460.2,461.28 2 0
github.com/ArubikU/polyloft-bvm/internal/parser/parser.go:461.28,462.7 1 0
github.com/ArubikU/polyloft-bvm/internal/parser/parser.go:462.7,464.18 2 0
github.com/ArubikU/polyloft-bvm/internal/parser/parser.go:464.18,466.5 1 0
github.com/ArubikU/polyloft-bvm/internal/parser/parser.go:467.4,468.29 2 0
github.com/ArubikU/polyloft-bvm/internal/parser/parser.go:468.29,469.10 1 0
github.com/ArubikU/polyloft-bvm/internal/parser/parser.go:473.2,474.16 2 0
github.com/ArubikU/polyloft-bvm/internal/parser/parser.go:474.16,476.3 1 0
github.com/ArubikU/polyloft-bvm/internal/parser/parser.go:477.2,477.87 1 0
github.com/ArubikU/polyloft-bvm/internal/parser/parser.go:477.87,479.3 1 0
github.com/ArubikU/polyloft-bvm/internal/parser/parser.go:480.2,482.42 3 0
github.com/ArubikU/polyloft-bvm/internal/parser/parser.go:482.42,484.17 2 0
github.com/ArubikU/polyloft-bvm/internal/parser/parser.go:484.17,486.4 1 0
github.com/ArubikU/polyloft-bvm/internal/parser/parser.go:487.3,488.17 2 0
github.com/ArubikU/polyloft-bvm/internal/parser/parser.go:488.17,490.4 1 0
github.com/ArubikU/polyloft-bvm/internal/parser/parser.go:491.3,492.17 2 0
github.com/ArubikU/polyloft-bvm/internal/parser/parser.go:492.17,494.4 1 0
github.com/ArubikU/polyloft-bvm/internal/parser/parser.go:495.3,496.19 2 0
github.com/ArubikU/polyloft-bvm/internal/parser/parser.go:498.2,498.87 1 0
github.com/ArubikU/polyloft-bvm/internal/parser/parser.go:498.87,500.3 1 0
github.com/ArubikU/polyloft-bvm/internal/parser/parser.go:501.2,501.287 1 0
github.com/ArubikU/polyloft-bvm/internal/parser/parser.go:504.102,506.16 2 0
github.com/ArubikU/polyloft-bvm/internal/parser/parser.go:506.16,508.3 1 0
github.com/ArubikU/polyloft-bvm/internal/parser/parser.go:509.2,510.16 2 0
github.com/ArubikU/polyloft-bvm/internal/parser/parser.go:510.16,512.3 1 0
github.com/ArubikU/polyloft-bvm/internal/parser/parser.go:513.2,514.28 2 0
github.com/ArubikU/polyloft-bvm/internal/parser/parser.go:514.28,516.17 2 0
github.com/ArubikU/polyloft-bvm/internal/parser/parser.go:516.17,518.4 1 0
github.com/ArubikU/polyloft-bvm/internal/parser/parser.go:519.3,519.20 1 0
github.com/ArubikU/polyloft-bvm/internal/parser/parser.go:521.2,522.31 2 0
github.com/ArubikU/polyloft-bvm/internal/parser/parser.go:522.31,523.7 1 0
github.com/ArubikU/polyloft-bvm/internal/parser/parser.go:523.7,525.18 2 0
github.com/ArubikU/polyloft-bvm/internal/parser/parser.go:525.18,527.5 1 0
github.com/ArubikU/polyloft-bvm/internal/parser/parser.go:528.4,529.29 2 0
github.com/ArubikU/polyloft-bvm/internal/parser/parser.go:529.29,530.10 1 0
github.com/ArubikU/polyloft-bvm/internal/parser/parser.go:534.2,535.16 2 0
github.com/ArubikU/polyloft-bvm/internal/parser/parser.go:535.16,537.3 1 0
github.com/ArubikU/polyloft-bvm/internal/parser/parser.go:538.2,538.83 1 0
github.com/ArubikU/polyloft-bvm/internal/parser/parser.go:538.83,540.3 1 0
github.com/ArubikU/polyloft-bvm/internal/parser/parser.go:541.2,543.42 3 0
github.com/ArubikU/polyloft-bvm/internal/parser/parser.go:543.42,545.17 2 0
github.com/ArubikU/polyloft-bvm/internal/parser/parser.go:545.17,547.4 1 0
github.com/ArubikU/polyloft-bvm/internal/parser/parser.go:548.3,549.17 2 0
github.com/ArubikU/polyloft-bvm/internal/parser/parser.go:549.17,551.4 1 0
github.com/ArubikU/polyloft-bvm/internal/parser/parser.go:552.3,552.37 1 0
github.com/ArubikU/polyloft-bvm/internal/parser/parser.go:552.37,554.18 2 0
github.com/ArubikU/polyloft-bvm/internal/parser/parser.go:554.18,556.5 1 0
github.com/ArubikU/polyloft-bvm/internal/parser/parser.go:557.4,562.12 6 0
github.com/ArubikU/polyloft-bvm/internal/parser/parser.go:564.3,564.37 1 0
github.com/ArubikU/polyloft-bvm/internal/parser/parser.go:564.37,566.18 2 0
github.com/ArubikU/polyloft-bvm/internal/parser/parser.go:566.18,568.5 1 0
github.com/ArubikU/polyloft-bvm/internal/parser/parser.go:569.4,573.12 5 0
github.com/ArubikU/polyloft-bvm/internal/parser/parser.go:575.3,575.37 1 0
github.com/ArubikU/polyloft-bvm/internal/parser/parser.go:575.37,577.18 2 0
github.com/ArubikU/polyloft-bvm/internal/parser/parser.go:577.18,579.5 1 0
github.com/ArubikU/polyloft-bvm/internal/parser/parser.go:580.4,584.12 5 0
github.com/ArubikU/polyloft-bvm/internal/parser/parser.go:586.3,586.39 1 0
github.com/ArubikU/polyloft-bvm/internal/parser/parser.go:586.39,588.18 2 0
github.com/ArubikU/polyloft-bvm/internal/parser/parser.go:588.18,590.5 1 0
github.com/ArubikU/polyloft-bvm/internal/parser/parser.go:591.4,595.12 5 0
github.com/ArubikU/polyloft-bvm/internal/parser/parser.go:597.3,597.39 1 0
github.com/ArubikU/polyloft-bvm/internal/parser/parser.go:597.39,599.18 2 0
github.com/ArubikU/polyloft-bvm/internal/parser/parser.go:599.18,601.5 1 0
github.com/ArubikU/polyloft-bvm/internal/parser/parser.go:602.4,606.12 5 0
github.com/ArubikU/polyloft-bvm/internal/parser/parser.go:608.3,608.15 1 0
github.com/ArubikU/polyloft-bvm/internal/parser/parser.go:608.15,611.4 2 0
github.com/ArubikU/polyloft-bvm/internal/parser/parser.go:612.3,612.25 1 0
github.com/ArubikU/polyloft-bvm/internal/parser/parser.go:612.25,614.18 2 0
github.com/ArubikU/polyloft-bvm/internal/parser/parser.go:614.18,616.5 1 0
github.com/ArubikU/polyloft-bvm/internal/parser/parser.go:617.4,621.12 5 0
github.com/ArubikU/polyloft-bvm/internal/parser/parser.go:623.3,623.60 1 0
github.com/ArubikU/polyloft-bvm/internal/parser/parser.go:623.60,624.16 1 0
github.com/ArubikU/polyloft-bvm/internal/parser/parser.go:624.16,627.5 2 0
github.com/ArubikU/polyloft-bvm/internal/parser/parser.go:628.4,629.18 2 0
github.com/ArubikU/polyloft-bvm/internal/parser/parser.go:629.18,631.5 1 0
github.com/ArubikU/polyloft-bvm/internal/parser/parser.go:632.4,635.12 4 0
github.com/ArubikU/polyloft-bvm/internal/parser/parser.go:637.3,637.27 1 0
github.com/ArubikU/polyloft-bvm/internal/parser/parser.go:637.27,638.65 1 0
github.com/ArubikU/polyloft-bvm/internal/parser/parser.go:638.65,639.19 1 0
github.com/ArubikU/polyloft-bvm/internal/parser/parser.go:639.19,642.6 2 0
github.com/ArubikU/polyloft-bvm/internal/parser/parser.go:643.5,643.17 1 0
github.com/ArubikU/polyloft-bvm/internal/parser/parser.go:643.17,646.6 2 0
github.com/ArubikU/polyloft-bvm/internal/parser/parser.go:647.5,648.19 2 0
github.com/ArubikU/polyloft-bvm/internal/parser/parser.go:648.19,650.6 1 0
github.com/ArubikU/polyloft-bvm/internal/parser/parser.go:651.5,654.13 4 0
github.com/ArubikU/polyloft-bvm/internal/parser/parser.go:656.4,657.114 2 0
github.com/ArubikU/polyloft-bvm/internal/parser/parser.go:659.3,659.25 1 0
github.com/ArubikU/polyloft-bvm/internal/parser/parser.go:659.25,661.18 2 0
github.com/ArubikU/polyloft-bvm/internal/parser/parser.go:661.18,663.5 1 0
github.com/ArubikU/polyloft-bvm/internal/parser/parser.go:664.4,667.12 4 0
github.com/ArubikU/polyloft-bvm/internal/parser/parser.go:669.3,669.25 1 0
github.com/ArubikU/polyloft-bvm/internal/parser/parser.go:669.25,671.18 2 0
github.com/ArubikU/polyloft-bvm/internal/parser/parser.go:671.18,673.5 1 0
github.com/ArubikU/polyloft-bvm/internal/parser/parser.go:674.4,677.12 4 0
github.com/ArubikU/polyloft-bvm/internal/parser/parser.go:679.3,679.27 1 0
github.com/ArubikU/polyloft-bvm/internal/parser/parser.go:679.27,681.18 2 0
github.com/ArubikU/polyloft-bvm/internal/parser/parser.go:681.18,683.5 1 0
github.com/ArubikU/polyloft-bvm/internal/parser/parser.go:684.4,687.12 4 0
github.com/ArubikU/polyloft-bvm/internal/parser/parser.go:689.3,689.27 1 0
github.com/ArubikU/polyloft-bvm/internal/parser/parser.go:689.27,691.18 2 0
github.com/ArubikU/polyloft-bvm/internal/parser/parser.go:691.18,693.5 1 0
github.com/ArubikU/polyloft-bvm/internal/parser/parser.go:694.4,697.12 4 0
github.com/ArubikU/polyloft-bvm/internal/parser/parser.go:699.3,699.64 1 0
github.com/ArubikU/polyloft-bvm/internal/parser/parser.go:699.64,700.18 1 0
github.com/ArubikU/polyloft-bvm/internal/parser/parser.go:700.18,703.5 2 0
github.com/ArubikU/polyloft-bvm/internal/parser/parser.go:704.4,704.16 1 0
github.com/ArubikU/polyloft-bvm/internal/parser/parser.go:704.16,707.5 2 0
github.com/ArubikU/polyloft-bvm/internal/parser/parser.go:708.4,709.18 2 0
github.com/ArubikU/polyloft-bvm/internal/parser/parser.go:709.18,711.5 1 0
github.com/ArubikU/polyloft-bvm/internal/parser/parser.go:712.4,715.12 4 0
github.com/ArubikU/polyloft-bvm/internal/parser/parser.go:717.3,718.91 2 0
github.com/ArubikU/polyloft-bvm/internal/parser/parser.go:720.2,720.83 1 0
github.com/ArubikU/polyloft-bvm/internal/parser/parser.go:720.83,722.3 1 0
github.com/ArubikU/polyloft-bvm/internal/parser/parser.go:723.2,725.23 3 0
github.com/ArubikU/polyloft-bvm/internal/parser/parser.go:728.103,730.16 2 0
github.com/ArubikU/polyloft-bvm/internal/parser/parser.go:730.16,732.3 1 0
github.com/ArubikU/polyloft-bvm/internal/parser/parser.go:733.2,734.16 2 0
github.com/ArubikU/polyloft-bvm/internal/parser/parser.go:734.16,736.3 1 0
github.com/ArubikU/polyloft-bvm/internal/parser/parser.go:737.2,738.31 2 0
github.com/ArubikU/polyloft-bvm/internal/parser/parser.go:738.31,740.3 1 0
github.com/ArubikU/polyloft-bvm/internal/parser/parser.go:741.2,744.42 4 0
github.com/ArubikU/polyloft-bvm/internal/parser/parser.go:744.42,746.17 2 0
github.com/ArubikU/polyloft-bvm/internal/parser/parser.go:746.17,748.4 1 0
github.com/ArubikU/polyloft-bvm/internal/parser/parser.go:749.3,750.17 2 0
github.com/ArubikU/polyloft-bvm/internal/parser/parser.go:750.17,752.4 1 0
github.com/ArubikU/polyloft-bvm/internal/parser/parser.go:753.3,753.25 1 0
github.com/ArubikU/polyloft-bvm/internal/parser/parser.go:753.25,755.18 2 0
github.com/ArubikU/polyloft-bvm/internal/parser/parser.go:755.18,757.5 1 0
github.com/ArubikU/polyloft-bvm/internal/parser/parser.go:758.4,763.12 6 0
github.com/ArubikU/polyloft-bvm/internal/parser/parser.go:765.3,765.64 1 0
github.com/ArubikU/polyloft-bvm/internal/parser/parser.go:765.64,768.4 2 0
github.com/ArubikU/polyloft-bvm/internal/parser/parser.go:769.3,770.92 2 0
github.com/ArubikU/polyloft-bvm/internal/parser/parser.go:772.2,772.84 1 0
github.com/ArubikU/polyloft-bvm/internal/parser/parser.go:772.84,774.3 1 0
github.com/ArubikU/polyloft-bvm/internal/parser/parser.go:775.2,775.255 1 0
github.com/ArubikU/polyloft-bvm/internal/parser/parser.go:778.115,780.16 2 0
github.com/ArubikU/polyloft-bvm/internal/parser/parser.go:780.16,782.3 1 0
github.com/ArubikU/polyloft-bvm/internal/parser/parser.go:783.2,788.42 6 0
github.com/ArubikU/polyloft-bvm/internal/parser/parser.go:788.42,789.85 1 0
github.com/ArubikU/polyloft-bvm/internal/parser/parser.go:789.85,792.32 3 0
github.com/ArubikU/polyloft-bvm/internal/parser/parser.go:792.32,794.19 2 0
github.com/ArubikU/polyloft-bvm/internal/parser/parser.go:794.19,796.6 1 0
github.com/ArubikU/polyloft-bvm/internal/parser/parser.go:798.4,800.12 3 0
github.com/ArubikU/polyloft-bvm/internal/parser/parser.go:802.3,804.17 3 0
github.com/ArubikU/polyloft-bvm/internal/parser/parser.go:804.17,806.4 1 0
github.com/ArubikU/polyloft-bvm/internal/parser/parser.go:807.3,808.17 2 0
github.com/ArubikU/polyloft-bvm/internal/parser/parser.go:808.17,810.4 1 0
github.com/ArubikU/polyloft-bvm/internal/parser/parser.go:811.3,811.37 1 0
github.com/ArubikU/polyloft-bvm/internal/parser/parser.go:811.37,813.18 2 0
github.com/ArubikU/polyloft-bvm/internal/parser/parser.go:813.18,815.5 1 0
github.com/ArubikU/polyloft-bvm/internal/parser/parser.go:816.4,821.12 6 0
github.com/ArubikU/polyloft-bvm/internal/parser/parser.go:823.3,823.37 1 0
github.com/ArubikU/polyloft-bvm/internal/parser/parser.go:823.37,825.18 2 0
github.com/ArubikU/polyloft-bvm/internal/parser/parser.go:825.18,827.5 1 0
github.com/ArubikU/polyloft-bvm/internal/parser/parser.go:828.4,832.12 5 0
github.com/ArubikU/polyloft-bvm/internal/parser/parser.go:834.3,834.37 1 0
github.com/ArubikU/polyloft-bvm/internal/parser/parser.go:834.37,836.18 2 0
github.com/ArubikU/polyloft-bvm/internal/parser/parser.go:836.18,838.5 1 0
github.com/ArubikU/polyloft-bvm/internal/parser/parser.go:839.4,843.12 5 0
github.com/ArubikU/polyloft-bvm/internal/parser/parser.go:845.3,845.39 1 0
github.com/ArubikU/polyloft-bvm/internal/parser/parser.go:845.39,847.18 2 0
github.com/ArubikU/polyloft-bvm/internal/parser/parser.go:847.18,849.5 1 0
github.com/ArubikU/polyloft-bvm/internal/parser/parser.go:850.4,854.12 5 0
github.com/ArubikU/polyloft-bvm/internal/parser/parser.go:856.3,856.39 1 0
github.com/ArubikU/polyloft-bvm/internal/parser/parser.go:856.39,858.18 2 0
github.com/ArubikU/polyloft-bvm/internal/parser/parser.go:858.18,860.5 1 0
github.com/ArubikU/polyloft-bvm/internal/parser/parser.go:861.4,865.12 5 0
github.com/ArubikU/polyloft-bvm/internal/parser/parser.go:867.3,867.15 1 0
github.com/ArubikU/polyloft-bvm/internal/parser/parser.go:867.15,870.4 2 0
github.com/ArubikU/polyloft-bvm/internal/parser/parser.go:871.3,871.25 1 0
github.com/ArubikU/polyloft-bvm/internal/parser/parser.go:871.25,873.18 2 0
github.com/ArubikU/polyloft-bvm/internal/parser/parser.go:873.18,875.5 1 0
github.com/ArubikU/polyloft-bvm/internal/parser/parser.go:876.4,880.12 5 0
github.com/ArubikU/polyloft-bvm/internal/parser/parser.go:882.3,882.25 1 0
github.com/ArubikU/polyloft-bvm/internal/parser/parser.go:882.25,884.18 2 0
github.com/ArubikU/polyloft-bvm/internal/parser/parser.go:884.18,886.5 1 0
github.com/ArubikU/polyloft-bvm/internal/parser/parser.go:887.4,890.12 4 0
github.com/ArubikU/polyloft-bvm/internal/parser/parser.go:892.3,892.25 1 0
github.com/ArubikU/polyloft-bvm/internal/parser/parser.go:892.25,894.18 2 0
github.com/ArubikU/polyloft-bvm/internal/parser/parser.go:894.18,896.5 1 0
github.com/ArubikU/polyloft-bvm/internal/parser/parser.go:897.4,900.12 4 0
github.com/ArubikU/polyloft-bvm/internal/parser/parser.go:902.3,902.27 1 0
github.com/ArubikU/polyloft-bvm/internal/parser/parser.go:902.27,904.18 2 0
github.com/ArubikU/polyloft-bvm/internal/parser/parser.go:904.18,906.5 1 0
github.com/ArubikU/polyloft-bvm/internal/parser/parser.go:907.4,910.12 4 0
github.com/ArubikU/polyloft-bvm/internal/parser/parser.go:912.3,912.27 1 0
github.com/ArubikU/polyloft-bvm/internal/parser/parser.go:912.27,914.18 2 0
github.com/ArubikU/polyloft-bvm/internal/parser/parser.go:914.18,916.5 1 0
github.com/ArubikU/polyloft-bvm/internal/parser/parser.go:917.4,920.12 4 0
github.com/ArubikU/polyloft-bvm/internal/parser/parser.go:922.3,922.64 1 0
github.com/ArubikU/polyloft-bvm/internal/parser/parser.go:922.64,923.18 1 0
github.com/ArubikU/polyloft-bvm/internal/parser/parser.go:923.18,926.5 2 0
github.com/ArubikU/polyloft-bvm/internal/parser/parser.go:927.4,927.16 1 0
github.com/ArubikU/polyloft-bvm/internal/parser/parser.go:927.16,930.5 2 0
github.com/ArubikU/polyloft-bvm/internal/parser/parser.go:931.4,931.16 1 0
github.com/ArubikU/polyloft-bvm/internal/parser/parser.go:931.16,934.5 2 0
github.com/ArubikU/polyloft-bvm/internal/parser/parser.go:935.4,936.18 2 0
github.com/ArubikU/polyloft-bvm/internal/parser/parser.go:936.18,938.5 1 0
github.com/ArubikU/polyloft-bvm/internal/parser/parser.go:939.4,942.12 4 0
github.com/ArubikU/polyloft-bvm/internal/parser/parser.go:944.3,945.90 2 0
github.com/ArubikU/polyloft-bvm/internal/parser/parser.go:947.2,947.22 1 0
github.com/ArubikU/polyloft-bvm/internal/parser/parser.go:947.22,949.3 1 0
github.com/ArubikU/polyloft-bvm/internal/parser/parser.go:950.2,950.82 1 0
github.com/ArubikU/polyloft-bvm/internal/parser/parser.go:950.82,952.3 1 0
github.com/ArubikU/polyloft-bvm/internal/parser/parser.go:953.2,953.291 1 0
github.com/ArubikU/polyloft-bvm/internal/parser/parser.go:956.102,958.31 2 0
github.com/ArubikU/polyloft-bvm/internal/parser/parser.go:958.31,965.3 1 0
github.com/ArubikU/polyloft-bvm/internal/parser/parser.go:966.2,966.118 1 0
github.com/ArubikU/polyloft-bvm/internal/parser/parser.go:969.78,975.6 6 0
github.com/ArubikU/polyloft-bvm/internal/parser/parser.go:975.6,976.10 1 0
github.com/ArubikU/polyloft-bvm/internal/parser/parser.go:977.30,978.16 1 0
github.com/ArubikU/polyloft-bvm/internal/parser/parser.go:978.16,980.5 1 0
github.com/ArubikU/polyloft-bvm/internal/parser/parser.go:981.4,981.19 1 0
github.com/ArubikU/polyloft-bvm/internal/parser/parser.go:982.30,983.16 1 0
github.com/ArubikU/polyloft-bvm/internal/parser/parser.go:983.16,985.5 1 0
github.com/ArubikU/polyloft-bvm/internal/parser/parser.go:986.4,986.19 1 0
github.com/ArubikU/polyloft-bvm/internal/parser/parser.go:987.32,988.18 1 0
github.com/ArubikU/polyloft-bvm/internal/parser/parser.go:988.18,990.5 1 0
github.com/ArubikU/polyloft-bvm/internal/parser/parser.go:991.4,991.21 1 0
github.com/ArubikU/polyloft-bvm/internal/parser/parser.go:992.30,993.22 1 0
github.com/ArubikU/polyloft-bvm/internal/parser/parser.go:993.22,995.5 1 0
github.com/ArubikU/polyloft-bvm/internal/parser/parser.go:996.4,997.25 2 0
github.com/ArubikU/polyloft-bvm/internal/parser/parser.go:998.31,999.22 1 0
github.com/ArubikU/polyloft-bvm/internal/parser/parser.go:999.22,1001.5 1 0
github.com/ArubikU/polyloft-bvm/internal/parser/parser.go:1002.4,1003.25 2 0
github.com/ArubikU/polyloft-bvm/internal/parser/parser.go:1004.33,1005.22 1 0
github.com/ArubikU/polyloft-bvm/internal/parser/parser.go:1005.22,1007.5 1 0
github.com/ArubikU/polyloft-bvm/internal/parser/parser.go:1008.4,1009.25 2 0
github.com/ArubikU/polyloft-bvm/internal/parser/parser.go:1010.11,1011.30 1 0
github.com/ArubikU/polyloft-bvm/internal/parser/parser.go:1011.30,1013.5 1 0
github.com/ArubikU/polyloft-bvm/internal/parser/parser.go:1014.4,1014.30 1 0
github.com/ArubikU/polyloft-bvm/internal/parser/parser.go:1014.30,1016.5 1 0
github.com/ArubikU/polyloft-bvm/internal/parser/parser.go:1017.4,1017.58 1 0
github.com/ArubikU/polyloft-bvm/internal/parser/parser.go:1022.60,1024.16 2 0
github.com/ArubikU/polyloft-bvm/internal/parser/parser.go:1024.16,1026.3 1 0
github.com/ArubikU/polyloft-bvm/internal/parser/parser.go:1027.2,1027.83 1 0
github.com/ArubikU/polyloft-bvm/internal/parser/parser.go:1027.83,1029.3 1 0
github.com/ArubikU/polyloft-bvm/internal/parser/parser.go:1030.2,1031.16 2 0
github.com/ArubikU/polyloft-bvm/internal/parser/parser.go:1031.16,1033.3 1 0
github.com/ArubikU/polyloft-bvm/internal/parser/parser.go:1034.2,1035.26 2 0
github.com/ArubikU/polyloft-bvm/internal/parser/parser.go:1035.26,1037.17 2 0
github.com/ArubikU/polyloft-bvm/internal/parser/parser.go:1037.17,1039.4 1 0
github.com/ArubikU/polyloft-bvm/internal/parser/parser.go:1041.2,1041.95 1 0
github.com/ArubikU/polyloft-bvm/internal/parser/parser.go:1044.86,1046.16 2 0
github.com/ArubikU/polyloft-bvm/internal/parser/parser.go:1046.16,1048.3 1 0
github.com/ArubikU/polyloft-bvm/internal/parser/parser.go:1049.2,1050.26 2 0
github.com/ArubikU/polyloft-bvm/internal/parser/parser.go:1050.26,1052.17 2 0
github.com/ArubikU/polyloft-bvm/internal/parser/parser.go:1052.17,1054.4 1 0
github.com/ArubikU/polyloft-bvm/internal/parser/parser.go:1056.2,1057.26 2 0
github.com/ArubikU/polyloft-bvm/internal/parser/parser.go:1057.26,1059.17 2 0
github.com/ArubikU/polyloft-bvm/internal/parser/parser.go:1059.17,1061.4 1 0
github.com/ArubikU/polyloft-bvm/internal/parser/parser.go:1063.2,1063.84 1 0
github.com/ArubikU/polyloft-bvm/internal/parser/parser.go:1066.167,1068.16 2 0
github.com/ArubikU/polyloft-bvm/internal/parser/parser.go:1068.16,1070.3 1 0
github.com/ArubikU/polyloft-bvm/internal/parser/parser.go:1071.2,1072.16 2 0
github.com/ArubikU/polyloft-bvm/internal/parser/parser.go:1072.16,1074.3 1 0
github.com/ArubikU/polyloft-bvm/internal/parser/parser.go:1075.2,1075.47 1 0
github.com/ArubikU/polyloft-bvm/internal/parser/parser.go:1075.47,1077.3 1 0
github.com/ArubikU/polyloft-bvm/internal/parser/parser.go:1078.2,1079.16 2 0
github.com/ArubikU/polyloft-bvm/internal/parser/parser.go:1079.16,1081.3 1 0
github.com/ArubikU/polyloft-bvm/internal/parser/parser.go:1082.2,1083.16 2 0
github.com/ArubikU/polyloft-bvm/internal/parser/parser.go:1083.16,1085.3 1 0
github.com/ArubikU/polyloft-bvm/internal/parser/parser.go:1086.2,1086.16 1 0
github.com/ArubikU/polyloft-bvm/internal/parser/parser.go:1086.16,1087.20 1 0
github.com/ArubikU/polyloft-bvm/internal/parser/parser.go:1087.20,1089.4 1 0
github.com/ArubikU/polyloft-bvm/internal/parser/parser.go:1090.3,1090.149 1 0
github.com/ArubikU/polyloft-bvm/internal/parser/parser.go:1092.2,1092.89 1 0
github.com/ArubikU/polyloft-bvm/internal/parser/parser.go:1092.89,1094.3 1 0
github.com/ArubikU/polyloft-bvm/internal/parser/parser.go:1095.2,1097.16 3 0
github.com/ArubikU/polyloft-bvm/internal/parser/parser.go:1097.16,1099.3 1 0
github.com/ArubikU/polyloft-bvm/internal/parser/parser.go:1100.2,1100.84 1 0
github.com/ArubikU/polyloft-bvm/internal/parser/parser.go:1100.84,1102.3 1 0
github.com/ArubikU/polyloft-bvm/internal/parser/parser.go:1103.2,1103.172 1 0
github.com/ArubikU/polyloft-bvm/internal/parser/parser.go:1106.63,1107.31 1 0
github.com/ArubikU/polyloft-bvm/internal/parser/parser.go:1107.31,1109.3 1 0
github.com/ArubikU/polyloft-bvm/internal/parser/parser.go:1110.2,1111.32 2 0
github.com/ArubikU/polyloft-bvm/internal/parser/parser.go:1111.32,1112.7 1 0
github.com/ArubikU/polyloft-bvm/internal/parser/parser.go:1112.7,1114.18 2 0
github.com/ArubikU/polyloft-bvm/internal/parser/parser.go:1114.18,1116.5 1 0
github.com/ArubikU/polyloft-bvm/internal/parser/parser.go:1117.4,1118.29 2 0
github.com/ArubikU/polyloft-bvm/internal/parser/parser.go:1118.29,1119.10 1 0
github.com/ArubikU/polyloft-bvm/internal/parser/parser.go:1123.2,1123.97 1 0
github.com/ArubikU/polyloft-bvm/internal/parser/parser.go:1123.97,1125.3 1 0
github.com/ArubikU/polyloft-bvm/internal/parser/parser.go:1126.2,1126.21 1 0
github.com/ArubikU/polyloft-bvm/internal/parser/parser.go:1129.58,1131.24 2 0
github.com/ArubikU/polyloft-bvm/internal/parser/parser.go:1131.24,1133.17 2 0
github.com/ArubikU/polyloft-bvm/internal/parser/parser.go:1133.17,1135.4 1 0
github.com/ArubikU/polyloft-bvm/internal/parser/parser.go:1136.3,1137.19 2 0
github.com/ArubikU/polyloft-bvm/internal/parser/parser.go:1139.2,1139.25 1 0
github.com/ArubikU/polyloft-bvm/internal/parser/parser.go:1142.58,1144.2 1 0
github.com/ArubikU/polyloft-bvm/internal/parser/parser.go:1146.61,1147.27 1 0
github.com/ArubikU/polyloft-bvm/internal/parser/parser.go:1147.27,1149.3 1 0
github.com/ArubikU/polyloft-bvm/internal/parser/parser.go:1150.2,1150.58 1 0
github.com/ArubikU/polyloft-bvm/internal/parser/parser.go:1153.59,1154.70 1 0
github.com/ArubikU/polyloft-bvm/internal/parser/parser.go:1154.70,1156.3 1 0
github.com/ArubikU/polyloft-bvm/internal/parser/parser.go:1157.2,1158.32 2 0
github.com/ArubikU/polyloft-bvm/internal/parser/parser.go:1158.32,1159.7 1 0
github.com/ArubikU/polyloft-bvm/internal/parser/parser.go:1159.7,1161.18 2 0
github.com/ArubikU/polyloft-bvm/internal/parser/parser.go:1161.18,1163.5 1 0
github.com/ArubikU/polyloft-bvm/internal/parser/parser.go:1164.4,1165.28 2 0
github.com/ArubikU/polyloft-bvm/internal/parser/parser.go:1165.28,1167.19 2 0
github.com/ArubikU/polyloft-bvm/internal/parser/parser.go:1167.19,1169.6 1 0
github.com/ArubikU/polyloft-bvm/internal/parser/parser.go:1171.4,1172.29 2 0
github.com/ArubikU/polyloft-bvm/internal/parser/parser.go:1172.29,1173.10 1 0
github.com/ArubikU/polyloft-bvm/internal/parser/parser.go:1177.2,1177.88 1 0
github.com/ArubikU/polyloft-bvm/internal/parser/parser.go:1177.88,1179.3 1 0
github.com/ArubikU/polyloft-bvm/internal/parser/parser.go:1180.2,1180.20 1 0
github.com/ArubikU/polyloft-bvm/internal/parser/parser.go:1183.120,1185.16 2 0
github.com/ArubikU/polyloft-bvm/internal/parser/parser.go:1185.16,1187.3 1 0
github.com/ArubikU/polyloft-bvm/internal/parser/parser.go:1188.2,1189.16 2 0
github.com/ArubikU/polyloft-bvm/internal/parser/parser.go:1189.16,1191.3 1 0
github.com/ArubikU/polyloft-bvm/internal/parser/parser.go:1192.2,1193.16 2 0
github.com/ArubikU/polyloft-bvm/internal/parser/parser.go:1193.16,1195.3 1 0
github.com/ArubikU/polyloft-bvm/internal/parser/parser.go:1196.2,1197.16 2 0
github.com/ArubikU/polyloft-bvm/internal/parser/parser.go:1197.16,1199.3 1 0
github.com/ArubikU/polyloft-bvm/internal/parser/parser.go:1201.2,1201.14 1 0
github.com/ArubikU/polyloft-bvm/internal/parser/parser.go:1201.14,1202.27 1 0
github.com/ArubikU/polyloft-bvm/internal/parser/parser.go:1202.28,1204.4 0 0
github.com/ArubikU/polyloft-bvm/internal/parser/parser.go:1205.3,1206.300 2 0
github.com/ArubikU/polyloft-bvm/internal/parser/parser.go:1209.2,1209.91 1 0
github.com/ArubikU/polyloft-bvm/internal/parser/parser.go:1209.91,1211.3 1 0
github.com/ArubikU/polyloft-bvm/internal/parser/parser.go:1212.2,1214.16 3 0
github.com/ArubikU/polyloft-bvm/internal/parser/parser.go:1214.16,1216.3 1 0
github.com/ArubikU/polyloft-bvm/internal/parser/parser.go:1217.2,1217.86 1 0
github.com/ArubikU/polyloft-bvm/internal/parser/parser.go:1217.86,1219.3 1 0
github.com/ArubikU/polyloft-bvm/internal/parser/parser.go:1220.2,1220.284 1 0
github.com/ArubikU/polyloft-bvm/internal/parser/parser.go:1223.75,1224.26 1 0
github.com/ArubikU/polyloft-bvm/internal/parser/parser.go:1224.26,1226.3 1 0
github.com/ArubikU/polyloft-bvm/internal/parser/parser.go:1227.2,1227.19 1 0
github.com/ArubikU/polyloft-bvm/internal/parser/parser.go:1230.48,1231.24 1 0
github.com/ArubikU/polyloft-bvm/internal/parser/parser.go:1231.24,1233.3 1 0
github.com/ArubikU/polyloft-bvm/internal/parser/parser.go:1234.2,1234.24 1 0
github.com/ArubikU/polyloft-bvm/internal/parser/parser.go:1234.24,1236.3 1 0
github.com/ArubikU/polyloft-bvm/internal/parser/parser.go:1237.2,1237.26 1 0
github.com/ArubikU/polyloft-bvm/internal/parser/parser.go:1237.26,1239.3 1 0
github.com/ArubikU/polyloft-bvm/internal/parser/parser.go:1240.2,1240.26 1 0
github.com/ArubikU/polyloft-bvm/internal/parser/parser.go:1240.26,1242.3 1 0
github.com/ArubikU/polyloft-bvm/internal/parser/parser.go:1243.2,1243.23 1 0
github.com/ArubikU/polyloft-bvm/internal/parser/parser.go:1243.23,1245.3 1 0
github.com/ArubikU/polyloft-bvm/internal/parser/parser.go:1246.2,1246.27 1 0
github.com/ArubikU/polyloft-bvm/internal/parser/parser.go:1246.27,1248.3 1 0
github.com/ArubikU/polyloft-bvm/internal/parser/parser.go:1249.2,1249.24 1 0
github.com/ArubikU/polyloft-bvm/internal/parser/parser.go:1249.24,1251.3 1 0
github.com/ArubikU/polyloft-bvm/internal/parser/parser.go:1252.2,1252.27 1 0
github.com/ArubikU/polyloft-bvm/internal/parser/parser.go:1252.27,1254.3 1 0
github.com/ArubikU/polyloft-bvm/internal/parser/parser.go:1255.2,1255.25 1 0
github.com/ArubikU/polyloft-bvm/internal/parser/parser.go:1255.25,1257.3 1 0
github.com/ArubikU/polyloft-bvm/internal/parser/parser.go:1258.2,1258.28 1 0
github.com/ArubikU/polyloft-bvm/internal/parser/parser.go:1258.28,1260.3 1 0
github.com/ArubikU/polyloft-bvm/internal/parser/parser.go:1261.2,1261.31 1 0
github.com/ArubikU/polyloft-bvm/internal/parser/parser.go:1261.31,1263.3 1 0
github.com/ArubikU/polyloft-bvm/internal/parser/parser.go:1264.2,1264.27 1 0
github.com/ArubikU/polyloft-bvm/internal/parser/parser.go:1264.27,1266.3 1 0
github.com/ArubikU/polyloft-bvm/internal/parser/parser.go:1267.2,1267.26 1 0
github.com/ArubikU/polyloft-bvm/internal/parser/parser.go:1267.26,1269.3 1 0
github.com/ArubikU/polyloft-bvm/internal/parser/parser.go:1270.2,1270.24 1 0
github.com/ArubikU/polyloft-bvm/internal/parser/parser.go:1270.24,1272.3 1 0
github.com/ArubikU/polyloft-bvm/internal/parser/parser.go:1273.2,1273.32 1 0
github.com/ArubikU/polyloft-bvm/internal/parser/parser.go:1276.83,1277.28 1 0
github.com/ArubikU/polyloft-bvm/internal/parser/parser.go:1277.28,1281.3 3 0
github.com/ArubikU/polyloft-bvm/internal/parser/parser.go:1282.2,1283.16 2 0
github.com/ArubikU/polyloft-bvm/internal/parser/parser.go:1283.16,1285.3 1 0
github.com/ArubikU/polyloft-bvm/internal/parser/parser.go:1286.2,1286.64 1 0
github.com/ArubikU/polyloft-bvm/internal/parser/parser.go:1289.79,1291.2 1 0
github.com/ArubikU/polyloft-bvm/internal/parser/parser.go:1293.120,1295.16 2 0
github.com/ArubikU/polyloft-bvm/internal/parser/parser.go:1295.16,1297.3 1 0
github.com/ArubikU/polyloft-bvm/internal/parser/parser.go:1298.2,1298.26 1 0
github.com/ArubikU/polyloft-bvm/internal/parser/parser.go:1298.26,1300.7 2 0
github.com/ArubikU/polyloft-bvm/internal/parser/parser.go:1300.7,1302.18 2 0
github.com/ArubikU/polyloft-bvm/internal/parser/parser.go:1302.18,1304.5 1 0
github.com/ArubikU/polyloft-bvm/internal/parser/parser.go:1305.4,1306.29 2 0
github.com/ArubikU/polyloft-bvm/internal/parser/parser.go:1306.29,1307.10 1 0
github.com/ArubikU/polyloft-bvm/internal/parser/parser.go:1310.3,1310.99 1 0
github.com/ArubikU/polyloft-bvm/internal/parser/parser.go:1310.99,1312.4 1 0
github.com/ArubikU/polyloft-bvm/internal/parser/parser.go:1313.3,1314.17 2 0
github.com/ArubikU/polyloft-bvm/internal/parser/parser.go:1314.17,1316.4 1 0
github.com/ArubikU/polyloft-bvm/internal/parser/parser.go:1317.3,1317.106 1 0
github.com/ArubikU/polyloft-bvm/internal/parser/parser.go:1319.2,1320.26 2 0
github.com/ArubikU/polyloft-bvm/internal/parser/parser.go:1320.26,1322.17 2 0
github.com/ArubikU/polyloft-bvm/internal/parser/parser.go:1322.17,1324.4 1 0
github.com/ArubikU/polyloft-bvm/internal/parser/parser.go:1326.2,1326.86 1 0
github.com/ArubikU/polyloft-bvm/internal/parser/parser.go:1326.86,1328.3 1 0
github.com/ArubikU/polyloft-bvm/internal/parser/parser.go:1329.2,1330.16 2 0
github.com/ArubikU/polyloft-bvm/internal/parser/parser.go:1330.16,1332.3 1 0
github.com/ArubikU/polyloft-bvm/internal/parser/parser.go:1333.2,1333.103 1 0
github.com/ArubikU/polyloft-bvm/internal/parser/parser.go:1336.50,1338.16 2 0
github.com/ArubikU/polyloft-bvm/internal/parser/parser.go:1338.16,1340.3 1 0
github.com/ArubikU/polyloft-bvm/internal/parser/parser.go:1341.2,1341.17 1 0
github.com/ArubikU/polyloft-bvm/internal/parser/parser.go:1341.17,1342.82 1 0
github.com/ArubikU/polyloft-bvm/internal/parser/parser.go:1342.82,1344.4 1 0
github.com/ArubikU/polyloft-bvm/internal/parser/parser.go:1346.2,1346.18 1 0
github.com/ArubikU/polyloft-bvm/internal/parser/parser.go:1349.63,1351.16 2 0
github.com/ArubikU/polyloft-bvm/internal/parser/parser.go:1351.16,1353.3 1 0
github.com/ArubikU/polyloft-bvm/internal/parser/parser.go:1354.2,1354.85 1 0
github.com/ArubikU/polyloft-bvm/internal/parser/parser.go:1354.85,1356.3 1 0
github.com/ArubikU/polyloft-bvm/internal/parser/parser.go:1357.2,1358.16 2 0
github.com/ArubikU/polyloft-bvm/internal/parser/parser.go:1358.16,1360.3 1 0
github.com/ArubikU/polyloft-bvm/internal/parser/parser.go:1361.2,1364.25 4 0
github.com/ArubikU/polyloft-bvm/internal/parser/parser.go:1364.25,1366.17 2 0
github.com/ArubikU/polyloft-bvm/internal/parser/parser.go:1366.17,1368.4 1 0
github.com/ArubikU/polyloft-bvm/internal/parser/parser.go:1369.3,1370.49 2 0
github.com/ArubikU/polyloft-bvm/internal/parser/parser.go:1371.8,1371.32 1 0
github.com/ArubikU/polyloft-bvm/internal/parser/parser.go:1371.32,1372.78 1 0
github.com/ArubikU/polyloft-bvm/internal/parser/parser.go:1372.78,1374.4 1 0
github.com/ArubikU/polyloft-bvm/internal/parser/parser.go:1375.3,1377.17 3 0
github.com/ArubikU/polyloft-bvm/internal/parser/parser.go:1377.17,1379.4 1 0
github.com/ArubikU/polyloft-bvm/internal/parser/parser.go:1380.3,1380.43 1 0
github.com/ArubikU/polyloft-bvm/internal/parser/parser.go:1382.2,1383.94 2 0
github.com/ArubikU/polyloft-bvm/internal/parser/parser.go:1386.54,1388.16 2 0
github.com/ArubikU/polyloft-bvm/internal/parser/parser.go:1388.16,1390.3 1 0
github.com/ArubikU/polyloft-bvm/internal/parser/parser.go:1391.2,1391.85 1 0
github.com/ArubikU/polyloft-bvm/internal/parser/parser.go:1391.85,1393.3 1 0
github.com/ArubikU/polyloft-bvm/internal/parser/parser.go:1394.2,1397.42 4 0
github.com/ArubikU/polyloft-bvm/internal/parser/parser.go:1397.42,1398.26 1 0
github.com/ArubikU/polyloft-bvm/internal/parser/parser.go:1398.26,1400.18 2 0
github.com/ArubikU/polyloft-bvm/internal/parser/parser.go:1400.18,1402.5 1 0
github.com/ArubikU/polyloft-bvm/internal/parser/parser.go:1403.4,1405.12 3 0
github.com/ArubikU/polyloft-bvm/internal/parser/parser.go:1407.3,1407.29 1 0
github.com/ArubikU/polyloft-bvm/internal/parser/parser.go:1407.29,1408.27 1 0
github.com/ArubikU/polyloft-bvm/internal/parser/parser.go:1408.27,1411.5 2 0
github.com/ArubikU/polyloft-bvm/internal/parser/parser.go:1412.4,1412.82 1 0
github.com/ArubikU/polyloft-bvm/internal/parser/parser.go:1412.82,1414.5 1 0
github.com/ArubikU/polyloft-bvm/internal/parser/parser.go:1415.4,1416.18 2 0
github.com/ArubikU/polyloft-bvm/internal/parser/parser.go:1416.18,1418.5 1 0
github.com/ArubikU/polyloft-bvm/internal/parser/parser.go:1419.4,1420.12 2 0
github.com/ArubikU/polyloft-bvm/internal/parser/parser.go:1422.3,1423.117 2 0
github.com/ArubikU/polyloft-bvm/internal/parser/parser.go:1425.2,1425.85 1 0
github.com/ArubikU/polyloft-bvm/internal/parser/parser.go:1425.85,1427.3 1 0
github.com/ArubikU/polyloft-bvm/internal/parser/parser.go:1428.2,1428.82 1 0
github.com/ArubikU/polyloft-bvm/internal/parser/parser.go:1431.53,1433.6 2 0
github.com/ArubikU/polyloft-bvm/internal/parser/parser.go:1433.6,1435.17 2 0
github.com/ArubikU/polyloft-bvm/internal/parser/parser.go:1435.17,1437.4 1 0
github.com/ArubikU/polyloft-bvm/internal/parser/parser.go:1438.3,1439.86 2 0
github.com/ArubikU/polyloft-bvm/internal/parser/parser.go:1439.86,1441.4 1 0
github.com/ArubikU/polyloft-bvm/internal/parser/parser.go:1442.3,1443.17 2 0
github.com/ArubikU/polyloft-bvm/internal/parser/parser.go:1443.17,1445.4 1 0
github.com/ArubikU/polyloft-bvm/internal/parser/parser.go:1446.3,1446.17 1 0
github.com/ArubikU/polyloft-bvm/internal/parser/parser.go:1446.17,1448.4 1 0
github.com/ArubikU/polyloft-bvm/internal/parser/parser.go:1449.3,1449.27 1 0
github.com/ArubikU/polyloft-bvm/internal/parser/parser.go:1449.27,1451.4 1 0
github.com/ArubikU/polyloft-bvm/internal/parser/parser.go:1455.61,1456.30 1 0
github.com/ArubikU/polyloft-bvm/internal/parser/parser.go:1456.30,1458.17 2 0
github.com/ArubikU/polyloft-bvm/internal/parser/parser.go:1458.17,1460.4 1 0
github.com/ArubikU/polyloft-bvm/internal/parser/parser.go:1461.3,1461.80 1 0
github.com/ArubikU/polyloft-bvm/internal/parser/parser.go:1461.80,1463.4 1 0
github.com/ArubikU/polyloft-bvm/internal/parser/parser.go:1464.3,1465.17 2 0
github.com/ArubikU/polyloft-bvm/internal/parser/parser.go:1465.17,1467.4 1 0
github.com/ArubikU/polyloft-bvm/internal/parser/parser.go:1468.3,1468.88 1 0
github.com/ArubikU/polyloft-bvm/internal/parser/parser.go:1468.88,1470.4 1 0
github.com/ArubikU/polyloft-bvm/internal/parser/parser.go:1471.3,1471.110 1 0
github.com/ArubikU/polyloft-bvm/internal/parser/parser.go:1473.2,1474.16 2 0
github.com/ArubikU/polyloft-bvm/internal/parser/parser.go:1474.16,1476.3 1 0
github.com/ArubikU/polyloft-bvm/internal/parser/parser.go:1477.2,1477.49 1 0
github.com/ArubikU/polyloft-bvm/internal/parser/parser.go:1480.75,1481.28 1 0
github.com/ArubikU/polyloft-bvm/internal/parser/parser.go:1481.28,1483.74 2 0
github.com/ArubikU/polyloft-bvm/internal/parser/parser.go:1483.74,1485.4 1 0
github.com/ArubikU/polyloft-bvm/internal/parser/parser.go:1486.3,1487.26 2 0
github.com/ArubikU/polyloft-bvm/internal/parser/parser.go:1489.2,1490.25 2 0
github.com/ArubikU/polyloft-bvm/internal/parser/parser.go:1493.59,1494.28 1 0
github.com/ArubikU/polyloft-bvm/internal/parser/parser.go:1494.28,1497.3 2 0
github.com/ArubikU/polyloft-bvm/internal/parser/parser.go:1498.2,1498.27 1 0
github.com/ArubikU/polyloft-bvm/internal/parser/parser.go:1501.51,1503.76 2 0
github.com/ArubikU/polyloft-bvm/internal/parser/parser.go:1503.76,1505.3 1 0
github.com/ArubikU/polyloft-bvm/internal/parser/parser.go:1506.2,1507.16 2 0
github.com/ArubikU/polyloft-bvm/internal/parser/parser.go:1507.16,1509.3 1 0
github.com/ArubikU/polyloft-bvm/internal/parser/parser.go:1510.2,1513.27 4 0
github.com/ArubikU/polyloft-bvm/internal/parser/parser.go:1513.27,1515.17 2 0
github.com/ArubikU/polyloft-bvm/internal/parser/parser.go:1515.17,1517.4 1 0
github.com/ArubikU/polyloft-bvm/internal/parser/parser.go:1518.3,1520.19 3 0
github.com/ArubikU/polyloft-bvm/internal/parser/parser.go:1522.2,1522.23 1 0
github.com/ArubikU/polyloft-bvm/internal/parser/parser.go:1522.23,1524.3 1 0
github.com/ArubikU/polyloft-bvm/internal/parser/parser.go:1525.2,1525.17 1 0
github.com/ArubikU/polyloft-bvm/internal/parser/parser.go:1525.17,1526.83 1 0
github.com/ArubikU/polyloft-bvm/internal/parser/parser.go:1526.83,1528.4 1 0
github.com/ArubikU/polyloft-bvm/internal/parser/parser.go:1530.2,1530.74 1 0
github.com/ArubikU/polyloft-bvm/internal/parser/parser.go:1533.63,1537.30 4 0
github.com/ArubikU/polyloft-bvm/internal/parser/parser.go:1537.30,1539.17 2 0
github.com/ArubikU/polyloft-bvm/internal/parser/parser.go:1539.17,1541.4 1 0
github.com/ArubikU/polyloft-bvm/internal/parser/parser.go:1542.3,1543.27 2 0
github.com/ArubikU/polyloft-bvm/internal/parser/parser.go:1543.27,1545.18 2 0
github.com/ArubikU/polyloft-bvm/internal/parser/parser.go:1545.18,1547.5 1 0
github.com/ArubikU/polyloft-bvm/internal/parser/parser.go:1548.4,1548.24 1 0
github.com/ArubikU/polyloft-bvm/internal/parser/parser.go:1550.3,1550.92 1 0
github.com/ArubikU/polyloft-bvm/internal/parser/parser.go:1550.92,1552.4 1 0
github.com/ArubikU/polyloft-bvm/internal/parser/parser.go:1553.8,1553.66 1 0
github.com/ArubikU/polyloft-bvm/internal/parser/parser.go:1553.66,1555.3 1 0
github.com/ArubikU/polyloft-bvm/internal/parser/parser.go:1556.2,1556.85 1 0
github.com/ArubikU/polyloft-bvm/internal/parser/parser.go:1556.85,1558.3 1 0
github.com/ArubikU/polyloft-bvm/internal/parser/parser.go:1559.2,1560.16 2 0
github.com/ArubikU/polyloft-bvm/internal/parser/parser.go:1560.16,1562.3 1 0
github.com/ArubikU/polyloft-bvm/internal/parser/parser.go:1563.2,1563.100 1 0
github.com/ArubikU/polyloft-bvm/internal/parser/parser.go:1566.59,1568.16 2 0
github.com/ArubikU/polyloft-bvm/internal/parser/parser.go:1568.16,1570.3 1 0
github.com/ArubikU/polyloft-bvm/internal/parser/parser.go:1571.2,1571.58 1 0
github.com/ArubikU/polyloft-bvm/internal/parser/parser.go:1574.54,1576.95 2 0
github.com/ArubikU/polyloft-bvm/internal/parser/parser.go:1576.95,1578.3 1 0
github.com/ArubikU/polyloft-bvm/internal/parser/parser.go:1579.2,1580.16 2 0
github.com/ArubikU/polyloft-bvm/internal/parser/parser.go:1580.16,1582.3 1 0
github.com/ArubikU/polyloft-bvm/internal/parser/parser.go:1583.2,1583.61 1 0
github.com/ArubikU/polyloft-bvm/internal/parser/parser.go:1586.53,1589.16 3 0
github.com/ArubikU/polyloft-bvm/internal/parser/parser.go:1589.16,1591.3 1 0
github.com/ArubikU/polyloft-bvm/internal/parser/parser.go:1592.2,1592.64 1 0
github.com/ArubikU/polyloft-bvm/internal/parser/parser.go:1595.51,1597.16 2 0
github.com/ArubikU/polyloft-bvm/internal/parser/parser.go:1597.16,1599.3 1 0
github.com/ArubikU/polyloft-bvm/internal/parser/parser.go:1600.2,1601.27 2 0
github.com/ArubikU/polyloft-bvm/internal/parser/parser.go:1601.27,1603.17 2 0
github.com/ArubikU/polyloft-bvm/internal/parser/parser.go:1603.17,1605.4 1 0
github.com/ArubikU/polyloft-bvm/internal/parser/parser.go:1606.3,1606.36 1 0
github.com/ArubikU/polyloft-bvm/internal/parser/parser.go:1608.2,1608.84 1 0
github.com/ArubikU/polyloft-bvm/internal/parser/parser.go:1608.84,1610.3 1 0
github.com/ArubikU/polyloft-bvm/internal/parser/parser.go:1611.2,1612.16 2 0
github.com/ArubikU/polyloft-bvm/internal/parser/parser.go:1612.16,1614.3 1 0
github.com/ArubikU/polyloft-bvm/internal/parser/parser.go:1615.2,1616.26 2 0
github.com/ArubikU/polyloft-bvm/internal/parser/parser.go:1616.26,1618.17 2 0
github.com/ArubikU/polyloft-bvm/internal/parser/parser.go:1618.17,1620.4 1 0
github.com/ArubikU/polyloft-bvm/internal/parser/parser.go:1622.2,1622.83 1 0
github.com/ArubikU/polyloft-bvm/internal/parser/parser.go:1622.83,1624.3 1 0
github.com/ArubikU/polyloft-bvm/internal/parser/parser.go:1625.2,1626.16 2 0
github.com/ArubikU/polyloft-bvm/internal/parser/parser.go:1626.16,1628.3 1 0
github.com/ArubikU/polyloft-bvm/internal/parser/parser.go:1629.2,1629.13 1 0
github.com/ArubikU/polyloft-bvm/internal/parser/parser.go:1629.13,1630.83 1 0
github.com/ArubikU/polyloft-bvm/internal/parser/parser.go:1630.83,1632.4 1 0
github.com/ArubikU/polyloft-bvm/internal/parser/parser.go:1634.2,1634.98 1 0
github.com/ArubikU/polyloft-bvm/internal/parser/parser.go:1637.71,1639.26 2 0
github.com/ArubikU/polyloft-bvm/internal/parser/parser.go:1639.26,1641.17 2 0
github.com/ArubikU/polyloft-bvm/internal/parser/parser.go:1641.17,1643.4 1 0
github.com/ArubikU/polyloft-bvm/internal/parser/parser.go:1644.3,1644.14 1 0
github.com/ArubikU/polyloft-bvm/internal/parser/parser.go:1644.14,1645.85 1 0
github.com/ArubikU/polyloft-bvm/internal/parser/parser.go:1645.85,1647.5 1 0
github.com/ArubikU/polyloft-bvm/internal/parser/parser.go:1649.3,1649.80 1 0
github.com/ArubikU/polyloft-bvm/internal/parser/parser.go:1651.2,1651.28 1 0
github.com/ArubikU/polyloft-bvm/internal/parser/parser.go:1651.28,1654.17 3 0
github.com/ArubikU/polyloft-bvm/internal/parser/parser.go:1654.17,1656.4 1 0
github.com/ArubikU/polyloft-bvm/internal/parser/parser.go:1657.3,1657.84 1 0
github.com/ArubikU/polyloft-bvm/internal/parser/parser.go:1657.84,1659.4 1 0
github.com/ArubikU/polyloft-bvm/internal/parser/parser.go:1660.3,1660.58 1 0
github.com/ArubikU/polyloft-bvm/internal/parser/parser.go:1662.2,1664.16 3 0
github.com/ArubikU/polyloft-bvm/internal/parser/parser.go:1664.16,1666.3 1 0
github.com/ArubikU/polyloft-bvm/internal/parser/parser.go:1667.2,1667.87 1 0
github.com/ArubikU/polyloft-bvm/internal/parser/parser.go:1667.87,1669.3 1 0
github.com/ArubikU/polyloft-bvm/internal/parser/parser.go:1670.2,1671.16 2 0
github.com/ArubikU/polyloft-bvm/internal/parser/parser.go:1671.16,1673.3 1 0
github.com/ArubikU/polyloft-bvm/internal/parser/parser.go:1674.2,1674.13 1 0
github.com/ArubikU/polyloft-bvm/internal/parser/parser.go:1674.13,1675.84 1 0
github.com/ArubikU/polyloft-bvm/internal/parser/parser.go:1675.84,1677.4 1 0
github.com/ArubikU/polyloft-bvm/internal/parser/parser.go:1679.2,1679.79 1 0
github.com/ArubikU/polyloft-bvm/internal/parser/parser.go:1682.73,1683.75 1 0
github.com/ArubikU/polyloft-bvm/internal/parser/parser.go:1683.75,1685.3 1 0
github.com/ArubikU/polyloft-bvm/internal/parser/parser.go:1686.2,1687.28 2 0
github.com/ArubikU/polyloft-bvm/internal/parser/parser.go:1687.28,1689.44 2 0
github.com/ArubikU/polyloft-bvm/internal/parser/parser.go:1689.44,1691.18 2 0
github.com/ArubikU/polyloft-bvm/internal/parser/parser.go:1691.18,1693.5 1 0
github.com/ArubikU/polyloft-bvm/internal/parser/parser.go:1694.4,1695.20 2 0
github.com/ArubikU/polyloft-bvm/internal/parser/parser.go:1697.8,1699.17 2 0
github.com/ArubikU/polyloft-bvm/internal/parser/parser.go:1699.17,1701.4 1 0
github.com/ArubikU/polyloft-bvm/internal/parser/parser.go:1702.3,1702.50 1 0
github.com/ArubikU/polyloft-bvm/internal/parser/parser.go:1704.2,1704.85 1 0
github.com/ArubikU/polyloft-bvm/internal/parser/parser.go:1704.85,1706.3 1 0
github.com/ArubikU/polyloft-bvm/internal/parser/parser.go:1707.2,1708.16 2 0
github.com/ArubikU/polyloft-bvm/internal/parser/parser.go:1708.16,1710.3 1 0
github.com/ArubikU/polyloft-bvm/internal/parser/parser.go:1711.2,1711.100 1 0
github.com/ArubikU/polyloft-bvm/internal/parser/parser.go:1714.41,1715.28 1 0
github.com/ArubikU/polyloft-bvm/internal/parser/parser.go:1715.28,1717.3 1 0
github.com/ArubikU/polyloft-bvm/internal/parser/parser.go:1718.2,1718.45 1 0
github.com/ArubikU/polyloft-bvm/internal/parser/parser.go:1718.45,1719.27 1 0
github.com/ArubikU/polyloft-bvm/internal/parser/parser.go:1720.33,1721.15 1 0
github.com/ArubikU/polyloft-bvm/internal/parser/parser.go:1722.20,1723.16 1 0
github.com/ArubikU/polyloft-bvm/internal/parser/parser.go:1726.2,1726.13 1 0
github.com/ArubikU/polyloft-bvm/internal/parser/parser.go:1729.58,1731.16 2 0
github.com/ArubikU/polyloft-bvm/internal/parser/parser.go:1731.16,1733.3 1 0
github.com/ArubikU/polyloft-bvm/internal/parser/parser.go:1734.2,1734.96 1 0
github.com/ArubikU/polyloft-bvm/internal/parser/parser.go:1734.96,1737.17 3 0
github.com/ArubikU/polyloft-bvm/internal/parser/parser.go:1737.17,1739.4 1 0
github.com/ArubikU/polyloft-bvm/internal/parser/parser.go:1740.3,1740.32 1 0
github.com/ArubikU/polyloft-bvm/internal/parser/parser.go:1741.26,1742.84 1 0
github.com/ArubikU/polyloft-bvm/internal/parser/parser.go:1743.21,1744.104 1 0
github.com/ArubikU/polyloft-bvm/internal/parser/parser.go:1745.23,1746.111 1 0
github.com/ArubikU/polyloft-bvm/internal/parser/parser.go:1747.11,1749.97 2 0
github.com/ArubikU/polyloft-bvm/internal/parser/parser.go:1752.2,1752.39 1 0
github.com/ArubikU/polyloft-bvm/internal/parser/parser.go:1755.68,1758.43 3 0
github.com/ArubikU/polyloft-bvm/internal/parser/parser.go:1758.43,1760.17 2 0
github.com/ArubikU/polyloft-bvm/internal/parser/parser.go:1760.17,1762.4 1 0
github.com/ArubikU/polyloft-bvm/internal/parser/parser.go:1763.3,1764.19 2 0
github.com/ArubikU/polyloft-bvm/internal/parser/parser.go:1766.2,1766.19 1 0
github.com/ArubikU/polyloft-bvm/internal/parser/parser.go:1769.49,1771.2 1 0
github.com/ArubikU/polyloft-bvm/internal/parser/parser.go:1773.41,1775.16 2 0
github.com/ArubikU/polyloft-bvm/internal/parser/parser.go:1775.16,1777.3 1 0
github.com/ArubikU/polyloft-bvm/internal/parser/parser.go:1778.2,1778.26 1 0
github.com/ArubikU/polyloft-bvm/internal/parser/parser.go:1778.26,1781.17 3 0
github.com/ArubikU/polyloft-bvm/internal/parser/parser.go:1781.17,1783.4 1 0
github.com/ArubikU/polyloft-bvm/internal/parser/parser.go:1784.3,1784.65 1 0
github.com/ArubikU/polyloft-bvm/internal/parser/parser.go:1786.2,1786.18 1 0
github.com/ArubikU/polyloft-bvm/internal/parser/parser.go:1789.42,1791.16 2 0
github.com/ArubikU/polyloft-bvm/internal/parser/parser.go:1791.16,1793.3 1 0
github.com/ArubikU/polyloft-bvm/internal/parser/parser.go:1794.2,1794.28 1 0
github.com/ArubikU/polyloft-bvm/internal/parser/parser.go:1794.28,1797.17 3 0
github.com/ArubikU/polyloft-bvm/internal/parser/parser.go:1797.17,1799.4 1 0
github.com/ArubikU/polyloft-bvm/internal/parser/parser.go:1800.3,1800.65 1 0
github.com/ArubikU/polyloft-bvm/internal/parser/parser.go:1802.2,1802.18 1 0
github.com/ArubikU/polyloft-bvm/internal/parser/parser.go:1805.47,1807.16 2 0
github.com/ArubikU/polyloft-bvm/internal/parser/parser.go:1807.16,1809.3 1 0
github.com/ArubikU/polyloft-bvm/internal/parser/parser.go:1810.2,1810.49 1 0
github.com/ArubikU/polyloft-bvm/internal/parser/parser.go:1810.49,1813.17 3 0
github.com/ArubikU/polyloft-bvm/internal/parser/parser.go:1813.17,1815.4 1 0
github.com/ArubikU/polyloft-bvm/internal/parser/parser.go:1816.3,1816.65 1 0
github.com/ArubikU/polyloft-bvm/internal/parser/parser.go:1818.2,1818.18 1 0
github.com/ArubikU/polyloft-bvm/internal/parser/parser.go:1821.49,1823.16 2 0
github.com/ArubikU/polyloft-bvm/internal/parser/parser.go:1823.16,1825.3 1 0
github.com/ArubikU/polyloft-bvm/internal/parser/parser.go:1826.2,1826.32 1 0
github.com/ArubikU/polyloft-bvm/internal/parser/parser.go:1826.32,1828.17 2 0
github.com/ArubikU/polyloft-bvm/internal/parser/parser.go:1828.17,1830.4 1 0
github.com/ArubikU/polyloft-bvm/internal/parser/parser.go:1831.3,1832.127 2 0
github.com/ArubikU/polyloft-bvm/internal/parser/parser.go:1832.127,1834.18 2 0
github.com/ArubikU/polyloft-bvm/internal/parser/parser.go:1834.18,1836.5 1 0
github.com/ArubikU/polyloft-bvm/internal/parser/parser.go:1837.4,1837.19 1 0
github.com/ArubikU/polyloft-bvm/internal/parser/parser.go:1839.3,1839.75 1 0
github.com/ArubikU/polyloft-bvm/internal/parser/parser.go:1841.2,1841.88 1 0
github.com/ArubikU/polyloft-bvm/internal/parser/parser.go:1841.88,1844.17 3 0
github.com/ArubikU/polyloft-bvm/internal/parser/parser.go:1844.17,1846.4 1 0
github.com/ArubikU/polyloft-bvm/internal/parser/parser.go:1847.3,1847.65 1 0
github.com/ArubikU/polyloft-bvm/internal/parser/parser.go:1849.2,1849.18 1 0
github.com/ArubikU/polyloft-bvm/internal/parser/parser.go:1852.48,1854.16 2 0
github.com/ArubikU/polyloft-bvm/internal/parser/parser.go:1854.16,1856.3 1 0
github.com/ArubikU/polyloft-bvm/internal/parser/parser.go:1857.2,1857.27 1 0
github.com/ArubikU/polyloft-bvm/internal/parser/parser.go:1857.27,1859.3 1 0
github.com/ArubikU/polyloft-bvm/internal/parser/parser.go:1860.2,1860.30 1 0
github.com/ArubikU/polyloft-bvm/internal/parser/parser.go:1860.30,1862.3 1 0
github.com/ArubikU/polyloft-bvm/internal/parser/parser.go:1863.2,1865.16 3 0
github.com/ArubikU/polyloft-bvm/internal/parser/parser.go:1865.16,1867.3 1 0
github.com/ArubikU/polyloft-bvm/internal/parser/parser.go:1868.2,1875.8 1 0
github.com/ArubikU/polyloft-bvm/internal/parser/parser.go:1878.43,1880.16 2 0
github.com/ArubikU/polyloft-bvm/internal/parser/parser.go:1880.16,1882.3 1 0
github.com/ArubikU/polyloft-bvm/internal/parser/parser.go:1883.2,1883.39 1 0
github.com/ArubikU/polyloft-bvm/internal/parser/parser.go:1883.39,1886.17 3 0
github.com/ArubikU/polyloft-bvm/internal/parser/parser.go:1886.17,1888.4 1 0
github.com/ArubikU/polyloft-bvm/internal/parser/parser.go:1889.3,1889.65 1 0
github.com/ArubikU/polyloft-bvm/internal/parser/parser.go:1891.2,1891.18 1 0
github.com/ArubikU/polyloft-bvm/internal/parser/parser.go:1894.45,1896.16 2 0
github.com/ArubikU/polyloft-bvm/internal/parser/parser.go:1896.16,1898.3 1 0
github.com/ArubikU/polyloft-bvm/internal/parser/parser.go:1899.2,1899.54 1 0
github.com/ArubikU/polyloft-bvm/internal/parser/parser.go:1899.54,1902.17 3 0
github.com/ArubikU/polyloft-bvm/internal/parser/parser.go:1902.17,1904.4 1 0
github.com/ArubikU/polyloft-bvm/internal/parser/parser.go:1905.3,1905.65 1 0
github.com/ArubikU/polyloft-bvm/internal/parser/parser.go:1907.2,1907.18 1 0
github.com/ArubikU/polyloft-bvm/internal/parser/parser.go:1910.44,1912.16 2 0
github.com/ArubikU/polyloft-bvm/internal/parser/parser.go:1912.16,1914.3 1 0
github.com/ArubikU/polyloft-bvm/internal/parser/parser.go:1915.2,1915.42 1 0
github.com/ArubikU/polyloft-bvm/internal/parser/parser.go:1915.42,1918.17 3 0
github.com/ArubikU/polyloft-bvm/internal/parser/parser.go:1918.17,1920.4 1 0
github.com/ArubikU/polyloft-bvm/internal/parser/parser.go:1921.3,1921.65 1 0
github.com/ArubikU/polyloft-bvm/internal/parser/parser.go:1923.2,1923.18 1 0
github.com/ArubikU/polyloft-bvm/internal/parser/parser.go:1926.44,1927.21 1 0
github.com/ArubikU/polyloft-bvm/internal/parser/parser.go:1927.21,1928.83 1 0
github.com/ArubikU/polyloft-bvm/internal/parser/parser.go:1928.83,1930.4 1 0
github.com/ArubikU/polyloft-bvm/internal/parser/parser.go:1931.3,1932.17 2 0
github.com/ArubikU/polyloft-bvm/internal/parser/parser.go:1932.17,1934.4 1 0
github.com/ArubikU/polyloft-bvm/internal/parser/parser.go:1935.3,1935.90 1 0
github.com/ArubikU/polyloft-bvm/internal/parser/parser.go:1935.90,1937.4 1 0
github.com/ArubikU/polyloft-bvm/internal/parser/parser.go:1938.3,1939.17 2 0
github.com/ArubikU/polyloft-bvm/internal/parser/parser.go:1939.17,1941.4 1 0
github.com/ArubikU/polyloft-bvm/internal/parser/parser.go:1942.3,1942.57 1 0
github.com/ArubikU/polyloft-bvm/internal/parser/parser.go:1944.2,1944.38 1 0
github.com/ArubikU/polyloft-bvm/internal/parser/parser.go:1944.38,1947.17 3 0
github.com/ArubikU/polyloft-bvm/internal/parser/parser.go:1947.17,1949.4 1 0
github.com/ArubikU/polyloft-bvm/internal/parser/parser.go:1950.3,1950.57 1 0
github.com/ArubikU/polyloft-bvm/internal/parser/parser.go:1952.2,1952.17 1 0
github.com/ArubikU/polyloft-bvm/internal/parser/parser.go:1955.37,1956.31 1 0
github.com/ArubikU/polyloft-bvm/internal/parser/parser.go:1956.31,1958.3 1 0
github.com/ArubikU/polyloft-bvm/internal/parser/parser.go:1959.2,1960.17 2 0
github.com/ArubikU/polyloft-bvm/internal/parser/parser.go:1960.17,1962.3 1 0
github.com/ArubikU/polyloft-bvm/internal/parser/parser.go:1963.2,1963.39 1 0
github.com/ArubikU/polyloft-bvm/internal/parser/parser.go:1966.45,1967.31 1 0
github.com/ArubikU/polyloft-bvm/internal/parser/parser.go:1967.31,1969.3 1 0
github.com/ArubikU/polyloft-bvm/internal/parser/parser.go:1970.2,1970.35 1 0
github.com/ArubikU/polyloft-bvm/internal/parser/parser.go:1970.35,1972.3 1 0
github.com/ArubikU/polyloft-bvm/internal/parser/parser.go:1973.2,1975.57 3 0
github.com/ArubikU/polyloft-bvm/internal/parser/parser.go:1975.57,1977.39 2 0
github.com/ArubikU/polyloft-bvm/internal/parser/parser.go:1977.39,1978.35 1 0
github.com/ArubikU/polyloft-bvm/internal/parser/parser.go:1978.35,1980.5 1 0
github.com/ArubikU/polyloft-bvm/internal/parser/parser.go:1981.4,1981.16 1 0
github.com/ArubikU/polyloft-bvm/internal/parser/parser.go:1983.3,1983.39 1 0
github.com/ArubikU/polyloft-bvm/internal/parser/parser.go:1983.39,1985.4 1 0
github.com/ArubikU/polyloft-bvm/internal/parser/parser.go:1986.3,1987.23 2 0
github.com/ArubikU/polyloft-bvm/internal/parser/parser.go:1988.19,1989.11 1 0
github.com/ArubikU/polyloft-bvm/internal/parser/parser.go:1990.22,1991.18 1 0
github.com/ArubikU/polyloft-bvm/internal/parser/parser.go:1991.18,1993.5 1 0
github.com/ArubikU/polyloft-bvm/internal/parser/parser.go:1994.4,1994.11 1 0
github.com/ArubikU/polyloft-bvm/internal/parser/parser.go:1997.2,1997.11 1 0
github.com/ArubikU/polyloft-bvm/internal/parser/parser.go:2000.50,2001.28 1 0
github.com/ArubikU/polyloft-bvm/internal/parser/parser.go:2001.28,2003.3 1 0
github.com/ArubikU/polyloft-bvm/internal/parser/parser.go:2004.2,2005.36 2 0
github.com/ArubikU/polyloft-bvm/internal/parser/parser.go:2005.36,2007.3 1 0
github.com/ArubikU/polyloft-bvm/internal/parser/parser.go:2008.2,2008.38 1 0
github.com/ArubikU/polyloft-bvm/internal/parser/parser.go:2008.38,2010.3 1 0
github.com/ArubikU/polyloft-bvm/internal/parser/parser.go:2011.2,2011.44 1 0
github.com/ArubikU/polyloft-bvm/internal/parser/parser.go:2011.44,2013.3 1 0
github.com/ArubikU/polyloft-bvm/internal/parser/parser.go:2014.2,2014.30 1 0
github.com/ArubikU/polyloft-bvm/internal/parser/parser.go:2014.30,2016.3 1 0
github.com/ArubikU/polyloft-bvm/internal/parser/parser.go:2017.2,2018.37 2 0
github.com/ArubikU/polyloft-bvm/internal/parser/parser.go:2021.49,2022.16 1 0
github.com/ArubikU/polyloft-bvm/internal/parser/parser.go:2023.40,2024.14 1 0
github.com/ArubikU/polyloft-bvm/internal/parser/parser.go:2025.10,2026.15 1 0
github.com/ArubikU/polyloft-bvm/internal/parser/parser.go:2030.56,2031.14 1 0
github.com/ArubikU/polyloft-bvm/internal/parser/parser.go:2032.120,2033.14 1 0
github.com/ArubikU/polyloft-bvm/internal/parser/parser.go:2034.10,2035.15 1 0
github.com/ArubikU/polyloft-bvm/internal/parser/parser.go:2039.50,2040.28 1 0
github.com/ArubikU/polyloft-bvm/internal/parser/parser.go:2040.28,2042.3 1 0
github.com/ArubikU/polyloft-bvm/internal/parser/parser.go:2043.2,2043.30 1 0
github.com/ArubikU/polyloft-bvm/internal/parser/parser.go:2044.252,2045.14 1 0
github.com/ArubikU/polyloft-bvm/internal/parser/parser.go:2046.10,2047.15 1 0
github.com/ArubikU/polyloft-bvm/internal/parser/parser.go:2051.60,2053.28 2 0
github.com/ArubikU/polyloft-bvm/internal/parser/parser.go:2053.28,2055.3 1 0
github.com/ArubikU/polyloft-bvm/internal/parser/parser.go:2056.2,2056.37 1 0
github.com/ArubikU/polyloft-bvm/internal/parser/parser.go:2059.43,2061.16 2 0
github.com/ArubikU/polyloft-bvm/internal/parser/parser.go:2061.16,2063.3 1 0
github.com/ArubikU/polyloft-bvm/internal/parser/parser.go:2064.2,2064.6 1 0
github.com/ArubikU/polyloft-bvm/internal/parser/parser.go:2064.6,2065.69 1 0
github.com/ArubikU/polyloft-bvm/internal/parser/parser.go:2065.69,2067.4 1 0
github.com/ArubikU/polyloft-bvm/internal/parser/parser.go:2067.9,2067.21 1 0
github.com/ArubikU/polyloft-bvm/internal/parser/parser.go:2067.21,2068.101 1 0
github.com/ArubikU/polyloft-bvm/internal/parser/parser.go:2068.101,2070.5 1 0
github.com/ArubikU/polyloft-bvm/internal/parser/parser.go:2071.4,2072.18 2 0
github.com/ArubikU/polyloft-bvm/internal/parser/parser.go:2072.18,2074.5 1 0
github.com/ArubikU/polyloft-bvm/internal/parser/parser.go:2075.4,2075.12 1 0
github.com/ArubikU/polyloft-bvm/internal/parser/parser.go:2077.3,2077.31 1 0
github.com/ArubikU/polyloft-bvm/internal/parser/parser.go:2077.31,2079.18 2 0
github.com/ArubikU/polyloft-bvm/internal/parser/parser.go:2079.18,2081.5 1 0
github.com/ArubikU/polyloft-bvm/internal/parser/parser.go:2082.4,2082.12 1 0
github.com/ArubikU/polyloft-bvm/internal/parser/parser.go:2084.3,2084.25 1 0
github.com/ArubikU/polyloft-bvm/internal/parser/parser.go:2084.25,2086.18 2 0
github.com/ArubikU/polyloft-bvm/internal/parser/parser.go:2086.18,2088.5 1 0
github.com/ArubikU/polyloft-bvm/internal/parser/parser.go:2089.4,2090.12 2 0
github.com/ArubikU/polyloft-bvm/internal/parser/parser.go:2092.3,2092.33 1 0
github.com/ArubikU/polyloft-bvm/internal/parser/parser.go:2092.33,2098.18 6 0
github.com/ArubikU/polyloft-bvm/internal/parser/parser.go:2098.18,2100.5 1 0
github.com/ArubikU/polyloft-bvm/internal/parser/parser.go:2101.4,2101.31 1 0
github.com/ArubikU/polyloft-bvm/internal/parser/parser.go:2101.31,2103.19 2 0
github.com/ArubikU/polyloft-bvm/internal/parser/parser.go:2103.19,2105.6 1 0
github.com/ArubikU/polyloft-bvm/internal/parser/parser.go:2106.5,2106.88 1 0
github.com/ArubikU/polyloft-bvm/internal/parser/parser.go:2106.88,2108.6 1 0
github.com/ArubikU/polyloft-bvm/internal/parser/parser.go:2109.5,2110.13 2 0
github.com/ArubikU/polyloft-bvm/internal/parser/parser.go:2112.4,2112.87 1 0
github.com/ArubikU/polyloft-bvm/internal/parser/parser.go:2112.87,2114.5 1 0
github.com/ArubikU/polyloft-bvm/internal/parser/parser.go:2115.4,2116.12 2 0
github.com/ArubikU/polyloft-bvm/internal/parser/parser.go:2118.3,2118.8 1 0
github.com/ArubikU/polyloft-bvm/internal/parser/parser.go:2120.2,2120.18 1 0
github.com/ArubikU/polyloft-bvm/internal/parser/parser.go:2123.71,2124.26 1 0
github.com/ArubikU/polyloft-bvm/internal/parser/parser.go:2124.26,2126.3 1 0
github.com/ArubikU/polyloft-bvm/internal/parser/parser.go:2127.2,2130.6 4 0
github.com/ArubikU/polyloft-bvm/internal/parser/parser.go:2130.6,2132.17 2 0
github.com/ArubikU/polyloft-bvm/internal/parser/parser.go:2132.17,2135.4 2 0
github.com/ArubikU/polyloft-bvm/internal/parser/parser.go:2136.3,2137.28 2 0
github.com/ArubikU/polyloft-bvm/internal/parser/parser.go:2137.28,2138.9 1 0
github.com/ArubikU/polyloft-bvm/internal/parser/parser.go:2141.2,2141.97 1 0
github.com/ArubikU/polyloft-bvm/internal/parser/parser.go:2141.97,2144.3 2 0
github.com/ArubikU/polyloft-bvm/internal/parser/parser.go:2145.2,2145.31 1 0
github.com/ArubikU/polyloft-bvm/internal/parser/parser.go:2145.31,2148.3 2 0
github.com/ArubikU/polyloft-bvm/internal/parser/parser.go:2149.2,2149.24 1 0
github.com/ArubikU/polyloft-bvm/internal/parser/parser.go:2152.89,2155.16 3 0
github.com/ArubikU/polyloft-bvm/internal/parser/parser.go:2155.16,2157.3 1 0
github.com/ArubikU/polyloft-bvm/internal/parser/parser.go:2158.2,2158.94 1 0
github.com/ArubikU/polyloft-bvm/internal/parser/parser.go:2161.53,2163.32 2 0
github.com/ArubikU/polyloft-bvm/internal/parser/parser.go:2163.32,2164.7 1 0
github.com/ArubikU/polyloft-bvm/internal/parser/parser.go:2164.7,2166.18 2 0
github.com/ArubikU/polyloft-bvm/internal/parser/parser.go:2166.18,2168.5 1 0
github.com/ArubikU/polyloft-bvm/internal/parser/parser.go:2169.4,2170.29 2 0
github.com/ArubikU/polyloft-bvm/internal/parser/parser.go:2170.29,2171.10 1 0
github.com/ArubikU/polyloft-bvm/internal/parser/parser.go:2175.2,2175.87 1 0
github.com/ArubikU/polyloft-bvm/internal/parser/parser.go:2175.87,2177.3 1 0
github.com/ArubikU/polyloft-bvm/internal/parser/parser.go:2178.2,2178.18 1 0
github.com/ArubikU/polyloft-bvm/internal/parser/parser.go:2181.46,2182.26 1 0
github.com/ArubikU/polyloft-bvm/internal/parser/parser.go:2182.26,2184.3 1 0
github.com/ArubikU/polyloft-bvm/internal/parser/parser.go:2185.2,2185.25 1 0
github.com/ArubikU/polyloft-bvm/internal/parser/parser.go:2185.25,2187.3 1 0
github.com/ArubikU/polyloft-bvm/internal/parser/parser.go:2188.2,2188.24 1 0
github.com/ArubikU/polyloft-bvm/internal/parser/parser.go:2188.24,2190.3 1 0
github.com/ArubikU/polyloft-bvm/internal/parser/parser.go:2191.2,2191.30 1 0
github.com/ArubikU/polyloft-bvm/internal/parser/parser.go:2191.30,2193.17 2 0
github.com/ArubikU/polyloft-bvm/internal/parser/parser.go:2193.17,2195.4 1 0
github.com/ArubikU/polyloft-bvm/internal/parser/parser.go:2196.3,2196.45 1 0
github.com/ArubikU/polyloft-bvm/internal/parser/parser.go:2198.2,2198.32 1 0
github.com/ArubikU/polyloft-bvm/internal/parser/parser.go:2198.32,2200.17 2 0
github.com/ArubikU/polyloft-bvm/internal/parser/parser.go:2200.17,2202.4 1 0
github.com/ArubikU/polyloft-bvm/internal/parser/parser.go:2203.3,2203.45 1 0
github.com/ArubikU/polyloft-bvm/internal/parser/parser.go:2205.2,2205.25 1 0
github.com/ArubikU/polyloft-bvm/internal/parser/parser.go:2205.25,2207.22 2 0
github.com/ArubikU/polyloft-bvm/internal/parser/parser.go:2207.22,2209.4 1 0
github.com/ArubikU/polyloft-bvm/internal/parser/parser.go:2210.3,2210.48 1 0
github.com/ArubikU/polyloft-bvm/internal/parser/parser.go:2212.2,2212.27 1 0
github.com/ArubikU/polyloft-bvm/internal/parser/parser.go:2212.27,2214.3 1 0
github.com/ArubikU/polyloft-bvm/internal/parser/parser.go:2215.2,2215.32 1 0
github.com/ArubikU/polyloft-bvm/internal/parser/parser.go:2215.32,2218.35 3 0
github.com/ArubikU/polyloft-bvm/internal/parser/parser.go:2218.35,2219.8 1 0
github.com/ArubikU/polyloft-bvm/internal/parser/parser.go:2219.8,2221.19 2 0
github.com/ArubikU/polyloft-bvm/internal/parser/parser.go:2221.19,2223.6 1 0
github.com/ArubikU/polyloft-bvm/internal/parser/parser.go:2224.5,2226.30 3 0
github.com/ArubikU/polyloft-bvm/internal/parser/parser.go:2226.30,2227.11 1 0
github.com/ArubikU/polyloft-bvm/internal/parser/parser.go:2229.5,2229.21 1 0
github.com/ArubikU/polyloft-bvm/internal/parser/parser.go:2232.3,2233.94 2 0
github.com/ArubikU/polyloft-bvm/internal/parser/parser.go:2233.94,2235.4 1 0
github.com/ArubikU/polyloft-bvm/internal/parser/parser.go:2236.3,2236.49 1 0
github.com/ArubikU/polyloft-bvm/internal/parser/parser.go:2238.2,2238.30 1 0
github.com/ArubikU/polyloft-bvm/internal/parser/parser.go:2238.30,2241.33 3 0
github.com/ArubikU/polyloft-bvm/internal/parser/parser.go:2241.33,2242.8 1 0
github.com/ArubikU/polyloft-bvm/internal/parser/parser.go:2242.8,2245.34 3 0
github.com/ArubikU/polyloft-bvm/internal/parser/parser.go:2245.34,2247.6 1 0
github.com/ArubikU/polyloft-bvm/internal/parser/parser.go:2247.11,2247.37 1 0
github.com/ArubikU/polyloft-bvm/internal/parser/parser.go:2247.37,2249.6 1 0
github.com/ArubikU/polyloft-bvm/internal/parser/parser.go:2249.11,2252.6 2 0
github.com/ArubikU/polyloft-bvm/internal/parser/parser.go:2253.5,2253.83 1 0
github.com/ArubikU/polyloft-bvm/internal/parser/parser.go:2253.83,2255.6 1 0
github.com/ArubikU/polyloft-bvm/internal/parser/parser.go:2256.5,2257.19 2 0
github.com/ArubikU/polyloft-bvm/internal/parser/parser.go:2257.19,2259.6 1 0
github.com/ArubikU/polyloft-bvm/internal/parser/parser.go:2260.5,2262.30 3 0
github.com/ArubikU/polyloft-bvm/internal/parser/parser.go:2262.30,2263.11 1 0
github.com/ArubikU/polyloft-bvm/internal/parser/parser.go:2265.5,2265.21 1 0
github.com/ArubikU/polyloft-bvm/internal/parser/parser.go:2268.3,2269.90 2 0
github.com/ArubikU/polyloft-bvm/internal/parser/parser.go:2269.90,2271.4 1 0
github.com/ArubikU/polyloft-bvm/internal/parser/parser.go:2272.3,2272.45 1 0
github.com/ArubikU/polyloft-bvm/internal/parser/parser.go:2274.2,2274.31 1 0
github.com/ArubikU/polyloft-bvm/internal/parser/parser.go:2274.31,2276.3 1 0
github.com/ArubikU/polyloft-bvm/internal/parser/parser.go:2277.2,2277.25 1 0
github.com/ArubikU/polyloft-bvm/internal/parser/parser.go:2277.25,2279.3 1 0
github.com/ArubikU/polyloft-bvm/internal/parser/parser.go:2280.2,2280.24 1 0
github.com/ArubikU/polyloft-bvm/internal/parser/parser.go:2280.24,2283.17 2 0
github.com/ArubikU/polyloft-bvm/internal/parser/parser.go:2283.17,2285.4 1 0
github.com/ArubikU/polyloft-bvm/internal/parser/parser.go:2287.3,2288.33 2 0
github.com/ArubikU/polyloft-bvm/internal/parser/parser.go:2288.33,2289.36 1 0
github.com/ArubikU/polyloft-bvm/internal/parser/parser.go:2289.36,2291.19 2 0
github.com/ArubikU/polyloft-bvm/internal/parser/parser.go:2291.19,2293.6 1 0
github.com/ArubikU/polyloft-bvm/internal/parser/parser.go:2294.5,2294.20 1 0
github.com/ArubikU/polyloft-bvm/internal/parser/parser.go:2296.4,2296.92 1 0
github.com/ArubikU/polyloft-bvm/internal/parser/parser.go:2296.92,2298.5 1 0
github.com/ArubikU/polyloft-bvm/internal/parser/parser.go:2301.3,2303.31 3 0
github.com/ArubikU/polyloft-bvm/internal/parser/parser.go:2303.31,2305.34 2 0
github.com/ArubikU/polyloft-bvm/internal/parser/parser.go:2305.34,2306.9 1 0
github.com/ArubikU/polyloft-bvm/internal/parser/parser.go:2306.9,2308.20 2 0
github.com/ArubikU/polyloft-bvm/internal/parser/parser.go:2308.20,2310.7 1 0
github.com/ArubikU/polyloft-bvm/internal/parser/parser.go:2311.6,2312.31 2 0
github.com/ArubikU/polyloft-bvm/internal/parser/parser.go:2312.31,2313.12 1 0
github.com/ArubikU/polyloft-bvm/internal/parser/parser.go:2317.4,2317.97 1 0
github.com/ArubikU/polyloft-bvm/internal/parser/parser.go:2317.97,2319.5 1 0
github.com/ArubikU/polyloft-bvm/internal/parser/parser.go:2322.3,2322.58 1 0
github.com/ArubikU/polyloft-bvm/internal/parser/parser.go:2322.58,2324.4 1 0
github.com/ArubikU/polyloft-bvm/internal/parser/parser.go:2326.3,2326.131 1 0
github.com/ArubikU/polyloft-bvm/internal/parser/parser.go:2326.131,2327.89 1 0
github.com/ArubikU/polyloft-bvm/internal/parser/parser.go:2327.89,2329.5 1 0
github.com/ArubikU/polyloft-bvm/internal/parser/parser.go:2330.4,2332.34 3 0
github.com/ArubikU/polyloft-bvm/internal/parser/parser.go:2332.34,2333.9 1 0
github.com/ArubikU/polyloft-bvm/internal/parser/parser.go:2333.9,2335.20 2 0
github.com/ArubikU/polyloft-bvm/internal/parser/parser.go:2335.20,2337.7 1 0
github.com/ArubikU/polyloft-bvm/internal/parser/parser.go:2338.6,2339.31 2 0
github.com/ArubikU/polyloft-bvm/internal/parser/parser.go:2339.31,2340.12 1 0
github.com/ArubikU/polyloft-bvm/internal/parser/parser.go:2344.4,2344.89 1 0
github.com/ArubikU/polyloft-bvm/internal/parser/parser.go:2344.89,2346.5 1 0
github.com/ArubikU/polyloft-bvm/internal/parser/parser.go:2347.4,2347.82 1 0
github.com/ArubikU/polyloft-bvm/internal/parser/parser.go:2349.3,2349.53 1 0
github.com/ArubikU/polyloft-bvm/internal/parser/parser.go:2351.2,2351.29 1 0
github.com/ArubikU/polyloft-bvm/internal/parser/parser.go:2351.29,2353.3 1 0
github.com/ArubikU/polyloft-bvm/internal/parser/parser.go:2354.2,2354.26 1 0
github.com/ArubikU/polyloft-bvm/internal/parser/parser.go:2354.26,2356.3 1 0
github.com/ArubikU/polyloft-bvm/internal/parser/parser.go:2357.2,2357.30 1 0
github.com/ArubikU/polyloft-bvm/internal/parser/parser.go:2357.30,2358.24 1 0
github.com/ArubikU/polyloft-bvm/internal/parser/parser.go:2358.24,2360.18 2 0
github.com/ArubikU/polyloft-bvm/internal/parser/parser.go:2360.18,2362.5 1 0
github.com/ArubikU/polyloft-bvm/internal/parser/parser.go:2363.4,2363.96 1 0
github.com/ArubikU/polyloft-bvm/internal/parser/parser.go:2363.96,2365.5 1 0
github.com/ArubikU/polyloft-bvm/internal/parser/parser.go:2366.4,2366.28 1 0
github.com/ArubikU/polyloft-bvm/internal/parser/parser.go:2366.28,2369.19 3 0
github.com/ArubikU/polyloft-bvm/internal/parser/parser.go:2369.19,2371.6 1 0
github.com/ArubikU/polyloft-bvm/internal/parser/parser.go:2372.5,2372.88 1 0
github.com/ArubikU/polyloft-bvm/internal/parser/parser.go:2372.88,2374.6 1 0
github.com/ArubikU/polyloft-bvm/internal/parser/parser.go:2375.5,2375.61 1 0
github.com/ArubikU/polyloft-bvm/internal/parser/parser.go:2377.4,2378.18 2 0
github.com/ArubikU/polyloft-bvm/internal/parser/parser.go:2378.18,2380.5 1 0
github.com/ArubikU/polyloft-bvm/internal/parser/parser.go:2381.4,2381.59 1 0
github.com/ArubikU/polyloft-bvm/internal/parser/parser.go:2383.3,2384.17 2 0
github.com/ArubikU/polyloft-bvm/internal/parser/parser.go:2384.17,2386.4 1 0
github.com/ArubikU/polyloft-bvm/internal/parser/parser.go:2387.3,2387.27 1 0
github.com/ArubikU/polyloft-bvm/internal/parser/parser.go:2387.27,2389.8 2 0
github.com/ArubikU/polyloft-bvm/internal/parser/parser.go:2389.8,2391.19 2 0
github.com/ArubikU/polyloft-bvm/internal/parser/parser.go:2391.19,2393.6 1 0
github.com/ArubikU/polyloft-bvm/internal/parser/parser.go:2394.5,2395.30 2 0
github.com/ArubikU/polyloft-bvm/internal/parser/parser.go:2395.30,2396.11 1 0
github.com/ArubikU/polyloft-bvm/internal/parser/parser.go:2399.4,2399.93 1 0
github.com/ArubikU/polyloft-bvm/internal/parser/parser.go:2399.93,2401.5 1 0
github.com/ArubikU/polyloft-bvm/internal/parser/parser.go:2402.4,2402.50 1 0
github.com/ArubikU/polyloft-bvm/internal/parser/parser.go:2404.3,2404.89 1 0
github.com/ArubikU/polyloft-bvm/internal/parser/parser.go:2404.89,2406.4 1 0
github.com/ArubikU/polyloft-bvm/internal/parser/parser.go:2407.3,2407.45 1 0
github.com/ArubikU/polyloft-bvm/internal/parser/parser.go:2409.2,2410.111 2 0
github.com/ArubikU/polyloft-bvm/internal/parser/parser.go:2413.51,2415.2 1 0
github.com/ArubikU/polyloft-bvm/internal/parser/parser.go:2417.83,2419.16 2 0
github.com/ArubikU/polyloft-bvm/internal/parser/parser.go:2419.16,2421.3 1 0
github.com/ArubikU/polyloft-bvm/internal/parser/parser.go:2422.2,2422.87 1 0
github.com/ArubikU/polyloft-bvm/internal/parser/parser.go:2422.87,2424.3 1 0
github.com/ArubikU/polyloft-bvm/internal/parser/parser.go:2425.2,2427.16 3 0
github.com/ArubikU/polyloft-bvm/internal/parser/parser.go:2427.16,2429.3 1 0
github.com/ArubikU/polyloft-bvm/internal/parser/parser.go:2430.2,2430.84 1 0
github.com/ArubikU/polyloft-bvm/internal/parser/parser.go:2430.84,2432.3 1 0
github.com/ArubikU/polyloft-bvm/internal/parser/parser.go:2433.2,2440.8 4 0
github.com/ArubikU/polyloft-bvm/internal/parser/parser.go:2443.39,2445.44 2 0
github.com/ArubikU/polyloft-bvm/internal/parser/parser.go:2445.44,2447.3 1 0
github.com/ArubikU/polyloft-bvm/internal/parser/parser.go:2448.2,2448.26 1 0
github.com/ArubikU/polyloft-bvm/internal/parser/parser.go:2448.26,2449.45 1 0
github.com/ArubikU/polyloft-bvm/internal/parser/parser.go:2449.45,2451.4 1 0
github.com/ArubikU/polyloft-bvm/internal/parser/parser.go:2452.3,2453.63 2 0
github.com/ArubikU/polyloft-bvm/internal/parser/parser.go:2453.63,2455.70 2 0
github.com/ArubikU/polyloft-bvm/internal/parser/parser.go:2455.70,2457.5 1 0
github.com/ArubikU/polyloft-bvm/internal/parser/parser.go:2458.4,2458.9 1 0
github.com/ArubikU/polyloft-bvm/internal/parser/parser.go:2460.3,2460.27 1 0
github.com/ArubikU/polyloft-bvm/internal/parser/parser.go:2460.27,2462.4 1 0
github.com/ArubikU/polyloft-bvm/internal/parser/parser.go:2463.3,2463.40 1 0
github.com/ArubikU/polyloft-bvm/internal/parser/parser.go:2463.40,2465.12 2 0
github.com/ArubikU/polyloft-bvm/internal/parser/parser.go:2467.3,2467.45 1 0
github.com/ArubikU/polyloft-bvm/internal/parser/parser.go:2467.45,2469.4 1 0
github.com/ArubikU/polyloft-bvm/internal/parser/parser.go:2470.3,2470.15 1 0
github.com/ArubikU/polyloft-bvm/internal/parser/parser.go:2472.2,2472.14 1 0
github.com/ArubikU/polyloft-bvm/internal/parser/parser.go:2475.65,2477.32 2 0
github.com/ArubikU/polyloft-bvm/internal/parser/parser.go:2477.32,2478.7 1 0
github.com/ArubikU/polyloft-bvm/internal/parser/parser.go:2478.7,2480.18 2 0
github.com/ArubikU/polyloft-bvm/internal/parser/parser.go:2480.18,2482.5 1 0
github.com/ArubikU/polyloft-bvm/internal/parser/parser.go:2483.4,2484.28 2 0
github.com/ArubikU/polyloft-bvm/internal/parser/parser.go:2484.28,2486.19 2 0
github.com/ArubikU/polyloft-bvm/internal/parser/parser.go:2486.19,2488.6 1 0
github.com/ArubikU/polyloft-bvm/internal/parser/parser.go:2490.4,2491.29 2 0
github.com/ArubikU/polyloft-bvm/internal/parser/parser.go:2491.29,2492.10 1 0
github.com/ArubikU/polyloft-bvm/internal/parser/parser.go:2496.2,2496.95 1 0
github.com/ArubikU/polyloft-bvm/internal/parser/parser.go:2496.95,2498.3 1 0
github.com/ArubikU/polyloft-bvm/internal/parser/parser.go:2499.2,2499.20 1 0
github.com/ArubikU/polyloft-bvm/internal/parser/parser.go:2502.50,2503.29 1 0
github.com/ArubikU/polyloft-bvm/internal/parser/parser.go:2503.29,2504.20 1 0
github.com/ArubikU/polyloft-bvm/internal/parser/parser.go:2504.20,2507.4 2 0
github.com/ArubikU/polyloft-bvm/internal/parser/parser.go:2509.2,2509.14 1 0
github.com/ArubikU/polyloft-bvm/internal/parser/parser.go:2512.80,2513.19 1 0
github.com/ArubikU/polyloft-bvm/internal/parser/parser.go:2513.19,2515.3 1 0
github.com/ArubikU/polyloft-bvm/internal/parser/parser.go:2516.2,2517.91 2 0
github.com/ArubikU/polyloft-bvm/internal/parser/parser.go:2520.67,2521.155 1 0
github.com/ArubikU/polyloft-bvm/internal/parser/parser.go:2521.155,2523.3 1 0
github.com/ArubikU/polyloft-bvm/internal/parser/parser.go:2524.2,2525.91 2 0
github.com/ArubikU/polyloft-bvm/internal/parser/parser.go:2528.33,2529.29 1 0
github.com/ArubikU/polyloft-bvm/internal/parser/parser.go:2529.30,2530.3 0 0
github.com/ArubikU/polyloft-bvm/internal/parser/parser.go:2533.46,2534.17 1 0
github.com/ArubikU/polyloft-bvm/internal/parser/parser.go:2534.17,2536.3 1 0
github.com/ArubikU/polyloft-bvm/internal/parser/parser.go:2537.2,2537.30 1 0
github.com/ArubikU/polyloft-bvm/internal/parser/parser.go:2540.50,2541.30 1 0
github.com/ArubikU/polyloft-bvm/internal/parser/parser.go:2541.30,2543.3 1 0
github.com/ArubikU/polyloft-bvm/internal/parser/parser.go:2544.2,2544.39 1 0
github.com/ArubikU/polyloft-bvm/internal/parser/parser.go:2547.53,2548.29 1 0
github.com/ArubikU/polyloft-bvm/internal/parser/parser.go:2548.29,2549.20 1 0
github.com/ArubikU/polyloft-bvm/internal/parser/parser.go:2549.20,2551.4 1 0
github.com/ArubikU/polyloft-bvm/internal/parser/parser.go:2553.2,2553.14 1 0
github.com/ArubikU/polyloft-bvm/internal/parser/parser.go:2556.40,2557.18 1 0
github.com/ArubikU/polyloft-bvm/internal/parser/parser.go:2557.18,2559.3 1 0
github.com/ArubikU/polyloft-bvm/internal/parser/parser.go:2560.2,2560.21 1 0
github.com/ArubikU/polyloft-bvm/internal/parser/parser.go:2563.33,2565.2 1 0
github.com/ArubikU/polyloft-bvm/internal/parser/parser.go:2567.37,2569.2 1 0
github.com/ArubikU/polyloft-bvm/internal/parser/parser.go:2571.41,2573.2 1 0
